step,sim_time,pos_x,pos_y,heading,speed,reward,punishment,goal_distance,goal_reached,collided,time_step,fly_x,fly_y,fly_heading,fly_speed,state,satiety,food_collected,hazard_encounters,predator_kills,escapes,paradigm
1,0.02,15.002,15.0,0.0,0.1,0.0,0.0,134.6291201783626,0.0,0.0,1,15.002,15.0,0.0,0.1,WANDER,0.55,0,0,0,0,labyrinth
2,0.04,15.004000000000001,15.0,2.7105054312137615e-26,0.1,0.0,0.0,134.62741178526758,0.0,0.0,2,15.004000000000001,15.0,2.7105054312137615e-26,0.1,WANDER,0.55,0,0,0,0,labyrinth
3,0.06,15.006000000000002,15.0,8.00276728565863e-26,0.1,0.0,0.0,134.6257034002051,0.0,0.0,3,15.006000000000002,15.0,8.00276728565863e-26,0.1,WANDER,0.55,0,0,0,0,labyrinth
4,0.08,15.008000000000003,15.0,1.575415213323113e-25,0.1,0.0,0.0,134.62399502317558,0.0,0.0,4,15.008000000000003,15.0,1.575415213323113e-25,0.1,WANDER,0.55,0,0,0,0,labyrinth
5,0.1,15.010000000000003,15.0,2.5847851631757695e-25,0.1,0.0,0.0,134.6222866541792,0.0,0.0,5,15.010000000000003,15.0,2.5847851631757695e-25,0.1,WANDER,0.55,0,0,0,0,labyrinth
6,0.12,15.012000000000004,15.0,3.8172605835318013e-25,0.1,0.0,0.0,134.62057829321637,0.0,0.0,6,15.012000000000004,15.0,3.8172605835318013e-25,0.1,WANDER,0.55,0,0,0,0,labyrinth
7,0.14,15.014000000000005,15.0,5.262243964542297e-25,0.1,0.0,0.0,134.61886994028734,0.0,0.0,7,15.014000000000005,15.0,5.262243964542297e-25,0.1,WANDER,0.55,0,0,0,0,labyrinth
8,0.16,15.016000000000005,15.0,6.909641178076171e-25,0.1,0.0,0.0,134.61716159539245,0.0,0.0,8,15.016000000000005,15.0,6.909641178076171e-25,0.1,WANDER,0.55,0,0,0,0,labyrinth
9,0.18,15.018000000000006,15.0,8.749837567088563e-25,0.1,0.0,0.0,134.61545325853194,0.0,0.0,9,15.018000000000006,15.0,8.749837567088563e-25,0.1,WANDER,0.55,0,0,0,0,labyrinth
10,0.2,15.020000000000007,15.0,1.0773675170744241e-24,0.1,0.0,0.0,134.6137449297062,0.0,0.0,10,15.020000000000007,15.0,1.0773675170744241e-24,0.1,WANDER,0.55,0,0,0,0,labyrinth
11,0.22,15.022000000000007,15.0,1.297243103134765e-24,0.1,0.0,0.0,134.61203660891547,0.0,0.0,11,15.022000000000007,15.0,1.297243103134765e-24,0.1,WANDER,0.55,0,0,0,0,labyrinth
12,0.24,15.024000000000008,15.0,1.5337796531693774e-24,0.1,0.0,0.0,134.6103282961601,0.0,0.0,12,15.024000000000008,15.0,1.5337796531693774e-24,0.1,WANDER,0.55,0,0,0,0,labyrinth
13,0.26,15.026000000000009,15.0,1.786185771389483e-24,0.1,0.0,0.0,134.60861999144038,0.0,0.0,13,15.026000000000009,15.0,1.786185771389483e-24,0.1,WANDER,0.55,0,0,0,0,labyrinth
14,0.28,15.02800000000001,15.0,2.0537076533062718e-24,0.1,0.0,0.0,134.6069116947566,0.0,0.0,14,15.02800000000001,15.0,2.0537076533062718e-24,0.1,WANDER,0.55,0,0,0,0,labyrinth
15,0.3,15.03000000000001,15.0,2.3356273001441503e-24,0.1,0.0,0.0,134.6052034061091,0.0,0.0,15,15.03000000000001,15.0,2.3356273001441503e-24,0.1,WANDER,0.55,0,0,0,0,labyrinth
16,0.32,15.03200000000001,15.0,2.6312608180693672e-24,0.1,0.0,0.0,134.6034951254981,0.0,0.0,16,15.03200000000001,15.0,2.6312608180693672e-24,0.1,WANDER,0.55,0,0,0,0,labyrinth
17,0.34,15.034038553348646,15.0,2.939956798205274e-24,0.10192766743176698,0.0,0.0,134.60178685292405,0.0,0.0,17,15.034038553348646,15.0,2.939956798205274e-24,0.10192766743176698,WANDER,0.55,0,0,0,0,labyrinth
18,0.36,15.036248374327581,15.0,3.2339897192847255e-24,0.11049104894671768,0.0,0.0,134.60004565880698,0.0,0.0,18,15.036248374327581,15.0,3.2339897192847255e-24,0.11049104894671768,WANDER,0.55,0,0,0,0,labyrinth
19,0.38,15.038632220174566,15.0,3.514056076612903e-24,0.11919229234927309,0.0,0.0,134.59815818891911,0.0,0.0,19,15.038632220174566,15.0,3.514056076612903e-24,0.11919229234927309,WANDER,0.55,0,0,0,0,labyrinth
20,0.4,15.041145309282925,15.0,3.753714227655854e-24,0.1256544554179587,0.0,0.0,134.59612209052787,0.0,0.0,20,15.041145309282925,15.0,3.753714227655854e-24,0.1256544554179587,WANDER,0.55,0,0,0,0,labyrinth
21,0.42,15.043703872857884,15.0,3.9819886165242655e-24,0.12792817874796367,0.0,0.0,134.59397561481495,0.0,0.0,21,15.043703872857884,15.0,3.9819886165242655e-24,0.12792817874796367,WANDER,0.55,0,0,0,0,labyrinth
22,0.44,15.046200428671558,15.0,4.226525026233565e-24,0.12482779068365926,0.0,0.0,134.5917903115609,0.0,0.0,22,15.046200428671558,15.0,4.226525026233565e-24,0.12482779068365926,WANDER,0.55,0,0,0,0,labyrinth
23,0.46,15.048646149361957,15.0,4.459445956481672e-24,0.12228603452000837,0.0,0.0,134.58965798264424,0.0,0.0,23,15.048646149361957,15.0,4.459445956481672e-24,0.12228603452000837,WANDER,0.55,0,0,0,0,labyrinth
24,0.48,15.05114728832927,15.0,4.681303142542994e-24,0.12505694836562184,0.0,0.0,134.58756908457258,0.0,0.0,24,15.05114728832927,15.0,4.681303142542994e-24,0.12505694836562184,WANDER,0.55,0,0,0,0,labyrinth
25,0.5,15.05377662643531,15.0,4.8655170579542666e-24,0.13146690530195337,0.0,0.0,134.5854328660029,0.0,0.0,25,15.05377662643531,15.0,4.8655170579542666e-24,0.13146690530195337,WANDER,0.55,0,0,0,0,labyrinth
26,0.52,15.056561935168707,15.0,5.068085866695641e-24,0.13926543666983973,0.0,0.0,134.58318716632263,0.0,0.0,26,15.056561935168707,15.0,5.068085866695641e-24,0.13926543666983973,WANDER,0.55,0,0,0,0,labyrinth
27,0.54,15.059482194305588,15.0,5.2610326570218e-24,0.1460129568440415,0.0,0.0,134.58080826835493,0.0,0.0,27,15.059482194305588,15.0,5.2610326570218e-24,0.1460129568440415,WANDER,0.55,0,0,0,0,labyrinth
28,0.56,15.0624722196837,15.0,5.553234692056017e-24,0.14950126890564616,0.0,0.0,134.57831412765265,0.0,0.0,28,15.0624722196837,15.0,5.553234692056017e-24,0.14950126890564616,WANDER,0.55,0,0,0,0,labyrinth
29,0.58,15.065434899663217,15.0,5.8857672390503834e-24,0.14813399897585813,0.0,0.0,134.57576041862436,0.0,0.0,29,15.065434899663217,15.0,5.8857672390503834e-24,0.14813399897585813,WANDER,0.55,0,0,0,0,labyrinth
30,0.6,15.068269597460864,15.0,6.202504490062518e-24,0.14173488988238242,0.0,0.0,134.57323008237393,0.0,0.0,30,15.068269597460864,15.0,6.202504490062518e-24,0.14173488988238242,WANDER,0.55,0,0,0,0,labyrinth
31,0.62,15.071093683544662,15.0,6.5041967216515756e-24,0.14120430418995164,0.0,0.0,134.5708090683932,0.0,0.0,31,15.071093683544662,15.0,6.5041967216515756e-24,0.14120430418995164,WANDER,0.55,0,0,0,0,labyrinth
32,0.64,15.073998973862995,15.0,6.737348463615877e-24,0.14526451591662776,0.0,0.0,134.5683971335639,0.0,0.0,32,15.073998973862995,15.0,6.737348463615877e-24,0.14526451591662776,WANDER,0.55,0,0,0,0,labyrinth
33,0.66,15.07703705609834,15.0,7.01363560646115e-24,0.15190411176725227,0.0,0.0,134.56591586230013,0.0,0.0,33,15.07703705609834,15.0,7.01363560646115e-24,0.15190411176725227,WANDER,0.55,0,0,0,0,labyrinth
34,0.68,15.080211532825896,15.0,7.276799110021274e-24,0.15872383637775764,0.0,0.0,134.56332119788584,0.0,0.0,34,15.080211532825896,15.0,7.276799110021274e-24,0.15872383637775764,WANDER,0.55,0,0,0,0,labyrinth
35,0.7000000000000001,15.08347852630592,15.0,7.473252238538015e-24,0.16334967400114503,0.0,0.0,134.56061006602206,0.0,0.0,35,15.08347852630592,15.0,7.473252238538015e-24,0.16334967400114503,WANDER,0.55,0,0,0,0,labyrinth
36,0.72,15.08675535818649,15.0,7.606163734825936e-24,0.16384159402858375,0.0,0.0,134.55781994226123,0.0,0.0,36,15.08675535818649,15.0,7.606163734825936e-24,0.16384159402858375,WANDER,0.55,0,0,0,0,labyrinth
37,0.74,15.089935901543132,15.0,7.732761935040181e-24,0.15902716783212045,0.0,0.0,134.55502143773484,0.0,0.0,37,15.089935901543132,15.0,7.732761935040181e-24,0.15902716783212045,WANDER,0.55,0,0,0,0,labyrinth
38,0.76,15.093036693684049,15.0,7.85334672074425e-24,0.1550396070458523,0.0,0.0,134.55230518691036,0.0,0.0,38,15.093036693684049,15.0,7.85334672074425e-24,0.1550396070458523,WANDER,0.55,0,0,0,0,labyrinth
39,0.78,15.096164880326588,15.0,7.968203729127375e-24,0.15640933212699426,0.0,0.0,134.5496570648883,0.0,0.0,39,15.096164880326588,15.0,7.968203729127375e-24,0.15640933212699426,WANDER,0.55,0,0,0,0,labyrinth
40,0.8,15.099393863294562,15.0,8.131815138236576e-24,0.16144914839865399,0.0,0.0,134.54698556715826,0.0,0.0,40,15.099393863294562,15.0,8.131815138236576e-24,0.16144914839865399,WANDER,0.55,0,0,0,0,labyrinth
41,0.8200000000000001,15.102751894430954,15.0,8.28765500541309e-24,0.16790155681956584,0.0,0.0,134.5442280091655,0.0,0.0,41,15.102751894430954,15.0,8.28765500541309e-24,0.16790155681956584,WANDER,0.55,0,0,0,0,labyrinth
42,0.84,15.106218432565646,15.0,8.490302587522996e-24,0.17332690673460535,0.0,0.0,134.54136026602635,0.0,0.0,42,15.106218432565646,15.0,8.490302587522996e-24,0.17332690673460535,WANDER,0.55,0,0,0,0,labyrinth
43,0.86,15.10972889543279,15.0,8.683324409482681e-24,0.17552314335723554,0.0,0.0,134.53839988220955,0.0,0.0,43,15.10972889543279,15.0,8.683324409482681e-24,0.17552314335723554,WANDER,0.55,0,0,0,0,labyrinth
44,0.88,15.11318698502684,15.0,8.867177694899281e-24,0.1729044797025123,0.0,0.0,134.53540201181602,0.0,0.0,44,15.11318698502684,15.0,8.867177694899281e-24,0.1729044797025123,WANDER,0.55,0,0,0,0,labyrinth
45,0.9,15.116496467857962,15.0,9.042297949258593e-24,0.1654741415561269,0.0,0.0,134.53244889147527,0.0,0.0,45,15.116496467857962,15.0,9.042297949258593e-24,0.1654741415561269,WANDER,0.55,0,0,0,0,labyrinth
46,0.92,15.119775416225194,15.0,9.209099991535837e-24,0.16394741836159984,0.0,0.0,134.529622700057,0.0,0.0,46,15.119775416225194,15.0,9.209099991535837e-24,0.16394741836159984,WANDER,0.55,0,0,0,0,labyrinth
47,0.9400000000000001,15.123116080003546,15.0,9.367978936804912e-24,0.16703318891764382,0.0,0.0,134.52682260582287,0.0,0.0,47,15.123116080003546,15.0,9.367978936804912e-24,0.16703318891764382,WANDER,0.55,0,0,0,0,labyrinth
48,0.96,15.126570313861253,15.0,9.627731349422256e-24,0.17271169288532395,0.0,0.0,134.5239698312845,0.0,0.0,48,15.126570313861253,15.0,9.627731349422256e-24,0.17271169288532395,WANDER,0.55,0,0,0,0,labyrinth
49,0.98,15.130141938358602,15.0,9.820935413816001e-24,0.17858122486744218,0.0,0.0,134.52102009669812,0.0,0.0,49,15.130141938358602,15.0,9.820935413816001e-24,0.17858122486744218,WANDER,0.55,0,0,0,0,labyrinth
50,1.0,15.133787358975905,15.0,1.0004962285151044e-23,0.18227103086519825,0.0,0.0,134.5179701419169,0.0,0.0,50,15.133787358975905,15.0,1.0004962285151044e-23,0.18227103086519825,WANDER,0.55,0,0,0,0,labyrinth
51,1.02,15.137424337366888,15.0,1.0126037771473397e-23,0.18184891954910706,0.0,0.0,134.5148571961215,0.0,0.0,51,15.137424337366888,15.0,1.0126037771473397e-23,0.18184891954910706,WANDER,0.55,0,0,0,0,labyrinth
52,1.04,15.140947397771887,15.0,1.0241362172195438e-23,0.17615302024999768,0.0,0.0,134.51175148608434,0.0,0.0,52,15.140947397771887,15.0,1.0241362172195438e-23,0.17615302024999768,WANDER,0.55,0,0,0,0,labyrinth
53,1.06,15.144376637894847,15.0,1.0351208663883182e-23,0.17146200614798962,0.0,0.0,134.50874307895901,0.0,0.0,53,15.144376637894847,15.0,1.0351208663883182e-23,0.17146200614798962,WANDER,0.55,0,0,0,0,labyrinth
54,1.08,15.14781953226729,15.0,1.0455837447215758e-23,0.17214471862216182,0.0,0.0,134.50581481072763,0.0,0.0,54,15.14781953226729,15.0,1.0455837447215758e-23,0.17214471862216182,WANDER,0.55,0,0,0,0,labyrinth
55,1.1,15.151349633207955,15.0,1.0555496363340037e-23,0.17650504703324954,0.0,0.0,134.5028749067939,0.0,0.0,55,15.151349633207955,15.0,1.0555496363340037e-23,0.17650504703324954,WANDER,0.55,0,0,0,0,labyrinth
56,1.12,15.154995260128086,15.0,1.0650421480948412e-23,0.18228134600650553,0.0,0.0,134.49986056153978,0.0,0.0,56,15.154995260128086,15.0,1.0650421480948412e-23,0.18228134600650553,WANDER,0.55,0,0,0,0,labyrinth
57,1.1400000000000001,15.158735956703312,15.0,1.0686627546846114e-23,0.1870348287613565,0.0,0.0,134.49674759525303,0.0,0.0,57,15.158735956703312,15.0,1.0686627546846114e-23,0.1870348287613565,WANDER,0.55,0,0,0,0,labyrinth
58,1.16,15.162507330691406,15.0,1.0721113824613677e-23,0.18856869940472373,0.0,0.0,134.49355347771203,0.0,0.0,58,15.162507330691406,15.0,1.0721113824613677e-23,0.18856869940472373,WANDER,0.55,0,0,0,0,labyrinth
59,1.18,15.166213440389,15.0,1.0753962004187279e-23,0.1853054848797513,0.0,0.0,134.4903331937783,0.0,0.0,59,15.166213440389,15.0,1.0753962004187279e-23,0.1853054848797513,WANDER,0.55,0,0,0,0,labyrinth
60,1.2,15.169760964676565,15.0,1.0839460003855411e-23,0.17737621437817136,0.0,0.0,134.48716866533513,0.0,0.0,60,15.169760964676565,15.0,1.0839460003855411e-23,0.17737621437817136,WANDER,0.55,0,0,0,0,labyrinth
61,1.22,15.173268253973301,15.0,1.0920896848539307e-23,0.17536446483681967,0.0,0.0,134.4841395738156,0.0,0.0,61,15.173268253973301,15.0,1.0920896848539307e-23,0.17536446483681967,WANDER,0.55,0,0,0,0,labyrinth
62,1.24,15.176827659748156,15.0,1.1052675551724993e-23,0.17797028874276183,0.0,0.0,134.4811448622965,0.0,0.0,62,15.176827659748156,15.0,1.1052675551724993e-23,0.17797028874276183,WANDER,0.55,0,0,0,0,labyrinth
63,1.26,15.180491035149839,15.0,1.1232404875133633e-23,0.18316877008417098,0.0,0.0,134.47810567627423,0.0,0.0,63,15.180491035149839,15.0,1.1232404875133633e-23,0.18316877008417098,WANDER,0.55,0,0,0,0,labyrinth
64,1.28,15.184262179937432,15.0,1.1457807164304639e-23,0.18855723937968996,0.0,0.0,134.4749777428102,0.0,0.0,64,15.184262179937432,15.0,1.1457807164304639e-23,0.18855723937968996,WANDER,0.55,0,0,0,0,labyrinth
65,1.3,15.18809753898345,15.0,1.1672502844740021e-23,0.191767952300943,0.0,0.0,134.47175781986843,0.0,0.0,65,15.18809753898345,15.0,1.1672502844740021e-23,0.191767952300943,WANDER,0.55,0,0,0,0,labyrinth
66,1.32,15.191915035207824,15.0,1.1877000480354724e-23,0.19087481121867916,0.0,0.0,134.46848309815195,0.0,0.0,66,15.191915035207824,15.0,1.1877000480354724e-23,0.19087481121867916,WANDER,0.55,0,0,0,0,labyrinth
67,1.34,15.195609510285864,15.0,1.2017574369653453e-23,0.18472375390198464,0.0,0.0,134.4652236575797,0.0,0.0,67,15.195609510285864,15.0,1.2017574369653453e-23,0.18472375390198464,WANDER,0.55,0,0,0,0,labyrinth
68,1.36,15.199203364797263,15.0,1.2151470999210492e-23,0.17969272556990992,0.0,0.0,134.46206928243654,0.0,0.0,68,15.199203364797263,15.0,1.2151470999210492e-23,0.17969272556990992,WANDER,0.55,0,0,0,0,labyrinth
69,1.3800000000000001,15.202804160647924,15.0,1.2224797430239297e-23,0.1800397925330671,0.0,0.0,134.4590008444105,0.0,0.0,69,15.202804160647924,15.0,1.2224797430239297e-23,0.1800397925330671,WANDER,0.55,0,0,0,0,labyrinth
70,1.4000000000000001,15.206485427451536,15.0,1.2294640855794233e-23,0.18406334018058532,0.0,0.0,134.45592650596905,0.0,0.0,70,15.206485427451536,15.0,1.2294640855794233e-23,0.18406334018058532,WANDER,0.55,0,0,0,0,labyrinth
71,1.42,15.210275418620869,15.0,1.236116671863531e-23,0.18949955846660035,0.0,0.0,134.45278348891813,0.0,0.0,71,15.210275418620869,15.0,1.236116671863531e-23,0.18949955846660035,WANDER,0.55,0,0,0,0,labyrinth
72,1.44,15.214153636482074,15.0,1.2424532602991436e-23,0.19391089306020368,0.0,0.0,134.44954767297983,0.0,0.0,72,15.214153636482074,15.0,1.2424532602991436e-23,0.19391089306020368,WANDER,0.55,0,0,0,0,labyrinth
73,1.46,15.21805572948094,15.0,1.2484888607840645e-23,0.19510464994329624,0.0,0.0,134.4462365608987,0.0,0.0,73,15.21805572948094,15.0,1.2484888607840645e-23,0.19510464994329624,WANDER,0.55,0,0,0,0,labyrinth
74,1.48,15.2218859161235,15.0,1.2542377702459517e-23,0.19150933212800192,0.0,0.0,134.44290509551087,0.0,0.0,74,15.2218859161235,15.0,1.2542377702459517e-23,0.19150933212800192,WANDER,0.55,0,0,0,0,labyrinth
75,1.5,15.225552700459819,15.0,1.2597136065083992e-23,0.18333921681594503,0.0,0.0,134.43963505101974,0.0,0.0,75,15.225552700459819,15.0,1.2597136065083992e-23,0.18333921681594503,WANDER,0.55,0,0,0,0,labyrinth
76,1.52,15.229174525070826,15.0,1.2649293405483805e-23,0.1810912305504131,0.0,0.0,134.43650453993115,0.0,0.0,76,15.229174525070826,15.0,1.2649293405483805e-23,0.1810912305504131,WANDER,0.55,0,0,0,0,labyrinth
77,1.54,15.232843728007445,15.0,1.2807393489463178e-23,0.1834601468309861,0.0,0.0,134.4334124397527,0.0,0.0,77,15.232843728007445,15.0,1.2807393489463178e-23,0.1834601468309861,WANDER,0.55,0,0,0,0,labyrinth
78,1.56,15.23661209389566,15.0,1.2957983819453531e-23,0.18841829441074034,0.0,0.0,134.43027991773266,0.0,0.0,78,15.23661209389566,15.0,1.2957983819453531e-23,0.18841829441074034,WANDER,0.55,0,0,0,0,labyrinth
79,1.58,15.240483353876316,15.0,1.3101421108769342e-23,0.19356299903279164,0.0,0.0,134.42706276522958,0.0,0.0,79,15.240483353876316,15.0,1.3101421108769342e-23,0.19356299903279164,WANDER,0.55,0,0,0,0,labyrinth
80,1.6,15.244413933720692,15.0,1.3183835018218376e-23,0.19652899221881878,0.0,0.0,134.4237577991775,0.0,0.0,80,15.244413933720692,15.0,1.3183835018218376e-23,0.19652899221881878,WANDER,0.55,0,0,0,0,labyrinth
81,1.62,15.248321822543856,15.0,1.3316544375592857e-23,0.19539444115819932,0.0,0.0,134.42040222159446,0.0,0.0,81,15.248321822543856,15.0,1.3316544375592857e-23,0.19539444115819932,WANDER,0.55,0,0,0,0,labyrinth
82,1.6400000000000001,15.252102030260575,15.0,1.3388739929867775e-23,0.18901038583597835,0.0,0.0,134.41706604647516,0.0,0.0,82,15.252102030260575,15.0,1.3388739929867775e-23,0.18901038583597835,WANDER,0.55,0,0,0,0,labyrinth
83,1.6600000000000001,15.255778295182983,15.0,1.3457506195314634e-23,0.18381324612041927,0.0,0.0,134.4138389023754,0.0,0.0,83,15.255778295182983,15.0,1.3457506195314634e-23,0.18381324612041927,WANDER,0.55,0,0,0,0,labyrinth
84,1.68,15.259458184712553,15.0,1.352300606315277e-23,0.183994476478458,0.0,0.0,134.4107005213655,0.0,0.0,84,15.259458184712553,15.0,1.352300606315277e-23,0.183994476478458,WANDER,0.55,0,0,0,0,labyrinth
85,1.7,15.263215178514368,15.0,1.3585394687268592e-23,0.1878496900907825,0.0,0.0,134.40755907338593,0.0,0.0,85,15.263215178514368,15.0,1.3585394687268592e-23,0.1878496900907825,WANDER,0.55,0,0,0,0,labyrinth
86,1.72,15.267077466666853,15.0,1.3590609743114637e-23,0.19311440762426932,0.0,0.0,134.40435183122568,0.0,0.0,86,15.267077466666853,15.0,1.3590609743114637e-23,0.19311440762426932,WANDER,0.55,0,0,0,0,labyrinth
87,1.74,15.271024514513671,15.0,1.3595577083807993e-23,0.19735239234095026,0.0,0.0,134.40105473187265,0.0,0.0,87,15.271024514513671,15.0,1.3595577083807993e-23,0.19735239234095026,WANDER,0.55,0,0,0,0,labyrinth
88,1.76,15.274991990356249,15.0,1.3600308475818417e-23,0.1983737921288905,0.0,0.0,134.39768530726013,0.0,0.0,88,15.274991990356249,15.0,1.3600308475818417e-23,0.1983737921288905,WANDER,0.55,0,0,0,0,labyrinth
89,1.78,15.278884205925397,15.0,1.3659025235332622e-23,0.19461077845739827,0.0,0.0,134.3942984758387,0.0,0.0,89,15.278884205925397,15.0,1.3659025235332622e-23,0.19461077845739827,WANDER,0.55,0,0,0,0,labyrinth
90,1.8,15.282610623361593,15.0,1.37149529487699e-23,0.18632087180984605,0.0,0.0,134.39097592114388,0.0,0.0,90,15.282610623361593,15.0,1.37149529487699e-23,0.18632087180984605,WANDER,0.55,0,0,0,0,labyrinth
91,1.82,15.286289709452518,15.0,1.3768224095818908e-23,0.18395430454624978,0.0,0.0,134.38779492718552,0.0,0.0,91,15.286289709452518,15.0,1.3768224095818908e-23,0.18395430454624978,WANDER,0.55,0,0,0,0,labyrinth
92,1.84,15.290013780110133,15.0,1.3873174972007364e-23,0.18620353288071267,0.0,0.0,134.384654364342,0.0,0.0,92,15.290013780110133,15.0,1.3873174972007364e-23,0.18620353288071267,WANDER,0.55,0,0,0,0,labyrinth
93,1.86,15.293834581935931,15.0,1.3973140681576868e-23,0.1910400912899065,0.0,0.0,134.38147542934377,0.0,0.0,93,15.293834581935931,15.0,1.3973140681576868e-23,0.1910400912899065,WANDER,0.55,0,0,0,0,labyrinth
94,1.8800000000000001,15.29775582157839,15.0,1.4122568128566094e-23,0.19606198212294698,0.0,0.0,134.37821395195087,0.0,0.0,94,15.29775582157839,15.0,1.4122568128566094e-23,0.19606198212294698,WANDER,0.55,0,0,0,0,labyrinth
95,1.9000000000000001,15.301733936658188,15.0,1.4264897771823333e-23,0.1989057539899377,0.0,0.0,134.37486677041304,0.0,0.0,95,15.301733936658188,15.0,1.4264897771823333e-23,0.1989057539899377,WANDER,0.55,0,0,0,0,labyrinth
96,1.92,15.305686977075256,15.0,1.434625664840158e-23,0.19765202085339506,0.0,0.0,134.37147107156767,0.0,0.0,96,15.305686977075256,15.0,1.434625664840158e-23,0.19765202085339506,WANDER,0.55,0,0,0,0,labyrinth
97,1.94,15.30951006321438,15.0,1.4369540869718083e-23,0.1911543069561996,0.0,0.0,134.36809680798729,0.0,0.0,97,15.30951006321438,15.0,1.4369540869718083e-23,0.1911543069561996,WANDER,0.55,0,0,0,0,labyrinth
98,1.96,15.313227470541207,15.0,1.4391719090522053e-23,0.18587036634129697,0.0,0.0,134.36483350170136,0.0,0.0,98,15.313227470541207,15.0,1.4391719090522053e-23,0.18587036634129697,WANDER,0.55,0,0,0,0,labyrinth
99,1.98,15.316946768041056,15.0,1.4412843845837835e-23,0.1859648749924406,0.0,0.0,134.3616604289476,0.0,0.0,99,15.316946768041056,15.0,1.4412843845837835e-23,0.1859648749924406,WANDER,0.55,0,0,0,0,labyrinth
100,2.0,15.320741428159849,15.0,1.4378755066651842e-23,0.18973300593964648,0.0,0.0,134.35848577073327,0.0,0.0,100,15.320741428159849,15.0,1.4378755066651842e-23,0.18973300593964648,WANDER,0.55,0,0,0,0,labyrinth
101,2.02,15.32463964479944,15.0,1.4400495613101458e-23,0.19491083197951709,0.0,0.0,134.35524681450656,0.0,0.0,101,15.32463964479944,15.0,1.4400495613101458e-23,0.19491083197951709,WANDER,0.55,0,0,0,0,labyrinth
102,2.04,15.328620912441624,15.0,1.4421203483594716e-23,0.1990633821092155,0.0,0.0,134.35191949724833,0.0,0.0,102,15.328620912441624,15.0,1.4421203483594716e-23,0.1990633821092155,WANDER,0.55,0,0,0,0,labyrinth
103,2.06,15.332620959967748,15.0,1.4440927730239545e-23,0.20000237630624187,0.0,0.0,134.34852132361755,0.0,0.0,103,15.332620959967748,15.0,1.4440927730239545e-23,0.20000237630624187,WANDER,0.55,0,0,0,0,labyrinth
104,2.08,15.336544188337736,15.0,1.451392518379302e-23,0.19616141849938978,0.0,0.0,134.3451071528488,0.0,0.0,104,15.336544188337736,15.0,1.451392518379302e-23,0.19616141849938978,WANDER,0.55,0,0,0,0,labyrinth
105,2.1,15.340300278567499,15.0,1.452924514967843e-23,0.1878045114880812,0.0,0.0,134.34175858113895,0.0,0.0,105,15.340300278567499,15.0,1.452924514967843e-23,0.1878045114880812,WANDER,0.55,0,0,0,0,labyrinth
106,2.12,15.344007711465785,15.0,1.4543837417184283e-23,0.18537164491436703,0.0,0.0,134.33855269508106,0.0,0.0,106,15.344007711465785,15.0,1.4543837417184283e-23,0.18537164491436703,WANDER,0.55,0,0,0,0,labyrinth
107,2.14,15.34775882270883,15.0,1.4557736551983606e-23,0.18755556215219016,0.0,0.0,134.3353883668351,0.0,0.0,107,15.34775882270883,15.0,1.4557736551983606e-23,0.18755556215219016,WANDER,0.55,0,0,0,0,labyrinth
108,2.16,15.351605396732124,15.0,1.451676536925569e-23,0.19232870116469614,0.0,0.0,134.33218678699362,0.0,0.0,108,15.351605396732124,15.0,1.451676536925569e-23,0.19232870116469614,WANDER,0.55,0,0,0,0,labyrinth
109,2.18,15.355551202105886,15.0,1.4531950426331622e-23,0.19729026868810393,0.0,0.0,134.32890375904444,0.0,0.0,109,15.355551202105886,15.0,1.4531950426331622e-23,0.19729026868810393,WANDER,0.55,0,0,0,0,labyrinth
110,2.2,15.359552760892175,15.0,1.454641419319645e-23,0.20007793931444554,0.0,0.0,134.3255360688092,0.0,0.0,110,15.359552760892175,15.0,1.454641419319645e-23,0.20007793931444554,WANDER,0.55,0,0,0,0,labyrinth
111,2.22,15.36352822102443,15.0,1.4560190931135195e-23,0.19877300661277156,0.0,0.0,134.3221208259558,0.0,0.0,111,15.36352822102443,15.0,1.4560190931135195e-23,0.19877300661277156,WANDER,0.55,0,0,0,0,labyrinth
112,2.24,15.367372800576284,15.0,1.4573313274021852e-23,0.19222897759274105,0.0,0.0,134.31872788979155,0.0,0.0,112,15.367372800576284,15.0,1.4573313274021852e-23,0.19222897759274105,WANDER,0.55,0,0,0,0,labyrinth
113,2.2600000000000002,15.371110611480038,15.0,1.4585812305621392e-23,0.18689054518767226,0.0,0.0,134.31544668667883,0.0,0.0,113,15.371110611480038,15.0,1.4585812305621392e-23,0.18689054518767226,WANDER,0.55,0,0,0,0,labyrinth
114,2.2800000000000002,15.374849257299221,15.0,1.4597717633219955e-23,0.186932290959136,0.0,0.0,134.31225663522127,0.0,0.0,114,15.374849257299221,15.0,1.4597717633219955e-23,0.186932290959136,WANDER,0.55,0,0,0,0,labyrinth
115,2.3000000000000003,15.378662277885278,15.0,1.4609057457757585e-23,0.1906510293027909,0.0,0.0,134.30906589946517,0.0,0.0,115,15.378662277885278,15.0,1.4609057457757585e-23,0.1906510293027909,WANDER,0.55,0,0,0,0,labyrinth
116,2.32,15.382577966816822,15.0,1.4674068749253952e-23,0.19578444657723248,0.0,0.0,134.30581171791144,0.0,0.0,116,15.382577966816822,15.0,1.4674068749253952e-23,0.19578444657723248,WANDER,0.55,0,0,0,0,labyrinth
117,2.34,15.386575941335387,15.0,1.479020211302852e-23,0.19989872592827707,0.0,0.0,134.30246994576393,0.0,0.0,117,15.386575941335387,15.0,1.479020211302852e-23,0.19989872592827707,WANDER,0.55,0,0,0,0,labyrinth
118,2.36,15.390592059614042,15.0,1.4846609033399517e-23,0.2008059139326985,0.0,0.0,134.29905798050586,0.0,0.0,118,15.390592059614042,15.0,1.4846609033399517e-23,0.2008059139326985,WANDER,0.55,0,0,0,0,labyrinth
119,2.38,15.394530837943314,15.0,1.4900336625052895e-23,0.19693891646361225,0.0,0.0,134.29563056349156,0.0,0.0,119,15.394530837943314,15.0,1.4900336625052895e-23,0.19693891646361225,WANDER,0.55,0,0,0,0,labyrinth
120,2.4,15.398301518278247,15.0,1.4951512156102736e-23,0.1885340167466316,0.0,0.0,134.29226918127168,0.0,0.0,120,15.398301518278247,15.0,1.4951512156102736e-23,0.1885340167466316,WANDER,0.55,0,0,0,0,labyrinth
121,2.42,15.402022612681925,15.0,1.5054466958051985e-23,0.1860547201839496,0.0,0.0,134.28905128451638,0.0,0.0,121,15.402022612681925,15.0,1.5054466958051985e-23,0.1860547201839496,WANDER,0.55,0,0,0,0,labyrinth
122,2.44,15.405786541152427,15.0,1.509832129828437e-23,0.18819642352508775,0.0,0.0,134.28587573257386,0.0,0.0,122,15.405786541152427,15.0,1.509832129828437e-23,0.18819642352508775,WANDER,0.55,0,0,0,0,labyrinth
123,2.46,15.409645221022824,15.0,1.5140092557355715e-23,0.19293399351988427,0.0,0.0,134.28266365488855,0.0,0.0,123,15.409645221022824,15.0,1.5140092557355715e-23,0.19293399351988427,WANDER,0.55,0,0,0,0,labyrinth
124,2.48,15.413602586824336,15.0,1.507145946437262e-23,0.19786829007560355,0.0,0.0,134.27937074760163,0.0,0.0,124,15.413602586824336,15.0,1.507145946437262e-23,0.19786829007560355,WANDER,0.55,0,0,0,0,labyrinth
125,2.5,15.417615335263736,15.0,1.50602965519305e-23,0.2006374219700729,0.0,0.0,134.27599365534493,0.0,0.0,125,15.417615335263736,15.0,1.50602965519305e-23,0.2006374219700729,WANDER,0.55,0,0,0,0,labyrinth
126,2.52,15.421601768876323,15.0,1.504966387782938e-23,0.19932168062931532,0.0,0.0,134.2725693336416,0.0,0.0,126,15.421601768876323,15.0,1.504966387782938e-23,0.19932168062931532,WANDER,0.55,0,0,0,0,labyrinth
127,2.54,15.425457212524652,15.0,1.5147956472996615e-23,0.1927721824164125,0.0,0.0,134.26916750024915,0.0,0.0,127,15.425457212524652,15.0,1.5147956472996615e-23,0.1927721824164125,WANDER,0.55,0,0,0,0,labyrinth
128,2.56,15.429204981023839,15.0,1.529579027851768e-23,0.18738842495935565,0.0,0.0,134.26587747808085,0.0,0.0,128,15.429204981023839,15.0,1.529579027851768e-23,0.18738842495935565,WANDER,0.55,0,0,0,0,labyrinth
129,2.58,15.432952761773477,15.0,1.5436601978276496e-23,0.18738903748189356,0.0,0.0,134.2626793687667,0.0,0.0,129,15.432952761773477,15.0,1.5436601978276496e-23,0.18738903748189356,WANDER,0.55,0,0,0,0,labyrinth
130,2.6,15.436774249396453,15.0,1.5570725122296767e-23,0.19107438114884,0.0,0.0,134.2594812774354,0.0,0.0,130,15.436774249396453,15.0,1.5570725122296767e-23,0.19107438114884,WANDER,0.55,0,0,0,0,labyrinth
131,2.62,15.440697943737144,15.0,1.56442673083518e-23,0.19618471703452273,0.0,0.0,134.25622031914855,0.0,0.0,131,15.440697943737144,15.0,1.56442673083518e-23,0.19618471703452273,WANDER,0.55,0,0,0,0,labyrinth
132,2.64,15.44470368870895,15.0,1.571431624056922e-23,0.20028724859029456,0.0,0.0,134.25287217641963,0.0,0.0,132,15.44470368870895,15.0,1.571431624056922e-23,0.20028724859029456,WANDER,0.55,0,0,0,0,labyrinth
133,2.66,15.4487275519743,15.0,1.5781037848506312e-23,0.2011931632675554,0.0,0.0,134.2494540509111,0.0,0.0,133,15.4487275519743,15.0,1.5781037848506312e-23,0.2011931632675554,WANDER,0.55,0,0,0,0,labyrinth
134,2.68,15.45267420498108,15.0,1.5898800288690667e-23,0.19733265033890376,0.0,0.0,134.24602049767364,0.0,0.0,134,15.45267420498108,15.0,1.5898800288690667e-23,0.19733265033890376,WANDER,0.55,0,0,0,0,labyrinth
135,2.7,15.456451850394403,15.0,1.6010969012966266e-23,0.18888227066618482,0.0,0.0,134.2426528596266,0.0,0.0,135,15.456451850394403,15.0,1.6010969012966266e-23,0.18888227066618482,WANDER,0.55,0,0,0,0,labyrinth
136,2.72,15.4601790608668,15.0,1.6117809722838773e-23,0.18636052361985064,0.0,0.0,134.23942946355595,0.0,0.0,136,15.4601790608668,15.0,1.6117809722838773e-23,0.18636052361985064,WANDER,0.55,0,0,0,0,labyrinth
137,2.74,15.463948413752837,15.0,1.6219575498992337e-23,0.18846764430188323,0.0,0.0,134.23624913103276,0.0,0.0,137,15.463948413752837,15.0,1.6219575498992337e-23,0.18846764430188323,WANDER,0.55,0,0,0,0,labyrinth
138,2.7600000000000002,15.467812060489104,15.0,1.6316507400778604e-23,0.19318233681340122,0.0,0.0,134.2330328680965,0.0,0.0,138,15.467812060489104,15.0,1.6316507400778604e-23,0.19318233681340122,WANDER,0.55,0,0,0,0,labyrinth
139,2.7800000000000002,15.471774210815921,15.0,1.64630451458543e-23,0.19810751634089085,0.0,0.0,134.22973617723997,0.0,0.0,139,15.471774210815921,15.0,1.64630451458543e-23,0.19810751634089085,WANDER,0.55,0,0,0,0,labyrinth
140,2.8000000000000003,15.475791832233185,15.0,1.66026223480389e-23,0.20088107086319626,0.0,0.0,134.22635546873173,0.0,0.0,140,15.475791832233185,15.0,1.66026223480389e-23,0.20088107086319626,WANDER,0.55,0,0,0,0,labyrinth
141,2.82,15.479783446165978,15.0,1.6681359524495458e-23,0.1995806966396768,0.0,0.0,134.2229274619429,0.0,0.0,141,15.479783446165978,15.0,1.6681359524495458e-23,0.1995806966396768,WANDER,0.55,0,0,0,0,labyrinth
142,2.84,15.483644503836276,15.0,1.675635668507033e-23,0.1930528835148787,0.0,0.0,134.2195216782456,0.0,0.0,142,15.483644503836276,15.0,1.675635668507033e-23,0.1930528835148787,WANDER,0.55,0,0,0,0,labyrinth
143,2.86,15.48739693948343,15.0,1.688200158914217e-23,0.18762178235775914,0.0,0.0,134.21622732040916,0.0,0.0,143,15.48739693948343,15.0,1.688200158914217e-23,0.18762178235775914,WANDER,0.55,0,0,0,0,labyrinth
144,2.88,15.491148579437416,15.0,1.7001678360270595e-23,0.18758199769930664,0.0,0.0,134.21302567074267,0.0,0.0,144,15.491148579437416,15.0,1.7001678360270595e-23,0.18758199769930664,WANDER,0.55,0,0,0,0,labyrinth
145,2.9,15.494973363611637,15.0,1.711567048477042e-23,0.19123920871102285,0.0,0.0,134.20982472850667,0.0,0.0,145,15.494973363611637,15.0,1.711567048477042e-23,0.19123920871102285,WANDER,0.55,0,0,0,0,labyrinth
146,2.92,15.498900106479077,15.0,1.706161765748368e-23,0.19633714337200125,0.0,0.0,134.20656140815177,0.0,0.0,146,15.498900106479077,15.0,1.706161765748368e-23,0.19633714337200125,WANDER,0.55,0,0,0,0,labyrinth
147,2.94,15.50290898438442,15.0,1.7010132339493058e-23,0.20044389526719208,0.0,0.0,134.20321112710403,0.0,0.0,147,15.50290898438442,15.0,1.7010132339493058e-23,0.20044389526719208,WANDER,0.55,0,0,0,0,labyrinth
148,2.96,15.506936358008941,15.0,1.6961092574106992e-23,0.20136868122605361,0.0,0.0,134.19979080102235,0.0,0.0,148,15.506936358008941,15.0,1.6961092574106992e-23,0.20136868122605361,WANDER,0.55,0,0,0,0,labyrinth
149,2.98,15.510887099486007,15.0,1.6914382197576764e-23,0.197537073853303,0.0,0.0,134.1963547274255,0.0,0.0,149,15.510887099486007,15.0,1.6914382197576764e-23,0.197537073853303,WANDER,0.55,0,0,0,0,labyrinth
150,3.0,15.514667817475464,15.0,1.6924100672555996e-23,0.18903589947285537,0.0,0.0,134.1929840667784,0.0,0.0,150,15.514667817475464,15.0,1.6924100672555996e-23,0.18903589947285537,WANDER,0.55,0,0,0,0,labyrinth
151,3.02,15.518397178860303,15.0,1.698756762859799e-23,0.18646806924194628,0.0,0.0,134.1897584949872,0.0,0.0,151,15.518397178860303,15.0,1.698756762859799e-23,0.18646806924194628,WANDER,0.55,0,0,0,0,labyrinth
152,3.04,15.522167992773399,15.0,1.6993809795603716e-23,0.18854069565479661,0.0,0.0,134.1865767671908,0.0,0.0,152,15.522167992773399,15.0,1.6993809795603716e-23,0.18854069565479661,WANDER,0.55,0,0,0,0,labyrinth
153,3.06,15.526032745583258,15.0,1.6999755459676668e-23,0.1932376404929683,0.0,0.0,134.18335970259054,0.0,0.0,153,15.526032745583258,15.0,1.6999755459676668e-23,0.1932376404929683,WANDER,0.55,0,0,0,0,labyrinth
154,3.08,15.529996030667562,15.0,1.7059628813330432e-23,0.19816425421517006,0.0,0.0,134.18006252407724,0.0,0.0,154,15.529996030667562,15.0,1.7059628813330432e-23,0.19816425421517006,WANDER,0.55,0,0,0,0,labyrinth
155,3.1,15.534015182470263,15.0,1.711665818268564e-23,0.20095759013508438,0.0,0.0,134.17668131511894,0.0,0.0,155,15.534015182470263,15.0,1.711665818268564e-23,0.20095759013508438,WANDER,0.55,0,0,0,0,labyrinth
156,3.12,15.5380090076893,15.0,1.7170978656996476e-23,0.19969126095190504,0.0,0.0,134.17325247696334,0.0,0.0,156,15.5380090076893,15.0,1.7170978656996476e-23,0.19969126095190504,WANDER,0.55,0,0,0,0,labyrinth
157,3.14,15.54187310830501,15.0,1.7276929017401823e-23,0.19320503078547147,0.0,0.0,134.16984527800506,0.0,0.0,157,15.54187310830501,15.0,1.7276929017401823e-23,0.19320503078547147,WANDER,0.55,0,0,0,0,labyrinth
158,3.16,15.545627495901222,15.0,1.7377846735687916e-23,0.18771937981062348,0.0,0.0,134.16654878007168,0.0,0.0,158,15.545627495901222,15.0,1.7377846735687916e-23,0.18771937981062348,WANDER,0.55,0,0,0,0,labyrinth
159,3.18,15.549380191303124,15.0,1.7473970862355418e-23,0.1876347700951302,0.0,0.0,134.16334590828825,0.0,0.0,159,15.549380191303124,15.0,1.7473970862355418e-23,0.1876347700951302,WANDER,0.55,0,0,0,0,labyrinth
160,3.2,15.553205468527231,15.0,1.7565529093006214e-23,0.19126386120535008,0.0,0.0,134.16014450869855,0.0,0.0,160,15.553205468527231,15.0,1.7565529093006214e-23,0.19126386120535008,WANDER,0.55,0,0,0,0,labyrinth
161,3.22,15.557132562390784,15.0,1.7598528199076823e-23,0.1963546931775829,0.0,0.0,134.15688121944825,0.0,0.0,161,15.557132562390784,15.0,1.7598528199076823e-23,0.1963546931775829,WANDER,0.55,0,0,0,0,labyrinth
162,3.24,15.561142085196165,15.0,1.7575749738984803e-23,0.20047614026909125,0.0,0.0,134.15353110277118,0.0,0.0,162,15.561142085196165,15.0,1.7575749738984803e-23,0.20047614026909125,WANDER,0.55,0,0,0,0,labyrinth
163,3.2600000000000002,15.565170773403313,15.0,1.760826336437143e-23,0.2014344103574106,0.0,0.0,134.1501107000835,0.0,0.0,163,15.565170773403313,15.0,1.760826336437143e-23,0.2014344103574106,WANDER,0.55,0,0,0,0,labyrinth
164,3.2800000000000002,15.569123747182942,15.0,1.763923259255219e-23,0.1976486889814973,0.0,0.0,134.1466739808347,0.0,0.0,164,15.569123747182942,15.0,1.763923259255219e-23,0.1976486889814973,WANDER,0.55,0,0,0,0,labyrinth
165,3.3000000000000003,15.572905505639518,15.0,1.7668730782394367e-23,0.18908792282879286,0.0,0.0,134.1433018826789,0.0,0.0,165,15.572905505639518,15.0,1.7668730782394367e-23,0.18908792282879286,WANDER,0.55,0,0,0,0,labyrinth
166,3.3200000000000003,15.576634843841374,15.0,1.7696827808219038e-23,0.1864669100927529,0.0,0.0,134.14007587004454,0.0,0.0,166,15.576634843841374,15.0,1.7696827808219038e-23,0.1864669100927529,WANDER,0.55,0,0,0,0,labyrinth
167,3.34,15.580404874952963,15.0,1.7777800333941312e-23,0.18850155557943238,0.0,0.0,134.13689460271405,0.0,0.0,167,15.580404874952963,15.0,1.7777800333941312e-23,0.18850155557943238,WANDER,0.55,0,0,0,0,labyrinth
168,3.36,15.58426851744766,15.0,1.785492666469178e-23,0.1931821247347852,0.0,0.0,134.13367865148442,0.0,0.0,168,15.58426851744766,15.0,1.785492666469178e-23,0.1931821247347852,WANDER,0.55,0,0,0,0,labyrinth
169,3.38,15.588230852938375,15.0,1.79283894947316e-23,0.19811677453574136,0.0,0.0,134.13038287683935,0.0,0.0,169,15.588230852938375,15.0,1.79283894947316e-23,0.19811677453574136,WANDER,0.55,0,0,0,0,labyrinth
170,3.4,15.592249676243258,15.0,1.8052572948968805e-23,0.20094116524412253,0.0,0.0,134.12700294631398,0.0,0.0,170,15.592249676243258,15.0,1.8052572948968805e-23,0.20094116524412253,WANDER,0.55,0,0,0,0,labyrinth
171,3.42,15.596244145126558,15.0,1.8170857689129742e-23,0.1997234441650538,0.0,0.0,134.12357486341864,0.0,0.0,171,15.596244145126558,15.0,1.8170857689129742e-23,0.1997234441650538,WANDER,0.55,0,0,0,0,labyrinth
172,3.44,15.600110038881276,15.0,1.833773401275731e-23,0.1932946877358763,0.0,0.0,134.12016758750897,0.0,0.0,172,15.600110038881276,15.0,1.833773401275731e-23,0.1932946877358763,WANDER,0.55,0,0,0,0,labyrinth
173,3.46,15.60386494068225,15.0,1.8496683711012567e-23,0.1877450900487268,0.0,0.0,134.11687001684788,0.0,0.0,173,15.60386494068225,15.0,1.8496683711012567e-23,0.1877450900487268,WANDER,0.55,0,0,0,0,labyrinth
174,3.48,15.607617119238084,15.0,1.8593873189976424e-23,0.18760892779165617,0.0,0.0,134.1136671503306,0.0,0.0,174,15.607617119238084,15.0,1.8593873189976424e-23,0.18760892779165617,WANDER,0.55,0,0,0,0,labyrinth
175,3.5,15.611441267443446,15.0,1.86864461686895e-23,0.19120741026815496,0.0,0.0,134.11046663530342,0.0,0.0,175,15.611441267443446,15.0,1.86864461686895e-23,0.19120741026815496,WANDER,0.55,0,0,0,0,labyrinth
176,3.52,15.615367141375895,15.0,1.8774621930913703e-23,0.1962936966224384,0.0,0.0,134.10720476138314,0.0,0.0,176,15.615367141375895,15.0,1.8774621930913703e-23,0.1962936966224384,WANDER,0.55,0,0,0,0,labyrinth
177,3.54,15.61937588856214,15.0,1.8967029561680807e-23,0.20043735931217685,0.0,0.0,134.10385614963587,0.0,0.0,177,15.61937588856214,15.0,1.8967029561680807e-23,0.20043735931217685,WANDER,0.55,0,0,0,0,labyrinth
178,3.56,15.623404701492472,15.0,1.9041877612737924e-23,0.20144064651662874,0.0,0.0,134.10043688266657,0.0,0.0,178,15.623404701492472,15.0,1.9041877612737924e-23,0.20144064651662874,WANDER,0.55,0,0,0,0,labyrinth
179,3.58,15.627358995640426,15.0,1.9113170381369828e-23,0.1977147073976806,0.0,0.0,134.0970005334891,0.0,0.0,179,15.627358995640426,15.0,1.9113170381369828e-23,0.1977147073976806,WANDER,0.55,0,0,0,0,labyrinth
180,3.6,15.63114068060798,15.0,1.9181076743491714e-23,0.18908424837766247,0.0,0.0,134.09362777668488,0.0,0.0,180,15.63114068060798,15.0,1.9181076743491714e-23,0.18908424837766247,WANDER,0.55,0,0,0,0,labyrinth
181,3.62,15.634868711873986,15.0,1.9299967662037087e-23,0.1864015633003709,0.0,0.0,134.09040227405868,0.0,0.0,181,15.634868711873986,15.0,1.9299967662037087e-23,0.1864015633003709,WANDER,0.55,0,0,0,0,labyrinth
182,3.64,15.638636574890846,15.0,1.9413211261951555e-23,0.18839315084299507,0.0,0.0,134.0872225625928,0.0,0.0,182,15.638636574890846,15.0,1.9413211261951555e-23,0.18839315084299507,WANDER,0.55,0,0,0,0,labyrinth
183,3.66,15.642497712170115,15.0,1.9521075790870087e-23,0.19305686396344734,0.0,0.0,134.08400890654295,0.0,0.0,183,15.642497712170115,15.0,1.9521075790870087e-23,0.19305686396344734,WANDER,0.55,0,0,0,0,labyrinth
184,3.68,15.646457792928114,15.0,1.9623816754664987e-23,0.1980040378999529,0.0,0.0,134.0807157256815,0.0,0.0,184,15.646457792928114,15.0,1.9623816754664987e-23,0.1980040378999529,WANDER,0.55,0,0,0,0,labyrinth
185,3.7,15.650475161774088,15.0,1.9667467414055355e-23,0.20086844229863196,0.0,0.0,134.0773381869754,0.0,0.0,185,15.650475161774088,15.0,1.9667467414055355e-23,0.20086844229863196,WANDER,0.55,0,0,0,0,labyrinth
186,3.72,15.654469391431386,15.0,1.9654834558500404e-23,0.19971148286494567,0.0,0.0,134.07391182004068,0.0,0.0,186,15.654469391431386,15.0,1.9654834558500404e-23,0.19971148286494567,WANDER,0.55,0,0,0,0,labyrinth
187,3.74,15.658336465920751,15.0,1.9642801763584315e-23,0.1933537244682544,0.0,0.0,134.07050522077964,0.0,0.0,187,15.658336465920751,15.0,1.9642801763584315e-23,0.1933537244682544,WANDER,0.55,0,0,0,0,labyrinth
188,3.7600000000000002,15.6620910678513,15.0,1.9685550635051016e-23,0.18773009652743808,0.0,0.0,134.0672071005456,0.0,0.0,188,15.6620910678513,15.0,1.9685550635051016e-23,0.18773009652743808,WANDER,0.55,0,0,0,0,labyrinth
189,3.7800000000000002,15.665841763672516,15.0,1.9726268935123048e-23,0.18753479106081683,0.0,0.0,134.06400493412215,0.0,0.0,189,15.665841763672516,15.0,1.9726268935123048e-23,0.18753479106081683,WANDER,0.55,0,0,0,0,labyrinth
190,3.8000000000000003,15.669663744639058,15.0,1.9765053115941657e-23,0.19109904832710106,0.0,0.0,134.060806127703,0.0,0.0,190,15.669663744639058,15.0,1.9765053115941657e-23,0.19109904832710106,WANDER,0.55,0,0,0,0,labyrinth
191,3.8200000000000003,15.673587383213347,15.0,1.9801995048171383e-23,0.19618192871446255,0.0,0.0,134.0575465546938,0.0,0.0,191,15.673587383213347,15.0,1.9801995048171383e-23,0.19618192871446255,WANDER,0.55,0,0,0,0,labyrinth
192,3.84,15.677594456248077,15.0,1.9891392347244473e-23,0.2003536517365251,0.0,0.0,134.0542003139915,0.0,0.0,192,15.677594456248077,15.0,1.9891392347244473e-23,0.2003536517365251,WANDER,0.55,0,0,0,0,labyrinth
193,3.86,15.681622689063603,15.0,1.997654327461159e-23,0.20141164077635226,0.0,0.0,134.05078294926173,0.0,0.0,193,15.681622689063603,15.0,1.997654327461159e-23,0.20141164077635226,WANDER,0.55,0,0,0,0,labyrinth
194,3.88,15.685577838813701,15.0,2.005764953292877e-23,0.19775748750494337,0.0,0.0,134.04734757169058,0.0,0.0,194,15.685577838813701,15.0,2.005764953292877e-23,0.19775748750494337,WANDER,0.55,0,0,0,0,labyrinth
195,3.9,15.689358779173196,15.0,2.0080693135351608e-23,0.18904701797473578,0.0,0.0,134.04397455330067,0.0,0.0,195,15.689358779173196,15.0,2.0080693135351608e-23,0.18904701797473578,WANDER,0.55,0,0,0,0,labyrinth
196,3.92,15.693084655483185,15.0,2.010264216665936e-23,0.186293815499445,0.0,0.0,134.0407501333702,0.0,0.0,196,15.693084655483185,15.0,2.010264216665936e-23,0.186293815499445,WANDER,0.55,0,0,0,0,labyrinth
197,3.94,15.696849388883958,15.0,2.0123548618979995e-23,0.18823667003870656,0.0,0.0,134.03757270100996,0.0,0.0,197,15.696849388883958,15.0,2.0123548618979995e-23,0.18823667003870656,WANDER,0.55,0,0,0,0,labyrinth
198,3.96,15.700707031951296,15.0,2.01434620148154e-23,0.19288215336689554,0.0,0.0,134.0343621599606,0.0,0.0,198,15.700707031951296,15.0,2.01434620148154e-23,0.19288215336689554,WANDER,0.55,0,0,0,0,labyrinth
199,3.98,15.704663934994288,15.0,2.0162429524348623e-23,0.19784515214962928,0.0,0.0,134.03107241604772,0.0,0.0,199,15.704663934994288,15.0,2.0162429524348623e-23,0.19784515214962928,WANDER,0.55,0,0,0,0,labyrinth
200,4.0,15.708679077134754,15.0,2.0234706185803295e-23,0.2007571070232692,0.0,0.0,134.02769805608315,0.0,0.0,200,15.708679077134754,15.0,2.0234706185803295e-23,0.2007571070232692,WANDER,0.55,0,0,0,0,labyrinth
