step,sim_time,pos_x,pos_y,heading,speed,reward,punishment,looming_size,gf_spike,time_step,fly_x,fly_y,fly_heading,fly_speed,state,satiety,food_collected,hazard_encounters,predator_kills,escapes,paradigm
1,0.02,40.002,40.0,0.0,0.1,0.0,0.0,6.02557500836668,0.0,1,40.002,40.0,0.0,0.1,WANDER,0.55,0,0,0,0,looming_escape
2,0.04,40.004000000000005,40.0,2.60405371853463e-25,0.1,0.0,0.0,6.359660239728469,0.0,2,40.004000000000005,40.0,2.60405371853463e-25,0.1,WANDER,0.55,0,0,0,0,looming_escape
3,0.06,40.00600000000001,40.0,7.688743042648405e-25,0.1,0.0,0.0,6.732921326859602,0.0,3,40.00600000000001,40.0,7.688743042648405e-25,0.1,WANDER,0.55,0,0,0,0,looming_escape
4,0.08,40.00800000000001,40.0,1.5136512219751228e-24,0.1,0.0,0.0,7.152668749994702,0.0,4,40.00800000000001,40.0,1.5136512219751228e-24,0.1,WANDER,0.55,0,0,0,0,looming_escape
5,0.1,40.01000000000001,40.0,2.483538939550103e-24,0.1,0.0,0.0,7.628149668580708,0.0,5,40.01000000000001,40.0,2.483538939550103e-24,0.1,WANDER,0.55,0,0,0,0,looming_escape
6,0.12,40.012000000000015,40.0,3.6678721378636984e-24,0.1,0.0,0.0,8.171233559949753,0.0,6,40.012000000000015,40.0,3.6678721378636984e-24,0.1,WANDER,0.55,0,0,0,0,looming_escape
7,0.14,40.01400000000002,40.0,5.056492100448316e-24,0.1,0.0,0.0,8.797410709991064,0.0,7,40.01400000000002,40.0,5.056492100448316e-24,0.1,WANDER,0.55,0,0,0,0,looming_escape
8,0.16,40.01600000000002,40.0,6.639722649868574e-24,0.1,0.0,0.0,9.527283381452355,0.0,8,40.01600000000002,40.0,6.639722649868574e-24,0.1,WANDER,0.55,0,0,0,0,looming_escape
9,0.18,40.01800000000002,40.0,8.40834722711727e-24,0.1,0.0,0.0,10.38885781546961,0.0,9,40.01800000000002,40.0,8.40834722711727e-24,0.1,WANDER,0.55,0,0,0,0,looming_escape
10,0.2,40.020000000000024,40.0,1.0353587059740044e-23,0.1,0.0,0.0,11.421186274999284,0.0,10,40.020000000000024,40.0,1.0353587059740044e-23,0.1,WANDER,0.55,0,0,0,0,looming_escape
11,0.22,40.02200000000003,40.0,1.2467080366974118e-23,0.1,0.0,0.0,12.680383491819818,0.0,11,40.02200000000003,40.0,1.2467080366974118e-23,0.1,WANDER,0.55,0,0,0,0,looming_escape
12,0.24,40.02400000000003,40.0,1.4740862552642947e-23,0.1,0.0,0.0,14.250032697803594,0.0,12,40.02400000000003,40.0,1.4740862552642947e-23,0.1,WANDER,0.55,0,0,0,0,looming_escape
13,0.26,40.02600000000003,40.0,1.7167347338888373e-23,0.1,0.0,0.0,16.260204708311957,0.0,13,40.02600000000003,40.0,1.7167347338888373e-23,0.1,WANDER,0.55,0,0,0,0,looming_escape
14,0.28,40.028000000000034,40.0,1.9739308796050496e-23,0.1,0.0,0.0,18.924644416051237,0.0,14,40.028000000000034,40.0,1.9739308796050496e-23,0.1,WANDER,0.55,0,0,0,0,looming_escape
15,0.3,40.03000000000004,40.0,2.2449864226128264e-23,0.1,0.0,0.0,22.61986494804042,0.0,15,40.03000000000004,40.0,2.2449864226128264e-23,0.1,WANDER,0.55,0,0,0,0,looming_escape
16,0.32,40.03200000000004,40.0,2.5292457859275675e-23,0.1,0.0,0.0,28.07248693585295,0.0,16,40.03200000000004,40.0,2.5292457859275675e-23,0.1,WANDER,0.55,0,0,0,0,looming_escape
17,0.34,40.03400000000004,40.0,2.826084532471441e-23,0.1,0.0,0.0,36.86989764584403,0.0,17,40.03400000000004,40.0,2.826084532471441e-23,0.1,WANDER,0.55,0,0,0,0,looming_escape
18,0.36,40.036000000000044,40.0,3.134907885927813e-23,0.1,0.0,0.0,53.13010235415594,0.0,18,40.036000000000044,40.0,3.134907885927813e-23,0.1,WANDER,0.55,0,0,0,0,looming_escape
19,0.38,40.038000000000046,40.0,3.455149321855088e-23,0.1,0.0,0.0,89.99999999999994,1.0,19,40.038000000000046,40.0,3.455149321855088e-23,0.1,WANDER,0.55,0,0,0,0,looming_escape
20,0.4,40.04000000000005,40.0,3.786269225722648e-23,0.1,0.0,0.0,174.2751895477765,0.0,20,40.04000000000005,40.0,3.786269225722648e-23,0.1,WANDER,0.55,0,0,0,0,looming_escape
21,0.42,40.04200000000005,40.0,4.1277536146900775e-23,0.1,0.0,0.0,174.2751895477765,0.0,21,40.04200000000005,40.0,4.1277536146900775e-23,0.1,WANDER,0.55,0,0,0,0,looming_escape
22,0.44,40.044000000000054,40.0,4.479112920101883e-23,0.1,0.0,0.0,174.2751895477765,0.0,22,40.044000000000054,40.0,4.479112920101883e-23,0.1,WANDER,0.55,0,0,0,0,looming_escape
23,0.46,40.046000000000056,40.0,4.839880827813705e-23,0.1,0.0,0.0,174.2751895477765,0.0,23,40.046000000000056,40.0,4.839880827813705e-23,0.1,WANDER,0.55,0,0,0,0,looming_escape
24,0.48,40.04800000000006,40.0,5.2096131736030425e-23,0.1,0.0,0.0,174.2751895477765,0.0,24,40.04800000000006,40.0,5.2096131736030425e-23,0.1,WANDER,0.55,0,0,0,0,looming_escape
25,0.5,40.05000000000006,40.0,5.587886891047962e-23,0.1,0.0,0.0,174.2751895477765,0.0,25,40.05000000000006,40.0,5.587886891047962e-23,0.1,WANDER,0.55,0,0,0,0,looming_escape
26,0.52,40.05200841778985,40.0,5.974299009381573e-23,0.10042088948955014,0.0,0.0,174.2751895477765,0.0,26,40.05200841778985,40.0,5.974299009381573e-23,0.10042088948955014,WANDER,0.55,0,0,0,0,looming_escape
27,0.54,40.0541169154487,40.0,6.342425161763064e-23,0.1054248829425565,0.0,0.0,174.2751895477765,0.0,27,40.0541169154487,40.0,6.342425161763064e-23,0.1054248829425565,WANDER,0.55,0,0,0,0,looming_escape
28,0.56,40.056296984698996,40.0,6.693133931575162e-23,0.10900346251464704,0.0,0.0,174.2751895477765,0.0,28,40.056296984698996,40.0,6.693133931575162e-23,0.10900346251464704,WANDER,0.55,0,0,0,0,looming_escape
29,0.58,40.058506453609965,40.0,7.027252644489914e-23,0.11047344554841908,0.0,0.0,174.2751895477765,0.0,29,40.058506453609965,40.0,7.027252644489914e-23,0.11047344554841908,WANDER,0.55,0,0,0,0,looming_escape
30,0.6,40.06069359903676,40.0,7.319528791024595e-23,0.1093572713398104,0.0,0.0,174.2751895477765,0.0,30,40.06069359903676,40.0,7.319528791024595e-23,0.1093572713398104,WANDER,0.55,0,0,0,0,looming_escape
31,0.62,40.06280210204387,40.0,7.597987685880858e-23,0.10542515035545391,0.0,0.0,174.2751895477765,0.0,31,40.06280210204387,40.0,7.597987685880858e-23,0.10542515035545391,WANDER,0.55,0,0,0,0,looming_escape
32,0.64,40.064855042824966,40.0,7.889326185698774e-23,0.1026470390550514,0.0,0.0,174.2751895477765,0.0,32,40.064855042824966,40.0,7.889326185698774e-23,0.1026470390550514,WANDER,0.55,0,0,0,0,looming_escape
33,0.66,40.06691049048752,40.0,8.166894716444066e-23,0.10277238312781133,0.0,0.0,174.2751895477765,0.0,33,40.06691049048752,40.0,8.166894716444066e-23,0.10277238312781133,WANDER,0.55,0,0,0,0,looming_escape
34,0.68,40.06901538057169,40.0,8.431347351647684e-23,0.10524450420849163,0.0,0.0,174.2751895477765,0.0,34,40.06901538057169,40.0,8.431347351647684e-23,0.10524450420849163,WANDER,0.55,0,0,0,0,looming_escape
35,0.7000000000000001,40.07120179141365,40.0,8.683307096347857e-23,0.10932054209806402,0.0,0.0,174.2751895477765,0.0,35,40.07120179141365,40.0,8.683307096347857e-23,0.10932054209806402,WANDER,0.55,0,0,0,0,looming_escape
36,0.72,40.073484532503166,40.0,8.923367362843501e-23,0.114137054475821,0.0,0.0,174.2751895477765,0.0,36,40.073484532503166,40.0,8.923367362843501e-23,0.114137054475821,WANDER,0.55,0,0,0,0,looming_escape
37,0.74,40.07586026237982,40.0,9.178133913534675e-23,0.1187864938326362,0.0,0.0,174.2751895477765,0.0,37,40.07586026237982,40.0,9.178133913534675e-23,0.1187864938326362,WANDER,0.55,0,0,0,0,looming_escape
38,0.76,40.0783082162246,40.0,9.394829869938148e-23,0.12239769223908242,0.0,0.0,174.2751895477765,0.0,38,40.0783082162246,40.0,9.394829869938148e-23,0.12239769223908242,WANDER,0.55,0,0,0,0,looming_escape
39,0.78,40.080792478720284,40.0,9.62734191526653e-23,0.12421312478428326,0.0,0.0,174.2751895477765,0.0,39,40.080792478720284,40.0,9.62734191526653e-23,0.12421312478428326,WANDER,0.55,0,0,0,0,looming_escape
40,0.8,40.08326559895774,40.0,9.822840455311945e-23,0.12365601187268878,0.0,0.0,174.2751895477765,0.0,40,40.08326559895774,40.0,9.822840455311945e-23,0.12365601187268878,WANDER,0.55,0,0,0,0,looming_escape
41,0.8200000000000001,40.08567322361903,40.0,9.983080887188584e-23,0.12038123306468687,0.0,0.0,174.2751895477765,0.0,41,40.08567322361903,40.0,9.983080887188584e-23,0.12038123306468687,WANDER,0.55,0,0,0,0,looming_escape
42,0.84,40.08798567714497,40.0,1.0187856838203753e-22,0.11562267629693412,0.0,0.0,174.2751895477765,0.0,42,40.08798567714497,40.0,1.0187856838203753e-22,0.11562267629693412,WANDER,0.55,0,0,0,0,looming_escape
43,0.86,40.090265026284754,40.0,1.0409017822786525e-22,0.1139674569891342,0.0,0.0,174.2751895477765,0.0,43,40.090265026284754,40.0,1.0409017822786525e-22,0.1139674569891342,WANDER,0.55,0,0,0,0,looming_escape
44,0.88,40.09256417337736,40.0,1.0645788296229188e-22,0.11495735463031481,0.0,0.0,174.2751895477765,0.0,44,40.09256417337736,40.0,1.0645788296229188e-22,0.11495735463031481,WANDER,0.55,0,0,0,0,looming_escape
45,0.9,40.09492265221673,40.0,1.08713890150123e-22,0.11792394196861614,0.0,0.0,174.2751895477765,0.0,45,40.09492265221673,40.0,1.08713890150123e-22,0.11792394196861614,WANDER,0.55,0,0,0,0,looming_escape
46,0.92,40.09736359975121,40.0,1.1086350542482187e-22,0.12204737672401511,0.0,0.0,174.2751895477765,0.0,46,40.09736359975121,40.0,1.1086350542482187e-22,0.12204737672401511,WANDER,0.55,0,0,0,0,looming_escape
47,0.9400000000000001,40.099892176645646,40.0,1.129117824022623e-22,0.12642884472154078,0.0,0.0,174.2751895477765,0.0,47,40.099892176645646,40.0,1.129117824022623e-22,0.12642884472154078,WANDER,0.55,0,0,0,0,looming_escape
48,0.96,40.102495579585984,40.0,1.1486353465156407e-22,0.130170147016787,0.0,0.0,174.2751895477765,0.0,48,40.102495579585984,40.0,1.1486353465156407e-22,0.130170147016787,WANDER,0.55,0,0,0,0,looming_escape
49,0.98,40.10514464523022,40.0,1.164629417254603e-22,0.13245328221173489,0.0,0.0,174.2751895477765,0.0,49,40.10514464523022,40.0,1.164629417254603e-22,0.13245328221173489,WANDER,0.55,0,0,0,0,looming_escape
50,1.0,40.10779690274417,40.0,1.179871179477687e-22,0.13261287569771993,0.0,0.0,174.2751895477765,0.0,50,40.10779690274417,40.0,1.179871179477687e-22,0.13261287569771993,WANDER,0.55,0,0,0,0,looming_escape
51,1.02,40.11040080174348,40.0,1.1943963678393971e-22,0.1301949499656576,0.0,0.0,174.2751895477765,0.0,51,40.11040080174348,40.0,1.1943963678393971e-22,0.1301949499656576,WANDER,0.55,0,0,0,0,looming_escape
52,1.04,40.112900736877634,40.0,1.2108430733166832e-22,0.12499675670780629,0.0,0.0,174.2751895477765,0.0,52,40.112900736877634,40.0,1.2108430733166832e-22,0.12499675670780629,WANDER,0.55,0,0,0,0,looming_escape
53,1.06,40.11533393114265,40.0,1.2291202982852303e-22,0.12165971325088959,0.0,0.0,174.2751895477765,0.0,53,40.11533393114265,40.0,1.2291202982852303e-22,0.12165971325088959,WANDER,0.55,0,0,0,0,looming_escape
54,1.08,40.11775824705804,40.0,1.2465373137893438e-22,0.1212157957695753,0.0,0.0,174.2751895477765,0.0,54,40.11775824705804,40.0,1.2465373137893438e-22,0.1212157957695753,WANDER,0.55,0,0,0,0,looming_escape
55,1.1,40.12021990869775,40.0,1.2631349797785843e-22,0.12308308198546487,0.0,0.0,174.2751895477765,0.0,55,40.12021990869775,40.0,1.2631349797785843e-22,0.12308308198546487,WANDER,0.55,0,0,0,0,looming_escape
56,1.12,40.12274991066272,40.0,1.2763481616363736e-22,0.12650009824854488,0.0,0.0,174.2751895477765,0.0,56,40.12274991066272,40.0,1.2763481616363736e-22,0.12650009824854488,WANDER,0.55,0,0,0,0,looming_escape
57,1.1400000000000001,40.12536176938255,40.0,1.2889414016388156e-22,0.1305929359915646,0.0,0.0,174.2751895477765,0.0,57,40.12536176938255,40.0,1.2889414016388156e-22,0.1305929359915646,WANDER,0.55,0,0,0,0,looming_escape
58,1.16,40.12805081979847,40.0,1.2983400933055044e-22,0.13445252079593317,0.0,0.0,174.2751895477765,0.0,58,40.12805081979847,40.0,1.2983400933055044e-22,0.13445252079593317,WANDER,0.55,0,0,0,0,looming_escape
59,1.18,40.13079512166329,40.0,1.3099038106807827e-22,0.13721509324116593,0.0,0.0,174.2751895477765,0.0,59,40.13079512166329,40.0,1.3099038106807827e-22,0.13721509324116593,WANDER,0.55,0,0,0,0,looming_escape
60,1.2,40.13355789511182,40.0,1.3209259357636328e-22,0.1381386724265947,0.0,0.0,174.2751895477765,0.0,60,40.13355789511182,40.0,1.3209259357636328e-22,0.1381386724265947,WANDER,0.55,0,0,0,0,looming_escape
61,1.22,40.13629126778971,40.0,1.3262240867508757e-22,0.136668633894506,0.0,0.0,174.2751895477765,0.0,61,40.13629126778971,40.0,1.3262240867508757e-22,0.136668633894506,WANDER,0.55,0,0,0,0,looming_escape
62,1.24,40.138940998014654,40.0,1.333881764690307e-22,0.13248651124710067,0.0,0.0,174.2751895477765,0.0,62,40.138940998014654,40.0,1.333881764690307e-22,0.13248651124710067,WANDER,0.55,0,0,0,0,looming_escape
63,1.26,40.141491229999154,40.0,1.3411831127718377e-22,0.1275115992251165,0.0,0.0,174.2751895477765,0.0,63,40.141491229999154,40.0,1.3411831127718377e-22,0.1275115992251165,WANDER,0.55,0,0,0,0,looming_escape
64,1.28,40.14400376760703,40.0,1.3455410029451838e-22,0.12562688039405667,0.0,0.0,174.2751895477765,0.0,64,40.14400376760703,40.0,1.3455410029451838e-22,0.12562688039405667,WANDER,0.55,0,0,0,0,looming_escape
65,1.3,40.146530713478384,40.0,1.3496990287408436e-22,0.1263472935676991,0.0,0.0,174.2751895477765,0.0,65,40.146530713478384,40.0,1.3496990287408436e-22,0.1263472935676991,WANDER,0.55,0,0,0,0,looming_escape
66,1.32,40.14911037940618,40.0,1.3536666837167572e-22,0.12898329638984127,0.0,0.0,174.2751895477765,0.0,66,40.14911037940618,40.0,1.3536666837167572e-22,0.12898329638984127,WANDER,0.55,0,0,0,0,looming_escape
67,1.34,40.151764408545546,40.0,1.3574530104868624e-22,0.13270145696837662,0.0,0.0,174.2751895477765,0.0,67,40.151764408545546,40.0,1.3574530104868624e-22,0.13270145696837662,WANDER,0.55,0,0,0,0,looming_escape
68,1.36,40.15449636905578,40.0,1.3610666221409354e-22,0.13659802551150688,0.0,0.0,174.2751895477765,0.0,68,40.15449636905578,40.0,1.3610666221409354e-22,0.13659802551150688,WANDER,0.55,0,0,0,0,looming_escape
69,1.3800000000000001,40.157291946596,40.0,1.3645157226469877e-22,0.13977887701082578,0.0,0.0,174.2751895477765,0.0,69,40.157291946596,40.0,1.3645157226469877e-22,0.13977887701082578,WANDER,0.55,0,0,0,0,looming_escape
70,1.4000000000000001,40.16012071947713,40.0,1.36780812628455e-22,0.1414386440566314,0.0,0.0,174.2751895477765,0.0,70,40.16012071947713,40.0,1.36780812628455e-22,0.1414386440566314,WANDER,0.55,0,0,0,0,looming_escape
71,1.42,40.162939358111274,40.0,1.370951276154876e-22,0.140931931707182,0.0,0.0,174.2751895477765,0.0,71,40.162939358111274,40.0,1.370951276154876e-22,0.140931931707182,WANDER,0.55,0,0,0,0,looming_escape
72,1.44,40.165695962459786,40.0,1.3817644229675128e-22,0.1378302174257002,0.0,0.0,174.2751895477765,0.0,72,40.165695962459786,40.0,1.3817644229675128e-22,0.1378302174257002,WANDER,0.55,0,0,0,0,looming_escape
73,1.46,40.16833514895169,40.0,1.3920719040281219e-22,0.13195932459536633,0.0,0.0,174.2751895477765,0.0,73,40.16833514895169,40.0,1.3920719040281219e-22,0.13195932459536633,WANDER,0.55,0,0,0,0,looming_escape
74,1.48,40.17090771309935,40.0,1.4018977384599245e-22,0.12862820738312764,0.0,0.0,174.2751895477765,0.0,74,40.17090771309935,40.0,1.4018977384599245e-22,0.12862820738312764,WANDER,0.55,0,0,0,0,looming_escape
75,1.5,40.17347074135563,40.0,1.4086607507592543e-22,0.12815141281375725,0.0,0.0,174.2751895477765,0.0,75,40.17347074135563,40.0,1.4086607507592543e-22,0.12815141281375725,WANDER,0.55,0,0,0,0,looming_escape
76,1.52,40.17606921253952,40.0,1.4151102042572633e-22,0.12992355919428242,0.0,0.0,174.2751895477765,0.0,76,40.17606921253952,40.0,1.4151102042572633e-22,0.12992355919428242,WANDER,0.55,0,0,0,0,looming_escape
77,1.54,40.17873254239523,40.0,1.4186569392784799e-22,0.13316649278564827,0.0,0.0,174.2751895477765,0.0,77,40.17873254239523,40.0,1.4186569392784799e-22,0.13316649278564827,WANDER,0.55,0,0,0,0,looming_escape
78,1.56,40.18147249936605,40.0,1.422042614230411e-22,0.13699784854121136,0.0,0.0,174.2751895477765,0.0,78,40.18147249936605,40.0,1.422042614230411e-22,0.13699784854121136,WANDER,0.55,0,0,0,0,looming_escape
79,1.58,40.18428267991475,40.0,1.4304829869034175e-22,0.1405090274348558,0.0,0.0,174.2751895477765,0.0,79,40.18428267991475,40.0,1.4304829869034175e-22,0.1405090274348558,WANDER,0.55,0,0,0,0,looming_escape
80,1.6,40.18713959163165,40.0,1.4385304005960284e-22,0.14284558584494525,0.0,0.0,174.2751895477765,0.0,80,40.18713959163165,40.0,1.4385304005960284e-22,0.14284558584494525,WANDER,0.55,0,0,0,0,looming_escape
81,1.62,40.1900052479515,40.0,1.451411628296882e-22,0.14328281599242446,0.0,0.0,174.2751895477765,0.0,81,40.1900052479515,40.0,1.451411628296882e-22,0.14328281599242446,WANDER,0.55,0,0,0,0,looming_escape
82,1.6400000000000001,40.19283104251868,40.0,1.4636895052808672e-22,0.14128972835883588,0.0,0.0,174.2751895477765,0.0,82,40.19283104251868,40.0,1.4636895052808672e-22,0.14128972835883588,WANDER,0.55,0,0,0,0,looming_escape
83,1.6600000000000001,40.19556255628965,40.0,1.4753926907070354e-22,0.1365756885486835,0.0,0.0,174.2751895477765,0.0,83,40.19556255628965,40.0,1.4753926907070354e-22,0.1365756885486835,WANDER,0.55,0,0,0,0,looming_escape
84,1.68,40.19819743721847,40.0,1.4865484824243828e-22,0.13174404644094934,0.0,0.0,174.2751895477765,0.0,84,40.19819743721847,40.0,1.4865484824243828e-22,0.13174404644094934,WANDER,0.55,0,0,0,0,looming_escape
85,1.7,40.20079683876656,40.0,1.499786935352613e-22,0.12997007740458857,0.0,0.0,174.2751895477765,0.0,85,40.20079683876656,40.0,1.499786935352613e-22,0.12997007740458857,WANDER,0.55,0,0,0,0,looming_escape
86,1.72,40.20341170150444,40.0,1.5124053438043496e-22,0.1307431368941273,0.0,0.0,174.2751895477765,0.0,86,40.20341170150444,40.0,1.5124053438043496e-22,0.1307431368941273,WANDER,0.55,0,0,0,0,looming_escape
87,1.74,40.206078781909746,40.0,1.5244331598922257e-22,0.1333540202651258,0.0,0.0,174.2751895477765,0.0,87,40.206078781909746,40.0,1.5244331598922257e-22,0.1333540202651258,WANDER,0.55,0,0,0,0,looming_escape
88,1.76,40.20881792767555,40.0,1.5385024904720594e-22,0.1369572882902058,0.0,0.0,174.2751895477765,0.0,88,40.20881792767555,40.0,1.5385024904720594e-22,0.1369572882902058,WANDER,0.55,0,0,0,0,looming_escape
89,1.78,40.211630845410255,40.0,1.5467044768885538e-22,0.14064588673545023,0.0,0.0,174.2751895477765,0.0,89,40.211630845410255,40.0,1.5467044768885538e-22,0.14064588673545023,WANDER,0.55,0,0,0,0,looming_escape
90,1.8,40.214501472547845,40.0,1.5597334839862563e-22,0.14353135687931523,0.0,0.0,174.2751895477765,0.0,90,40.214501472547845,40.0,1.5597334839862563e-22,0.14353135687931523,WANDER,0.55,0,0,0,0,looming_escape
91,1.82,40.21739792118681,40.0,1.5773607771601591e-22,0.14482243194818886,0.0,0.0,174.2751895477765,0.0,91,40.21739792118681,40.0,1.5773607771601591e-22,0.14482243194818886,WANDER,0.55,0,0,0,0,looming_escape
92,1.84,40.22027582037671,40.0,1.588952271824854e-22,0.14389495949536793,0.0,0.0,174.2751895477765,0.0,92,40.22027582037671,40.0,1.588952271824854e-22,0.14389495949536793,WANDER,0.55,0,0,0,0,looming_escape
93,1.86,40.22308275775149,40.0,1.6000022269692483e-22,0.14034686873893562,0.0,0.0,174.2751895477765,0.0,93,40.22308275775149,40.0,1.6000022269692483e-22,0.14034686873893562,WANDER,0.55,0,0,0,0,looming_escape
94,1.8800000000000001,40.225763422648505,40.0,1.6105363657205557e-22,0.13403324485074064,0.0,0.0,174.2751895477765,0.0,94,40.225763422648505,40.0,1.6105363657205557e-22,0.13403324485074064,WANDER,0.55,0,0,0,0,looming_escape
95,1.9000000000000001,40.22838192543055,40.0,1.620579189357448e-22,0.13092513910218537,0.0,0.0,174.2751895477765,0.0,95,40.22838192543055,40.0,1.620579189357448e-22,0.13092513910218537,WANDER,0.55,0,0,0,0,looming_escape
96,1.92,40.23099432085948,40.0,1.6301540353478602e-22,0.13061977144671214,0.0,0.0,174.2751895477765,0.0,96,40.23099432085948,40.0,1.6301540353478602e-22,0.13061977144671214,WANDER,0.55,0,0,0,0,looming_escape
97,1.94,40.23364410900306,40.0,1.6392831326299996e-22,0.1324894071788307,0.0,0.0,174.2751895477765,0.0,97,40.23364410900306,40.0,1.6392831326299996e-22,0.1324894071788307,WANDER,0.55,0,0,0,0,looming_escape
98,1.96,40.23635891884055,40.0,1.6505917079860442e-22,0.13574049187478696,0.0,0.0,174.2751895477765,0.0,98,40.23635891884055,40.0,1.6505917079860442e-22,0.13574049187478696,WANDER,0.55,0,0,0,0,looming_escape
99,1.98,40.239148590458996,40.0,1.658768403209089e-22,0.1394835809222088,0.0,0.0,174.2751895477765,0.0,99,40.239148590458996,40.0,1.658768403209089e-22,0.1394835809222088,WANDER,0.55,0,0,0,0,looming_escape
100,2.0,40.24200482924078,40.0,1.6665657618853111e-22,0.14281193908922218,0.0,0.0,174.2751895477765,0.0,100,40.24200482924078,40.0,1.6665657618853111e-22,0.14281193908922218,WANDER,0.55,0,0,0,0,looming_escape
101,2.02,40.24490246423473,40.0,1.6740018025006848e-22,0.1448817496973644,0.0,0.0,174.2751895477765,0.0,101,40.24490246423473,40.0,1.6740018025006848e-22,0.1448817496973644,WANDER,0.55,0,0,0,0,looming_escape
102,2.04,40.24780219880575,40.0,1.6784896339445657e-22,0.14498672855117603,0.0,0.0,174.2751895477765,0.0,102,40.24780219880575,40.0,1.6784896339445657e-22,0.14498672855117603,WANDER,0.55,0,0,0,0,looming_escape
103,2.06,40.25065460761196,40.0,1.6775649679953902e-22,0.14262044031061966,0.0,0.0,174.2751895477765,0.0,103,40.25065460761196,40.0,1.6775649679953902e-22,0.14262044031061966,WANDER,0.55,0,0,0,0,looming_escape
104,2.08,40.25340502199889,40.0,1.6792965105575824e-22,0.13752071934636106,0.0,0.0,174.2751895477765,0.0,104,40.25340502199889,40.0,1.6792965105575824e-22,0.13752071934636106,WANDER,0.55,0,0,0,0,looming_escape
105,2.1,40.25606446939535,40.0,1.6783502587284582e-22,0.13297236982292313,0.0,0.0,174.2751895477765,0.0,105,40.25606446939535,40.0,1.6783502587284582e-22,0.13297236982292313,WANDER,0.55,0,0,0,0,looming_escape
106,2.12,40.25869326356645,40.0,1.6748531333029299e-22,0.13143970855518755,0.0,0.0,174.2751895477765,0.0,106,40.25869326356645,40.0,1.6748531333029299e-22,0.13143970855518755,WANDER,0.55,0,0,0,0,looming_escape
107,2.14,40.26134101054803,40.0,1.6715300800566865e-22,0.1323873490791308,0.0,0.0,174.2751895477765,0.0,107,40.26134101054803,40.0,1.6715300800566865e-22,0.1323873490791308,WANDER,0.55,0,0,0,0,looming_escape
108,2.16,40.26404276004411,40.0,1.6683728305612122e-22,0.1350874748043018,0.0,0.0,174.2751895477765,0.0,108,40.26404276004411,40.0,1.6683728305612122e-22,0.1350874748043018,WANDER,0.55,0,0,0,0,looming_escape
109,2.18,40.26681643663494,40.0,1.66797756285688e-22,0.13868382954122227,0.0,0.0,174.2751895477765,0.0,109,40.26681643663494,40.0,1.66797756285688e-22,0.13868382954122227,WANDER,0.55,0,0,0,0,looming_escape
110,2.2,40.269661782683514,40.0,1.6676093035287509e-22,0.14226730242853255,0.0,0.0,174.2751895477765,0.0,110,40.269661782683514,40.0,1.6676093035287509e-22,0.14226730242853255,WANDER,0.55,0,0,0,0,looming_escape
111,2.22,40.27256090903245,40.0,1.6594546085233512e-22,0.14495631744696566,0.0,0.0,174.2751895477765,0.0,111,40.27256090903245,40.0,1.6594546085233512e-22,0.14495631744696566,WANDER,0.55,0,0,0,0,looming_escape
112,2.24,40.27548040516064,40.0,1.6464865639378614e-22,0.1459748064096103,0.0,0.0,174.2751895477765,0.0,112,40.27548040516064,40.0,1.6464865639378614e-22,0.1459748064096103,WANDER,0.55,0,0,0,0,looming_escape
113,2.2600000000000002,40.278374820389146,40.0,1.634141362437055e-22,0.1447207614252211,0.0,0.0,174.2751895477765,0.0,113,40.278374820389146,40.0,1.634141362437055e-22,0.1447207614252211,WANDER,0.55,0,0,0,0,looming_escape
114,2.2800000000000002,40.28119120456613,40.0,1.6223894189744097e-22,0.14081920884892923,0.0,0.0,174.2751895477765,0.0,114,40.28119120456613,40.0,1.6223894189744097e-22,0.14081920884892923,WANDER,0.55,0,0,0,0,looming_escape
115,2.3000000000000003,40.28388740143024,40.0,1.6112025537931129e-22,0.13480984320570147,0.0,0.0,174.2751895477765,0.0,115,40.28388740143024,40.0,1.6112025537931129e-22,0.13480984320570147,WANDER,0.55,0,0,0,0,looming_escape
116,2.32,40.28652699887268,40.0,1.603157979393335e-22,0.13197987212178772,0.0,0.0,174.2751895477765,0.0,116,40.28652699887268,40.0,1.603157979393335e-22,0.13197987212178772,WANDER,0.55,0,0,0,0,looming_escape
117,2.34,40.289164911031385,40.0,1.5955026576830944e-22,0.13189560793526373,0.0,0.0,174.2751895477765,0.0,117,40.289164911031385,40.0,1.5955026576830944e-22,0.13189560793526373,WANDER,0.55,0,0,0,0,looming_escape
118,2.36,40.29184306636655,40.0,1.5830099917225685e-22,0.1339077667585246,0.0,0.0,174.2751895477765,0.0,118,40.29184306636655,40.0,1.5830099917225685e-22,0.1339077667585246,WANDER,0.55,0,0,0,0,looming_escape
119,2.38,40.294587233912715,40.0,1.5685132602048309e-22,0.13720837730795038,0.0,0.0,174.2751895477765,0.0,119,40.294587233912715,40.0,1.5685132602048309e-22,0.13720837730795038,WANDER,0.55,0,0,0,0,looming_escape
120,2.4,40.297405273943596,40.0,1.5547114355237087e-22,0.14090200154395474,0.0,0.0,174.2751895477765,0.0,120,40.297405273943596,40.0,1.5547114355237087e-22,0.14090200154395474,WANDER,0.55,0,0,0,0,looming_escape
121,2.42,40.300286971326265,40.0,1.5415715096044627e-22,0.1440848691334977,0.0,0.0,174.2751895477765,0.0,121,40.300286971326265,40.0,1.5415715096044627e-22,0.1440848691334977,WANDER,0.55,0,0,0,0,looming_escape
122,2.44,40.30320546767151,40.0,1.529062042255904e-22,0.1459248172623602,0.0,0.0,174.2751895477765,0.0,122,40.30320546767151,40.0,1.529062042255904e-22,0.1459248172623602,WANDER,0.55,0,0,0,0,looming_escape
123,2.46,40.306120164774114,40.0,1.5171530866959245e-22,0.1457348551303206,0.0,0.0,174.2751895477765,0.0,123,40.306120164774114,40.0,1.5171530866959245e-22,0.1457348551303206,WANDER,0.55,0,0,0,0,looming_escape
124,2.48,40.308980839674945,40.0,1.513628279770171e-22,0.143033745041679,0.0,0.0,174.2751895477765,0.0,124,40.308980839674945,40.0,1.513628279770171e-22,0.143033745041679,WANDER,0.55,0,0,0,0,looming_escape
125,2.5,40.31173260283379,40.0,1.5050699291418692e-22,0.13758815794255863,0.0,0.0,174.2751895477765,0.0,125,40.31173260283379,40.0,1.5050699291418692e-22,0.13758815794255863,WANDER,0.55,0,0,0,0,looming_escape
126,2.52,40.31439981814997,40.0,1.4969246866966096e-22,0.13336076580900372,0.0,0.0,174.2751895477765,0.0,126,40.31439981814997,40.0,1.4969246866966096e-22,0.13336076580900372,WANDER,0.55,0,0,0,0,looming_escape
127,2.54,40.31704186317175,40.0,1.4891729297956978e-22,0.13210225108916582,0.0,0.0,174.2751895477765,0.0,127,40.31704186317175,40.0,1.4891729297956978e-22,0.13210225108916582,WANDER,0.55,0,0,0,0,looming_escape
128,2.56,40.31970692612705,40.0,1.481795967875777e-22,0.13325314776483807,0.0,0.0,174.2751895477765,0.0,128,40.31970692612705,40.0,1.481795967875777e-22,0.13325314776483807,WANDER,0.55,0,0,0,0,looming_escape
129,2.58,40.32242828414777,40.0,1.4747759981752504e-22,0.13606790103604496,0.0,0.0,174.2751895477765,0.0,129,40.32242828414777,40.0,1.4747759981752504e-22,0.13606790103604496,WANDER,0.55,0,0,0,0,looming_escape
130,2.6,40.32522189318209,40.0,1.4680960635636966e-22,0.13968045171618965,0.0,0.0,174.2751895477765,0.0,130,40.32522189318209,40.0,1.4680960635636966e-22,0.13968045171618965,WANDER,0.55,0,0,0,0,looming_escape
131,2.62,40.328085507231,40.0,1.4617400123743894e-22,0.14318070244561926,0.0,0.0,174.2751895477765,0.0,131,40.328085507231,40.0,1.4617400123743894e-22,0.14318070244561926,WANDER,0.55,0,0,0,0,looming_escape
132,2.64,40.33099940716658,40.0,1.4661086750189108e-22,0.14569499677889192,0.0,0.0,174.2751895477765,0.0,132,40.33099940716658,40.0,1.4661086750189108e-22,0.14569499677889192,WANDER,0.55,0,0,0,0,looming_escape
133,2.66,40.333928674806465,40.0,1.4702775104707147e-22,0.14646338199418826,0.0,0.0,174.2751895477765,0.0,133,40.333928674806465,40.0,1.4702775104707147e-22,0.14646338199418826,WANDER,0.55,0,0,0,0,looming_escape
134,2.68,40.336826809114335,40.0,1.4742560105214556e-22,0.14490671539342817,0.0,0.0,174.2751895477765,0.0,134,40.336826809114335,40.0,1.4742560105214556e-22,0.14490671539342817,WANDER,0.55,0,0,0,0,looming_escape
135,2.7,40.33964036083365,40.0,1.483261323539753e-22,0.1406775859657626,0.0,0.0,174.2751895477765,0.0,135,40.33964036083365,40.0,1.483261323539753e-22,0.1406775859657626,WANDER,0.55,0,0,0,0,looming_escape
136,2.72,40.342340435084054,40.0,1.4918471173499285e-22,0.13500371252039195,0.0,0.0,174.2751895477765,0.0,136,40.342340435084054,40.0,1.4918471173499285e-22,0.13500371252039195,WANDER,0.55,0,0,0,0,looming_escape
137,2.74,40.34498992496186,40.0,1.500033319114368e-22,0.13247449389034036,0.0,0.0,174.2751895477765,0.0,137,40.34498992496186,40.0,1.500033319114368e-22,0.13247449389034036,WANDER,0.55,0,0,0,0,looming_escape
138,2.7600000000000002,40.34764252529473,40.0,1.507838909455244e-22,0.13263001664380206,0.0,0.0,174.2751895477765,0.0,138,40.34764252529473,40.0,1.507838909455244e-22,0.13263001664380206,WANDER,0.55,0,0,0,0,looming_escape
139,2.7800000000000002,40.3503385295017,40.0,1.5152819674151756e-22,0.13480021034840525,0.0,0.0,174.2751895477765,0.0,139,40.3503385295017,40.0,1.5152819674151756e-22,0.13480021034840525,WANDER,0.55,0,0,0,0,looming_escape
140,2.8000000000000003,40.353101801991336,40.0,1.5275878207193273e-22,0.1381636244817682,0.0,0.0,174.2751895477765,0.0,140,40.353101801991336,40.0,1.5275878207193273e-22,0.1381636244817682,WANDER,0.55,0,0,0,0,looming_escape
141,2.82,40.35593819920996,40.0,1.5393179280291287e-22,0.1418198609310458,0.0,0.0,174.2751895477765,0.0,141,40.35593819920996,40.0,1.5393179280291287e-22,0.1418198609310458,WANDER,0.55,0,0,0,0,looming_escape
142,2.84,40.35883558231554,40.0,1.5452915298422423e-22,0.1448691552793526,0.0,0.0,174.2751895477765,0.0,142,40.35883558231554,40.0,1.5452915298422423e-22,0.1448691552793526,WANDER,0.55,0,0,0,0,looming_escape
143,2.86,40.361765421481294,40.0,1.5509896187294805e-22,0.14649195828742403,0.0,0.0,174.2751895477765,0.0,143,40.361765421481294,40.0,1.5509896187294805e-22,0.14649195828742403,WANDER,0.55,0,0,0,0,looming_escape
144,2.88,40.36468584886294,40.0,1.5564252815548222e-22,0.14602136908241836,0.0,0.0,174.2751895477765,0.0,144,40.36468584886294,40.0,1.5564252815548222e-22,0.14602136908241836,WANDER,0.55,0,0,0,0,looming_escape
145,2.9,40.36754588713401,40.0,1.5590069298376727e-22,0.14300191355331968,0.0,0.0,174.2751895477765,0.0,145,40.36754588713401,40.0,1.5590069298376727e-22,0.14300191355331968,WANDER,0.55,0,0,0,0,looming_escape
146,2.92,40.37029047488756,40.0,1.5666820159857295e-22,0.13722938767776416,0.0,0.0,174.2751895477765,0.0,146,40.37029047488756,40.0,1.5666820159857295e-22,0.13722938767776416,WANDER,0.55,0,0,0,0,looming_escape
147,2.94,40.372957273779626,40.0,1.5792091505777452e-22,0.13333994460337803,0.0,0.0,174.2751895477765,0.0,147,40.372957273779626,40.0,1.5792091505777452e-22,0.13333994460337803,WANDER,0.55,0,0,0,0,looming_escape
148,2.96,40.37560464794801,40.0,1.5885462490343776e-22,0.1323687084191058,0.0,0.0,174.2751895477765,0.0,148,40.37560464794801,40.0,1.5885462490343776e-22,0.1323687084191058,WANDER,0.55,0,0,0,0,looming_escape
149,2.98,40.378279303579994,40.0,1.597448617351917e-22,0.13373278159932908,0.0,0.0,174.2751895477765,0.0,149,40.378279303579994,40.0,1.597448617351917e-22,0.13373278159932908,WANDER,0.55,0,0,0,0,looming_escape
150,3.0,40.38101269808682,40.0,1.6059369052119706e-22,0.13666972534125182,0.0,0.0,174.2751895477765,0.0,150,40.38101269808682,40.0,1.6059369052119706e-22,0.13666972534125182,WANDER,0.55,0,0,0,0,looming_escape
151,3.02,40.383818791383334,40.0,1.611426727717734e-22,0.1403046648254955,0.0,0.0,174.2751895477765,0.0,151,40.383818791383334,40.0,1.611426727717734e-22,0.1403046648254955,WANDER,0.55,0,0,0,0,looming_escape
152,3.04,40.38669334241514,40.0,1.616664291253396e-22,0.14372755159055903,0.0,0.0,174.2751895477765,0.0,152,40.38669334241514,40.0,1.616664291253396e-22,0.14372755159055903,WANDER,0.55,0,0,0,0,looming_escape
153,3.06,40.38961481526706,40.0,1.621661578120036e-22,0.14607364259585798,0.0,0.0,174.2751895477765,0.0,153,40.38961481526706,40.0,1.621661578120036e-22,0.14607364259585798,WANDER,0.55,0,0,0,0,looming_escape
154,3.08,40.392546814603726,40.0,1.6212218940223638e-22,0.14659996683322152,0.0,0.0,174.2751895477765,0.0,154,40.392546814603726,40.0,1.6212218940223638e-22,0.14659996683322152,WANDER,0.55,0,0,0,0,looming_escape
155,3.1,40.39544183281888,40.0,1.6129988924852993e-22,0.14475091075783603,0.0,0.0,174.2751895477765,0.0,155,40.39544183281888,40.0,1.6129988924852993e-22,0.14475091075783603,WANDER,0.55,0,0,0,0,looming_escape
156,3.12,40.39824597343857,40.0,1.6051736189267931e-22,0.14020703098427853,0.0,0.0,174.2751895477765,0.0,156,40.39824597343857,40.0,1.6051736189267931e-22,0.14020703098427853,WANDER,0.55,0,0,0,0,looming_escape
157,3.14,40.40094362784442,40.0,1.5977271812678638e-22,0.13488272029242218,0.0,0.0,174.2751895477765,0.0,157,40.40094362784442,40.0,1.5977271812678638e-22,0.13488272029242218,WANDER,0.55,0,0,0,0,looming_escape
158,3.16,40.40359691730743,40.0,1.5932456385218159e-22,0.1326644731505606,0.0,0.0,174.2751895477765,0.0,158,40.40359691730743,40.0,1.5932456385218159e-22,0.1326644731505606,WANDER,0.55,0,0,0,0,looming_escape
159,3.18,40.406258250874174,40.0,1.5889843789004278e-22,0.13306667833694472,0.0,0.0,174.2751895477765,0.0,159,40.406258250874174,40.0,1.5889843789004278e-22,0.13306667833694472,WANDER,0.55,0,0,0,0,looming_escape
160,3.2,40.408966235678896,40.0,1.587536992673813e-22,0.13539924023624447,0.0,0.0,174.2751895477765,0.0,160,40.408966235678896,40.0,1.587536992673813e-22,0.13539924023624447,WANDER,0.55,0,0,0,0,looming_escape
161,3.22,40.41174279884675,40.0,1.5861660415758596e-22,0.13882815839278181,0.0,0.0,174.2751895477765,0.0,161,40.41174279884675,40.0,1.5861660415758596e-22,0.13882815839278181,WANDER,0.55,0,0,0,0,looming_escape
162,3.24,40.41459178067114,40.0,1.5848678949379567e-22,0.14244909121934543,0.0,0.0,174.2751895477765,0.0,162,40.41459178067114,40.0,1.5848678949379567e-22,0.14244909121934543,WANDER,0.55,0,0,0,0,looming_escape
163,3.2600000000000002,40.417499126581,40.0,1.5836390945482515e-22,0.14536729549308866,0.0,0.0,174.2751895477765,0.0,163,40.417499126581,40.0,1.5836390945482515e-22,0.14536729549308866,WANDER,0.55,0,0,0,0,looming_escape
164,3.2800000000000002,40.420434661798815,40.0,1.587684453897024e-22,0.146776760890621,0.0,0.0,174.2751895477765,0.0,164,40.420434661798815,40.0,1.587684453897024e-22,0.146776760890621,WANDER,0.55,0,0,0,0,looming_escape
165,3.3000000000000003,40.423355290423125,40.0,1.5915458918369773e-22,0.1460314312155217,0.0,0.0,174.2751895477765,0.0,165,40.423355290423125,40.0,1.5915458918369773e-22,0.1460314312155217,WANDER,0.55,0,0,0,0,looming_escape
166,3.3200000000000003,40.42620933271617,40.0,1.59523214463503e-22,0.14270211465221846,0.0,0.0,174.2751895477765,0.0,166,40.42620933271617,40.0,1.59523214463503e-22,0.14270211465221846,WANDER,0.55,0,0,0,0,looming_escape
167,3.34,40.42894161212669,40.0,1.5987515335854226e-22,0.13661397052605592,0.0,0.0,174.2751895477765,0.0,167,40.42894161212669,40.0,1.5987515335854226e-22,0.13661397052605592,WANDER,0.55,0,0,0,0,looming_escape
168,3.36,40.43160304171553,40.0,1.6021119847209188e-22,0.13307147944216366,0.0,0.0,174.2751895477765,0.0,168,40.43160304171553,40.0,1.6021119847209188e-22,0.13307147944216366,WANDER,0.55,0,0,0,0,looming_escape
169,3.38,40.43425090299628,40.0,1.6053210475877263e-22,0.13239306403743462,0.0,0.0,174.2751895477765,0.0,169,40.43425090299628,40.0,1.6053210475877263e-22,0.13239306403743462,WANDER,0.55,0,0,0,0,looming_escape
170,3.4,40.43693036407649,40.0,1.6109899668471423e-22,0.13397305401040763,0.0,0.0,174.2751895477765,0.0,170,40.43693036407649,40.0,1.6109899668471423e-22,0.13397305401040763,WANDER,0.55,0,0,0,0,looming_escape
171,3.42,40.43967102377344,40.0,1.6163981200406582e-22,0.13703298484755147,0.0,0.0,174.2751895477765,0.0,171,40.43967102377344,40.0,1.6163981200406582e-22,0.13703298484755147,WANDER,0.55,0,0,0,0,looming_escape
172,3.44,40.44248482675788,40.0,1.6215578935564044e-22,0.14069014922174403,0.0,0.0,174.2751895477765,0.0,172,40.44248482675788,40.0,1.6215578935564044e-22,0.14069014922174403,WANDER,0.55,0,0,0,0,looming_escape
173,3.46,40.445365538147584,40.0,1.6316891928661442e-22,0.14403556948546845,0.0,0.0,174.2751895477765,0.0,173,40.445365538147584,40.0,1.6316891928661442e-22,0.14403556948546845,WANDER,0.55,0,0,0,0,looming_escape
174,3.48,40.448289825889255,40.0,1.6413483119349434e-22,0.14621438708366266,0.0,0.0,174.2751895477765,0.0,174,40.448289825889255,40.0,1.6413483119349434e-22,0.14621438708366266,WANDER,0.55,0,0,0,0,looming_escape
175,3.5,40.451219854845455,40.0,1.6505576793242467e-22,0.1465014478099132,0.0,0.0,174.2751895477765,0.0,175,40.451219854845455,40.0,1.6505576793242467e-22,0.1465014478099132,WANDER,0.55,0,0,0,0,looming_escape
176,3.52,40.45410716071206,40.0,1.6645467656758993e-22,0.1443652933303365,0.0,0.0,174.2751895477765,0.0,176,40.45410716071206,40.0,1.6645467656758993e-22,0.1443652933303365,WANDER,0.55,0,0,0,0,looming_escape
177,3.54,40.45689745692319,40.0,1.6778809757794704e-22,0.13951481055623946,0.0,0.0,174.2751895477765,0.0,177,40.45689745692319,40.0,1.6778809757794704e-22,0.13951481055623946,WANDER,0.55,0,0,0,0,looming_escape
178,3.56,40.45958843573103,40.0,1.6905914162567436e-22,0.13454894039204876,0.0,0.0,174.2751895477765,0.0,178,40.45958843573103,40.0,1.6905914162567436e-22,0.13454894039204876,WANDER,0.55,0,0,0,0,looming_escape
179,3.58,40.46224137473364,40.0,1.7027077161649683e-22,0.13264695013054495,0.0,0.0,174.2751895477765,0.0,179,40.46224137473364,40.0,1.7027077161649683e-22,0.13264695013054495,WANDER,0.55,0,0,0,0,looming_escape
180,3.6,40.46490733628638,40.0,1.7142580971811741e-22,0.13329807763712895,0.0,0.0,174.2751895477765,0.0,180,40.46490733628638,40.0,1.7142580971811741e-22,0.13329807763712895,WANDER,0.55,0,0,0,0,looming_escape
181,3.62,40.467623195816216,40.0,1.7278734941712666e-22,0.13579297649162436,0.0,0.0,174.2751895477765,0.0,181,40.467623195816216,40.0,1.7278734941712666e-22,0.13579297649162436,WANDER,0.55,0,0,0,0,looming_escape
182,3.64,40.470408916430586,40.0,1.7408520395966265e-22,0.13928603071836398,0.0,0.0,174.2751895477765,0.0,182,40.470408916430586,40.0,1.7408520395966265e-22,0.13928603071836398,WANDER,0.55,0,0,0,0,looming_escape
183,3.66,40.47326631578609,40.0,1.7532239839065787e-22,0.14286996777520786,0.0,0.0,174.2751895477765,0.0,183,40.47326631578609,40.0,1.7532239839065787e-22,0.14286996777520786,WANDER,0.55,0,0,0,0,looming_escape
184,3.68,40.47617943713064,40.0,1.7650181406541047e-22,0.14565606722751773,0.0,0.0,174.2751895477765,0.0,184,40.47617943713064,40.0,1.7650181406541047e-22,0.14565606722751773,WANDER,0.55,0,0,0,0,looming_escape
185,3.7,40.47911649233467,40.0,1.77626195474842e-22,0.146852760201408,0.0,0.0,174.2751895477765,0.0,185,40.47911649233467,40.0,1.77626195474842e-22,0.146852760201408,WANDER,0.55,0,0,0,0,looming_escape
186,3.72,40.48203320352124,40.0,1.7843775137470176e-22,0.14583555932864342,0.0,0.0,174.2751895477765,0.0,186,40.48203320352124,40.0,1.7843775137470176e-22,0.14583555932864342,WANDER,0.55,0,0,0,0,looming_escape
187,3.74,40.4848772442708,40.0,1.7921171890468036e-22,0.14220203747781665,0.0,0.0,174.2751895477765,0.0,187,40.4848772442708,40.0,1.7921171890468036e-22,0.14220203747781665,WANDER,0.55,0,0,0,0,looming_escape
188,3.7600000000000002,40.487593382594824,40.0,1.7994988351234717e-22,0.13580691620134897,0.0,0.0,174.2751895477765,0.0,188,40.487593382594824,40.0,1.7994988351234717e-22,0.13580691620134897,WANDER,0.55,0,0,0,0,looming_escape
189,3.7800000000000002,40.490245724574606,40.0,1.8091435120836546e-22,0.13261709898914129,0.0,0.0,174.2751895477765,0.0,189,40.490245724574606,40.0,1.8091435120836546e-22,0.13261709898914129,WANDER,0.55,0,0,0,0,looming_escape
190,3.8000000000000003,40.4928904036968,40.0,1.8209440003990603e-22,0.13223395610961614,0.0,0.0,174.2751895477765,0.0,190,40.4928904036968,40.0,1.8209440003990603e-22,0.13223395610961614,WANDER,0.55,0,0,0,0,looming_escape
191,3.8200000000000003,40.49557099815123,40.0,1.8269860123133866e-22,0.13402972272146702,0.0,0.0,174.2751895477765,0.0,191,40.49557099815123,40.0,1.8269860123133866e-22,0.13402972272146702,WANDER,0.55,0,0,0,0,looming_escape
192,3.84,40.49831521373414,40.0,1.8327506340154043e-22,0.13721077914533958,0.0,0.0,174.2751895477765,0.0,192,40.49831521373414,40.0,1.8327506340154043e-22,0.13721077914533958,WANDER,0.55,0,0,0,0,looming_escape
193,3.86,40.50113296517514,40.0,1.843459148977267e-22,0.14088757204994745,0.0,0.0,174.2751895477765,0.0,193,40.50113296517514,40.0,1.843459148977267e-22,0.14088757204994745,WANDER,0.55,0,0,0,0,looming_escape
194,3.88,40.50401602937953,40.0,1.8588772711464825e-22,0.14415321021952957,0.0,0.0,174.2751895477765,0.0,194,40.50401602937953,40.0,1.8588772711464825e-22,0.14415321021952957,WANDER,0.55,0,0,0,0,looming_escape
195,3.9,40.50693930287512,40.0,1.863157520746843e-22,0.14616367477958112,0.0,0.0,174.2751895477765,0.0,195,40.50693930287512,40.0,1.863157520746843e-22,0.14616367477958112,WANDER,0.55,0,0,0,0,looming_escape
196,3.92,40.50986355165335,40.0,1.8672440638448085e-22,0.14621243891173508,0.0,0.0,174.2751895477765,0.0,196,40.50986355165335,40.0,1.8672440638448085e-22,0.14621243891173508,WANDER,0.55,0,0,0,0,looming_escape
197,3.94,40.51273940753732,40.0,1.8633339403436383e-22,0.14379279419822896,0.0,0.0,174.2751895477765,0.0,197,40.51273940753732,40.0,1.8633339403436383e-22,0.14379279419822896,WANDER,0.55,0,0,0,0,looming_escape
198,3.96,40.51551225323163,40.0,1.859618329746371e-22,0.13864228471551499,0.0,0.0,174.2751895477765,0.0,198,40.51551225323163,40.0,1.859618329746371e-22,0.13864228471551499,WANDER,0.55,0,0,0,0,looming_escape
199,3.98,40.51819308337346,40.0,1.8508798852530017e-22,0.13404150709154936,0.0,0.0,174.2751895477765,0.0,199,40.51819308337346,40.0,1.8508798852530017e-22,0.13404150709154936,WANDER,0.55,0,0,0,0,looming_escape
200,4.0,40.52084226262388,40.0,1.8425647500333148e-22,0.13245896252089323,0.0,0.0,174.2751895477765,0.0,200,40.52084226262388,40.0,1.8425647500333148e-22,0.13245896252089323,WANDER,0.55,0,0,0,0,looming_escape
