step,sim_time,pos_x,pos_y,heading,speed,reward,punishment,wind_speed,odor_conc,source_reached,time_step,fly_x,fly_y,fly_heading,fly_speed,state,satiety,food_collected,hazard_encounters,predator_kills,escapes,paradigm
1,0.02,20.002,30.0,0.0,0.1,0.0,0.0,25.0,0.5272924240430485,0.0,1,20.002,30.0,0.0,0.1,SURGE,0.55,0,0,0,0,wind_tunnel
2,0.04,20.003999999999998,30.0,2.7105054312137615e-26,0.1,0.0,0.0,25.0,0.5272966423993143,0.0,2,20.003999999999998,30.0,2.7105054312137615e-26,0.1,SURGE,0.55,0,0,0,0,wind_tunnel
3,0.06,20.005999999999997,30.0,8.00276728565863e-26,0.1,0.0,0.0,25.0,0.527300860789327,0.0,3,20.005999999999997,30.0,8.00276728565863e-26,0.1,SURGE,0.55,0,0,0,0,wind_tunnel
4,0.08,20.007999999999996,30.0,1.575415213323113e-25,0.1,0.0,0.0,25.0,0.527305079213087,0.0,4,20.007999999999996,30.0,1.575415213323113e-25,0.1,SURGE,0.55,0,0,0,0,wind_tunnel
5,0.1,20.009999999999994,30.0,2.5847851631757695e-25,0.1,0.0,0.0,25.0,0.5273092976705945,0.0,5,20.009999999999994,30.0,2.5847851631757695e-25,0.1,SURGE,0.55,0,0,0,0,wind_tunnel
6,0.12,20.0123386052512,30.0,3.8172605835318013e-25,0.11693026256015536,0.0,0.0,25.0,0.5273135161618498,0.0,6,20.0123386052512,30.0,3.8172605835318013e-25,0.11693026256015536,SURGE,0.55,0,0,0,0,wind_tunnel
7,0.14,20.014646421206834,30.0,5.262243964542297e-25,0.11539079778180819,0.0,0.0,25.0,0.5273184488975529,0.0,7,20.014646421206834,30.0,5.262243964542297e-25,0.11539079778180819,SURGE,0.55,0,0,0,0,wind_tunnel
8,0.16,20.01725700642539,30.0,6.367540091833419e-25,0.1305292609277089,0.0,0.0,25.0,0.5273233167357413,0.0,8,20.01725700642539,30.0,6.367540091833419e-25,0.1305292609277089,SURGE,0.55,0,0,0,0,wind_tunnel
9,0.18,20.020342943185796,30.0,7.1492841099568355e-25,0.15429683802028166,0.0,0.0,25.0,0.527328823254316,0.0,9,20.020342943185796,30.0,7.1492841099568355e-25,0.15429683802028166,SURGE,0.55,0,0,0,0,wind_tunnel
10,0.2,20.023639157231845,30.0,7.351794200976638e-25,0.16481070230245543,0.0,0.0,25.0,0.5273353325080922,0.0,10,20.023639157231845,30.0,7.351794200976638e-25,0.16481070230245543,SURGE,0.55,0,0,0,0,wind_tunnel
11,0.22,20.0269347634388,30.0,7.544685062673e-25,0.16478031034764112,0.0,0.0,25.0,0.5273422853944485,0.0,11,20.0269347634388,30.0,7.544685062673e-25,0.16478031034764112,SURGE,0.55,0,0,0,0,wind_tunnel
12,0.24,20.030619534635605,30.0,7.728413608438785e-25,0.18423855984023807,0.0,0.0,25.0,0.5273492370903042,0.0,12,20.030619534635605,30.0,7.728413608438785e-25,0.18423855984023807,SURGE,0.55,0,0,0,0,wind_tunnel
13,0.26,20.034675958397717,30.0,7.903415048280695e-25,0.20282118810566813,0.0,0.0,25.0,0.5273570097927033,0.0,13,20.034675958397717,30.0,7.903415048280695e-25,0.20282118810566813,SURGE,0.55,0,0,0,0,wind_tunnel
14,0.28,20.03869756488351,30.0,7.528002833487362e-25,0.2010803242897092,0.0,0.0,25.0,0.5273655665961458,0.0,14,20.03869756488351,30.0,7.528002833487362e-25,0.2010803242897092,SURGE,0.55,0,0,0,0,wind_tunnel
15,0.3,20.042887343517304,30.0,7.170422698896712e-25,0.20948893168975877,0.0,0.0,25.0,0.5273740500915122,0.0,15,20.042887343517304,30.0,7.170422698896712e-25,0.20948893168975877,SURGE,0.55,0,0,0,0,wind_tunnel
16,0.32,20.047481409989263,30.0,6.287726534456367e-25,0.2297033235980393,0.0,0.0,25.0,0.5273828884876821,0.0,16,20.047481409989263,30.0,6.287726534456367e-25,0.2297033235980393,SURGE,0.55,0,0,0,0,wind_tunnel
17,0.34,20.052275364450907,30.0,6.531160610312442e-25,0.23969772308220955,0.0,0.0,25.0,0.5273925799049115,0.0,17,20.052275364450907,30.0,6.531160610312442e-25,0.23969772308220955,SURGE,0.55,0,0,0,0,wind_tunnel
18,0.36,20.056928038902512,30.0,6.2209304813226015e-25,0.23263372258037,0.0,0.0,25.0,0.5274026931859223,0.0,18,20.056928038902512,30.0,6.2209304813226015e-25,0.23263372258037,SURGE,0.55,0,0,0,0,wind_tunnel
19,0.38,20.061872873791547,30.0,5.925436283459778e-25,0.24724174445166322,0.0,0.0,25.0,0.5274125086094031,0.0,19,20.061872873791547,30.0,5.925436283459778e-25,0.24724174445166322,SURGE,0.55,0,0,0,0,wind_tunnel
20,0.4,20.067160118681254,30.0,6.728180232480943e-25,0.2643622444853044,0.0,0.0,25.0,0.5274229405836655,0.0,20,20.067160118681254,30.0,6.728180232480943e-25,0.2643622444853044,SURGE,0.55,0,0,0,0,wind_tunnel
21,0.42,20.07242810353522,30.0,7.492793843923603e-25,0.2633992426982006,0.0,0.0,25.0,0.5274340951586082,0.0,21,20.07242810353522,30.0,7.492793843923603e-25,0.2633992426982006,SURGE,0.55,0,0,0,0,wind_tunnel
22,0.44,20.077745190753173,30.0,7.678987222579984e-25,0.26585436089760256,0.0,0.0,25.0,0.5274452093350055,0.0,22,20.077745190753173,30.0,7.678987222579984e-25,0.26585436089760256,SURGE,0.55,0,0,0,0,wind_tunnel
23,0.46,20.08340648767325,30.0,7.314235329507435e-25,0.2830648460038525,0.0,0.0,25.0,0.5274564273430222,0.0,23,20.08340648767325,30.0,7.314235329507435e-25,0.2830648460038525,SURGE,0.55,0,0,0,0,wind_tunnel
24,0.48,20.089270711098134,30.0,6.966809151355832e-25,0.29321117124412005,0.0,0.0,25.0,0.5274683718280546,0.0,24,20.089270711098134,30.0,6.966809151355832e-25,0.29321117124412005,SURGE,0.55,0,0,0,0,wind_tunnel
25,0.5,20.094871044468896,30.0,7.7200878891519345e-25,0.2800166685381347,0.0,0.0,25.0,0.527480744742697,0.0,25,20.094871044468896,30.0,7.7200878891519345e-25,0.2800166685381347,SURGE,0.55,0,0,0,0,wind_tunnel
26,0.52,20.10067704770418,30.0,8.437585886902721e-25,0.29030016176435963,0.0,0.0,25.0,0.527492561147117,0.0,26,20.10067704770418,30.0,8.437585886902721e-25,0.29030016176435963,SURGE,0.55,0,0,0,0,wind_tunnel
27,0.54,20.106805259420813,30.0,9.121002729760346e-25,0.3064105858316055,0.0,0.0,25.0,0.5275048117834373,0.0,27,20.106805259420813,30.0,9.121002729760346e-25,0.3064105858316055,SURGE,0.55,0,0,0,0,wind_tunnel
28,0.56,20.112943863292614,30.0,9.22985618633948e-25,0.3069301935900042,0.0,0.0,25.0,0.5275177425865947,0.0,28,20.112943863292614,30.0,9.22985618633948e-25,0.3069301935900042,SURGE,0.55,0,0,0,0,wind_tunnel
29,0.58,20.119024895974476,30.0,9.333539103731107e-25,0.30405163409318897,0.0,0.0,25.0,0.5275306956354497,0.0,29,20.119024895974476,30.0,9.333539103731107e-25,0.30405163409318897,SURGE,0.55,0,0,0,0,wind_tunnel
30,0.6,20.125397209756336,30.0,9.43229708254663e-25,0.31861568909296156,0.0,0.0,25.0,0.5275435275171145,0.0,30,20.125397209756336,30.0,9.43229708254663e-25,0.31861568909296156,SURGE,0.55,0,0,0,0,wind_tunnel
31,0.62,20.13198430020576,30.0,9.526364057368418e-25,0.32935452247118807,0.0,0.0,25.0,0.5275569743800528,0.0,31,20.13198430020576,30.0,9.526364057368418e-25,0.32935452247118807,SURGE,0.55,0,0,0,0,wind_tunnel
32,0.64,20.1383494195257,30.0,8.531760678400665e-25,0.31825596599684436,0.0,0.0,25.0,0.5275708748252089,0.0,32,20.1383494195257,30.0,8.531760678400665e-25,0.31825596599684436,SURGE,0.55,0,0,0,0,wind_tunnel
33,0.66,20.14483472945716,30.0,7.584400959933881e-25,0.32426549657306847,0.0,0.0,25.0,0.5275843072024774,0.0,33,20.14483472945716,30.0,7.584400959933881e-25,0.32426549657306847,SURGE,0.55,0,0,0,0,wind_tunnel
34,0.68,20.15162102831839,30.0,6.682040828094269e-25,0.33931494306160004,0.0,0.0,25.0,0.5275979935709861,0.0,34,20.15162102831839,30.0,6.682040828094269e-25,0.33931494306160004,SURGE,0.55,0,0,0,0,wind_tunnel
35,0.7000000000000001,20.15845108817073,30.0,5.822542802517039e-25,0.3415029926169144,0.0,0.0,25.0,0.5276123155160231,0.0,35,20.15845108817073,30.0,5.822542802517039e-25,0.3415029926169144,SURGE,0.55,0,0,0,0,wind_tunnel
36,0.72,20.16512151712269,30.0,5.003870933154727e-25,0.33352144759794955,0.0,0.0,25.0,0.5276267302077038,0.0,36,20.16512151712269,30.0,5.003870933154727e-25,0.33352144759794955,SURGE,0.55,0,0,0,0,wind_tunnel
37,0.74,20.172029244040974,30.0,4.224085977587125e-25,0.3453863459142827,0.0,0.0,25.0,0.5276408083819859,0.0,37,20.172029244040974,30.0,4.224085977587125e-25,0.3453863459142827,SURGE,0.55,0,0,0,0,wind_tunnel
38,0.76,20.179163590517103,30.0,3.481340807408984e-25,0.3567173238063807,0.0,0.0,25.0,0.5276553877778669,0.0,38,20.179163590517103,30.0,3.481340807408984e-25,0.3567173238063807,SURGE,0.55,0,0,0,0,wind_tunnel
39,0.78,20.18612461319478,30.0,3.858078205299809e-25,0.34805113388388964,0.0,0.0,25.0,0.5276704458981513,0.0,39,20.18612461319478,30.0,3.858078205299809e-25,0.34805113388388964,SURGE,0.55,0,0,0,0,wind_tunnel
40,0.8,20.193121534291826,30.0,4.216920576790819e-25,0.34984605485220116,0.0,0.0,25.0,0.5276851386064637,0.0,40,20.193121534291826,30.0,4.216920576790819e-25,0.34984605485220116,SURGE,0.55,0,0,0,0,wind_tunnel
41,0.8200000000000001,20.20039642181619,30.0,3.474515763150503e-25,0.3637443762181718,0.0,0.0,25.0,0.527699907498252,0.0,41,20.20039642181619,30.0,3.474515763150503e-25,0.3637443762181718,SURGE,0.55,0,0,0,0,wind_tunnel
42,0.84,20.20775056038288,30.0,2.7673751781581014e-25,0.367706928334436,0.0,0.0,25.0,0.5277152635515727,0.0,42,20.20775056038288,30.0,2.7673751781581014e-25,0.367706928334436,SURGE,0.55,0,0,0,0,wind_tunnel
43,0.86,20.214848210654804,30.0,3.1780259434383433e-25,0.35488251359624634,0.0,0.0,25.0,0.5277307873445874,0.0,43,20.214848210654804,30.0,3.1780259434383433e-25,0.35488251359624634,SURGE,0.55,0,0,0,0,wind_tunnel
44,0.88,20.22212799745224,30.0,4.653372969853278e-25,0.3639893398718252,0.0,0.0,25.0,0.5277457701515371,0.0,44,20.22212799745224,30.0,4.653372969853278e-25,0.3639893398718252,SURGE,0.55,0,0,0,0,wind_tunnel
45,0.9,20.22964512141447,30.0,6.058641012513504e-25,0.37585619811155907,0.0,0.0,25.0,0.5277611378820435,0.0,45,20.22964512141447,30.0,6.058641012513504e-25,0.37585619811155907,SURGE,0.55,0,0,0,0,wind_tunnel
46,0.92,20.237042640782697,30.0,6.312956650661864e-25,0.36987596841127374,0.0,0.0,25.0,0.5277770071042077,0.0,46,20.237042640782697,30.0,6.312956650661864e-25,0.36987596841127374,SURGE,0.55,0,0,0,0,wind_tunnel
47,0.9400000000000001,20.24439343346177,30.0,7.639394468483682e-25,0.36753963395358746,0.0,0.0,25.0,0.5277926242977922,0.0,47,20.24439343346177,30.0,7.639394468483682e-25,0.36753963395358746,SURGE,0.55,0,0,0,0,wind_tunnel
48,0.96,20.251996919097216,30.0,8.902826489958962e-25,0.38017428177231816,0.0,0.0,25.0,0.5278081433025801,0.0,48,20.251996919097216,30.0,8.902826489958962e-25,0.38017428177231816,SURGE,0.55,0,0,0,0,wind_tunnel
49,0.98,20.259715932745276,30.0,1.0106245490414168e-24,0.3859506824030047,0.0,0.0,25.0,0.5278241962732394,0.0,49,20.259715932745276,30.0,1.0106245490414168e-24,0.3859506824030047,SURGE,0.55,0,0,0,0,wind_tunnel
50,1.0,20.267087590779173,30.0,1.0168299915862247e-24,0.3685829016948696,0.0,0.0,25.0,0.5278404936535368,0.0,50,20.267087590779173,30.0,1.0168299915862247e-24,0.3685829016948696,SURGE,0.55,0,0,0,0,wind_tunnel
51,1.02,20.274585209067755,30.0,1.1311608928587047e-24,0.3748809144290415,0.0,0.0,25.0,0.5278560581214701,0.0,51,20.274585209067755,30.0,1.1311608928587047e-24,0.3748809144290415,SURGE,0.55,0,0,0,0,wind_tunnel
52,1.04,20.28232891316028,30.0,1.2400610763207419e-24,0.3871852046263766,0.0,0.0,25.0,0.5278718890117973,0.0,52,20.28232891316028,30.0,1.2400610763207419e-24,0.3871852046263766,SURGE,0.55,0,0,0,0,wind_tunnel
53,1.06,20.290010312251063,30.0,1.2353682838197819e-24,0.3840699545390105,0.0,0.0,25.0,0.5278882399998596,0.0,53,20.290010312251063,30.0,1.2353682838197819e-24,0.3840699545390105,SURGE,0.55,0,0,0,0,wind_tunnel
54,1.08,20.297564714367052,30.0,1.2308983989626174e-24,0.3777201057994901,0.0,0.0,25.0,0.5279044599300288,0.0,54,20.297564714367052,30.0,1.2308983989626174e-24,0.3777201057994901,SURGE,0.55,0,0,0,0,wind_tunnel
55,1.1,20.305344095958503,30.0,1.2266408336361682e-24,0.38896907957247917,0.0,0.0,25.0,0.5279204121813236,0.0,55,20.305344095958503,30.0,1.2266408336361682e-24,0.38896907957247917,SURGE,0.55,0,0,0,0,wind_tunnel
56,1.12,20.313274936166085,30.0,1.3310057199112759e-24,0.3965420103791274,0.0,0.0,25.0,0.5279368400142641,0.0,56,20.313274936166085,30.0,1.3310057199112759e-24,0.3965420103791274,SURGE,0.55,0,0,0,0,wind_tunnel
57,1.1400000000000001,20.320923336505064,30.0,1.430413274088316e-24,0.3824200169489263,0.0,0.0,25.0,0.5279535882107886,0.0,57,20.320923336505064,30.0,1.430413274088316e-24,0.3824200169489263,SURGE,0.55,0,0,0,0,wind_tunnel
58,1.16,20.32863417980971,30.0,1.4166787521933962e-24,0.3855421652323068,0.0,0.0,25.0,0.5279697404594773,0.0,58,20.32863417980971,30.0,1.4166787521933962e-24,0.3855421652323068,SURGE,0.55,0,0,0,0,wind_tunnel
59,1.18,20.336590863042336,30.0,1.2951764028399345e-24,0.3978341616311727,0.0,0.0,25.0,0.5279860250783653,0.0,59,20.336590863042336,30.0,1.2951764028399345e-24,0.3978341616311727,SURGE,0.55,0,0,0,0,wind_tunnel
60,1.2,20.344538639969354,30.0,1.1794454150807624e-24,0.3973888463508562,0.0,0.0,25.0,0.5280028294159888,0.0,60,20.344538639969354,30.0,1.1794454150807624e-24,0.3973888463508562,SURGE,0.55,0,0,0,0,wind_tunnel
61,1.22,20.352276488727632,30.0,1.069211649240151e-24,0.3868924379138641,0.0,0.0,25.0,0.5280196154776312,0.0,61,20.352276488727632,30.0,1.069211649240151e-24,0.3868924379138641,SURGE,0.55,0,0,0,0,wind_tunnel
62,1.24,20.36020360156095,30.0,1.072634204525519e-24,0.39635564166598103,0.0,0.0,25.0,0.5280359586742561,0.0,62,20.36020360156095,30.0,1.072634204525519e-24,0.39635564166598103,SURGE,0.55,0,0,0,0,wind_tunnel
63,1.26,20.368311461585936,30.0,8.590537539377312e-25,0.4053930012492526,0.0,0.0,25.0,0.5280527021422073,0.0,63,20.368311461585936,30.0,8.590537539377312e-25,0.4053930012492526,SURGE,0.55,0,0,0,0,wind_tunnel
64,1.28,20.376202189702774,30.0,7.640385920014137e-25,0.3945364058418322,0.0,0.0,25.0,0.528069827929492,0.0,64,20.376202189702774,30.0,7.640385920014137e-25,0.3945364058418322,SURGE,0.55,0,0,0,0,wind_tunnel
65,1.3,20.384086979494214,30.0,7.819568675056217e-25,0.39423948957203636,0.0,0.0,25.0,0.5280864956142864,0.0,65,20.384086979494214,30.0,7.819568675056217e-25,0.39423948957203636,SURGE,0.55,0,0,0,0,wind_tunnel
66,1.32,20.392209781621727,30.0,6.9060380767482935e-25,0.4061401063756144,0.0,0.0,25.0,0.5281031512809764,0.0,66,20.392209781621727,30.0,6.9060380767482935e-25,0.4061401063756144,SURGE,0.55,0,0,0,0,wind_tunnel
67,1.34,20.400373678634423,30.0,7.1201023543455015e-25,0.4081948506347936,0.0,0.0,25.0,0.5281203102693361,0.0,67,20.400373678634423,30.0,7.1201023543455015e-25,0.4081948506347936,SURGE,0.55,0,0,0,0,wind_tunnel
68,1.36,20.408244648222286,30.0,8.408200751242347e-25,0.3935484793930879,0.0,0.0,25.0,0.528137556630223,0.0,68,20.408244648222286,30.0,8.408200751242347e-25,0.3935484793930879,SURGE,0.55,0,0,0,0,wind_tunnel
69,1.3800000000000001,20.41626295496644,30.0,1.0719316646772096e-24,0.4009153372078089,0.0,0.0,25.0,0.5281541847105656,0.0,69,20.41626295496644,30.0,1.0719316646772096e-24,0.4009153372078089,SURGE,0.55,0,0,0,0,wind_tunnel
70,1.4000000000000001,20.42448536547779,30.0,1.2920654537264182e-24,0.4111205255674235,0.0,0.0,25.0,0.5281711245912674,0.0,70,20.42448536547779,30.0,1.2920654537264182e-24,0.4111205255674235,SURGE,0.55,0,0,0,0,wind_tunnel
71,1.42,20.432556433500423,30.0,1.6101631050443398e-24,0.4035534011316242,0.0,0.0,25.0,0.5281884962361659,0.0,71,20.432556433500423,30.0,1.6101631050443398e-24,0.4035534011316242,SURGE,0.55,0,0,0,0,wind_tunnel
72,1.44,20.440550465144455,30.0,2.021571335173211e-24,0.3997015822015222,0.0,0.0,25.0,0.5282055486925551,0.0,72,20.440550465144455,30.0,2.021571335173211e-24,0.3997015822015222,SURGE,0.55,0,0,0,0,wind_tunnel
73,1.46,20.448768243991438,30.0,2.4134376743709603e-24,0.4108889423490958,0.0,0.0,25.0,0.528222438930079,0.0,73,20.448768243991438,30.0,2.4134376743709603e-24,0.4108889423490958,SURGE,0.55,0,0,0,0,wind_tunnel
74,1.48,20.457073907656515,30.0,2.895110579705367e-24,0.41528318325382724,0.0,0.0,25.0,0.5282398024761976,0.0,74,20.457073907656515,30.0,2.895110579705367e-24,0.41528318325382724,SURGE,0.55,0,0,0,0,wind_tunnel
75,1.5,20.465005816456664,30.0,3.3539040220363896e-24,0.3965954400074052,0.0,0.0,25.0,0.5282573522962573,0.0,75,20.465005816456664,30.0,3.3539040220363896e-24,0.3965954400074052,SURGE,0.55,0,0,0,0,wind_tunnel
76,1.52,20.473038474227014,30.0,3.790904775856689e-24,0.40163288851751305,0.0,0.0,25.0,0.528274112918709,0.0,76,20.473038474227014,30.0,3.790904775856689e-24,0.40163288851751305,SURGE,0.55,0,0,0,0,wind_tunnel
77,1.54,20.481293141024633,30.0,4.207147993870523e-24,0.412733339880867,0.0,0.0,25.0,0.5282910869720332,0.0,77,20.481293141024633,30.0,4.207147993870523e-24,0.412733339880867,SURGE,0.55,0,0,0,0,wind_tunnel
78,1.56,20.489462509498775,30.0,4.603619659028701e-24,0.4084684237070487,0.0,0.0,25.0,0.5283085307275968,0.0,78,20.489462509498775,30.0,4.603619659028701e-24,0.4084684237070487,SURGE,0.55,0,0,0,0,wind_tunnel
79,1.58,20.497482922375873,30.0,5.089679137340415e-24,0.4010206438549667,0.0,0.0,25.0,0.5283257947978905,0.0,79,20.497482922375873,30.0,5.089679137340415e-24,0.4010206438549667,SURGE,0.55,0,0,0,0,wind_tunnel
80,1.6,20.505707344244183,30.0,5.552650790432324e-24,0.4112210934154593,0.0,0.0,25.0,0.52834274463381,0.0,80,20.505707344244183,30.0,5.552650790432324e-24,0.4112210934154593,SURGE,0.55,0,0,0,0,wind_tunnel
81,1.62,20.514063197916165,30.0,5.8852110727538156e-24,0.4177926835991733,0.0,0.0,25.0,0.5283601261742065,0.0,81,20.514063197916165,30.0,5.8852110727538156e-24,0.4177926835991733,SURGE,0.55,0,0,0,0,wind_tunnel
82,1.6400000000000001,20.522117486113647,30.0,6.3103949589135874e-24,0.4027144098740701,0.0,0.0,25.0,0.5283777860689335,0.0,82,20.522117486113647,30.0,6.3103949589135874e-24,0.4027144098740701,SURGE,0.55,0,0,0,0,wind_tunnel
83,1.6600000000000001,20.530215952323164,30.0,6.71538261048077e-24,0.4049233104758192,0.0,0.0,25.0,0.5283948091710146,0.0,83,20.530215952323164,30.0,6.71538261048077e-24,0.4049233104758192,SURGE,0.55,0,0,0,0,wind_tunnel
84,1.68,20.53854281542994,30.0,6.992713131349961e-24,0.41634315533872696,0.0,0.0,25.0,0.5284119261982858,0.0,84,20.53854281542994,30.0,6.992713131349961e-24,0.41634315533872696,SURGE,0.55,0,0,0,0,wind_tunnel
85,1.7,20.54684411413677,30.0,7.148450235229315e-24,0.4150649353415705,0.0,0.0,25.0,0.5284295265464893,0.0,85,20.54684411413677,30.0,7.148450235229315e-24,0.4150649353415705,SURGE,0.55,0,0,0,0,wind_tunnel
86,1.72,20.55491957619477,30.0,7.2967898266744e-24,0.40377310289999635,0.0,0.0,25.0,0.5284470734431932,0.0,86,20.55491957619477,30.0,7.2967898266744e-24,0.40377310289999635,SURGE,0.55,0,0,0,0,wind_tunnel
87,1.74,20.563169109729326,30.0,7.329663070277292e-24,0.41247667672773747,0.0,0.0,25.0,0.5284641435360545,0.0,87,20.563169109729326,30.0,7.329663070277292e-24,0.41247667672773747,SURGE,0.55,0,0,0,0,wind_tunnel
88,1.76,20.57158488152399,30.0,7.469395052057599e-24,0.42078858973322997,0.0,0.0,25.0,0.5284815821544696,0.0,88,20.57158488152399,30.0,7.469395052057599e-24,0.42078858973322997,SURGE,0.55,0,0,0,0,wind_tunnel
89,1.78,20.57976966538087,30.0,7.60248976470334e-24,0.40923919284403054,0.0,0.0,25.0,0.5284993727754839,0.0,89,20.57976966538087,30.0,7.60248976470334e-24,0.40923919284403054,SURGE,0.55,0,0,0,0,wind_tunnel
90,1.8,20.587935278404053,30.0,7.729262478498408e-24,0.40828065115913587,0.0,0.0,25.0,0.5285166756712619,0.0,90,20.587935278404053,30.0,7.729262478498408e-24,0.40828065115913587,SURGE,0.55,0,0,0,0,wind_tunnel
91,1.82,20.59632626671788,30.0,7.85001348838821e-24,0.41954941569129445,0.0,0.0,25.0,0.5285339386037845,0.0,91,20.59632626671788,30.0,7.85001348838821e-24,0.41954941569129445,SURGE,0.55,0,0,0,0,wind_tunnel
92,1.84,20.604746281538507,30.0,7.748188390811146e-24,0.421000741031268,0.0,0.0,25.0,0.528551678589904,0.0,92,20.604746281538507,30.0,7.748188390811146e-24,0.421000741031268,SURGE,0.55,0,0,0,0,wind_tunnel
93,1.86,20.612861843632942,30.0,7.651199985368992e-24,0.4057781047217211,0.0,0.0,25.0,0.5285694805415565,0.0,93,20.612861843632942,30.0,7.651199985368992e-24,0.4057781047217211,SURGE,0.55,0,0,0,0,wind_tunnel
94,1.8800000000000001,20.621113736220874,30.0,7.45039831193679e-24,0.41259462939665364,0.0,0.0,25.0,0.5285866393738243,0.0,94,20.621113736220874,30.0,7.45039831193679e-24,0.41259462939665364,SURGE,0.55,0,0,0,0,wind_tunnel
95,1.9000000000000001,20.62955922121303,30.0,7.259134717992619e-24,0.4222742496077702,0.0,0.0,25.0,0.5286040870224611,0.0,95,20.62955922121303,30.0,7.259134717992619e-24,0.4222742496077702,SURGE,0.55,0,0,0,0,wind_tunnel
96,1.92,20.63784332536483,30.0,7.076956144760795e-24,0.4142052075901552,0.0,0.0,25.0,0.5286219445956262,0.0,96,20.63784332536483,30.0,7.076956144760795e-24,0.4142052075901552,SURGE,0.55,0,0,0,0,wind_tunnel
97,1.94,20.646040806512218,30.0,7.120271488254584e-24,0.4098740573694195,0.0,0.0,25.0,0.5286394615228325,0.0,97,20.646040806512218,30.0,7.120271488254584e-24,0.4098740573694195,SURGE,0.55,0,0,0,0,wind_tunnel
98,1.96,20.654452879634906,30.0,7.161529352932418e-24,0.42060365613443773,0.0,0.0,25.0,0.528656795855105,0.0,98,20.654452879634906,30.0,7.161529352932418e-24,0.42060365613443773,SURGE,0.55,0,0,0,0,wind_tunnel
99,1.98,20.662944094333284,30.0,7.309247686286605e-24,0.4245607349188288,0.0,0.0,25.0,0.5286745845528772,0.0,99,20.662944094333284,30.0,7.309247686286605e-24,0.4245607349188288,SURGE,0.55,0,0,0,0,wind_tunnel
100,2.0,20.671053204370235,30.0,7.449949398806468e-24,0.4054555018474818,0.0,0.0,25.0,0.5286925412154353,0.0,100,20.671053204370235,30.0,7.449949398806468e-24,0.4054555018474818,SURGE,0.55,0,0,0,0,wind_tunnel
101,2.02,20.67925508932173,30.0,7.583967779981638e-24,0.41009424757478624,0.0,0.0,25.0,0.5287096903975327,0.0,101,20.67925508932173,30.0,7.583967779981638e-24,0.41009424757478624,SURGE,0.55,0,0,0,0,wind_tunnel
102,2.04,20.687671368077343,30.0,7.711620288050988e-24,0.42081393778056286,0.0,0.0,25.0,0.5287270363462836,0.0,102,20.687671368077343,30.0,7.711620288050988e-24,0.42081393778056286,SURGE,0.55,0,0,0,0,wind_tunnel
103,2.06,20.695995075971368,30.0,7.833209301987044e-24,0.4161853947012582,0.0,0.0,25.0,0.5287448363023948,0.0,103,20.695995075971368,30.0,7.833209301987044e-24,0.4161853947012582,SURGE,0.55,0,0,0,0,wind_tunnel
104,2.08,20.704162882994456,30.0,7.840602620512586e-24,0.40839035115443684,0.0,0.0,25.0,0.5287624410657384,0.0,104,20.704162882994456,30.0,7.840602620512586e-24,0.40839035115443684,SURGE,0.55,0,0,0,0,wind_tunnel
105,2.1,20.712528066272185,30.0,7.847644756408165e-24,0.41825916388645334,0.0,0.0,25.0,0.5287797166662631,0.0,105,20.712528066272185,30.0,7.847644756408165e-24,0.41825916388645334,SURGE,0.55,0,0,0,0,wind_tunnel
106,2.12,20.721018347090165,30.0,7.854352390848704e-24,0.4245140408989726,0.0,0.0,25.0,0.5287974103192566,0.0,106,20.721018347090165,30.0,7.854352390848704e-24,0.4245140408989726,SURGE,0.55,0,0,0,0,wind_tunnel
107,2.14,20.729201013212073,30.0,7.752321195404766e-24,0.40913330609537835,0.0,0.0,25.0,0.5288153691782441,0.0,107,20.729201013212073,30.0,7.752321195404766e-24,0.40913330609537835,SURGE,0.55,0,0,0,0,wind_tunnel
108,2.16,20.737422080339417,30.0,7.655136481744417e-24,0.41105335636716855,0.0,0.0,25.0,0.5288326779399307,0.0,108,20.737422080339417,30.0,7.655136481744417e-24,0.41105335636716855,SURGE,0.55,0,0,0,0,wind_tunnel
109,2.18,20.745866027322716,30.0,7.670988259231483e-24,0.42219734916496565,0.0,0.0,25.0,0.5288500685016451,0.0,109,20.745866027322716,30.0,7.670988259231483e-24,0.42219734916496565,SURGE,0.55,0,0,0,0,wind_tunnel
110,2.2,20.75427914113163,30.0,8.011347729033566e-24,0.42065569044562834,0.0,0.0,25.0,0.5288679311310677,0.0,110,20.75427914113163,30.0,8.011347729033566e-24,0.42065569044562834,SURGE,0.55,0,0,0,0,wind_tunnel
111,2.22,20.762461386612117,30.0,8.33554012402005e-24,0.40911227402437156,0.0,0.0,25.0,0.5288857291349172,0.0,111,20.762461386612117,30.0,8.33554012402005e-24,0.40911227402437156,SURGE,0.55,0,0,0,0,wind_tunnel
112,2.24,20.770812898315146,30.0,8.644333380244676e-24,0.41757558515151577,0.0,0.0,25.0,0.5289030393096555,0.0,112,20.770812898315146,30.0,8.644333380244676e-24,0.41757558515151577,SURGE,0.55,0,0,0,0,wind_tunnel
113,2.2600000000000002,20.779326059260704,30.0,8.938458956798632e-24,0.42565804727793816,0.0,0.0,25.0,0.5289207081644673,0.0,113,20.779326059260704,30.0,8.938458956798632e-24,0.42565804727793816,SURGE,0.55,0,0,0,0,wind_tunnel
114,2.2800000000000002,20.78760384975669,30.0,9.327033785714826e-24,0.41388952479922675,0.0,0.0,25.0,0.5289387196195986,0.0,114,20.78760384975669,30.0,9.327033785714826e-24,0.41388952479922675,SURGE,0.55,0,0,0,0,wind_tunnel
115,2.3000000000000003,20.795858284120214,30.0,9.805571527506051e-24,0.4127217181763483,0.0,0.0,25.0,0.5289562336851775,0.0,115,20.795858284120214,30.0,9.805571527506051e-24,0.4127217181763483,SURGE,0.55,0,0,0,0,wind_tunnel
116,2.32,20.80433409681407,30.0,1.0152958509313642e-23,0.42379063469273226,0.0,0.0,25.0,0.5289736989115555,0.0,116,20.80433409681407,30.0,1.0152958509313642e-23,0.42379063469273226,SURGE,0.55,0,0,0,0,wind_tunnel
117,2.34,20.812835118917622,30.0,1.0592264826733923e-23,0.42505110517764105,0.0,0.0,25.0,0.528991633143536,0.0,117,20.812835118917622,30.0,1.0592264826733923e-23,0.42505110517764105,SURGE,0.55,0,0,0,0,wind_tunnel
118,2.36,20.821028042967253,30.0,1.1010704094076741e-23,0.40964620248150735,0.0,0.0,25.0,0.529009621327634,0.0,118,20.821028042967253,30.0,1.1010704094076741e-23,0.40964620248150735,SURGE,0.55,0,0,0,0,wind_tunnel
119,2.38,20.829353816222397,30.0,1.1409267496220775e-23,0.4162886627572496,0.0,0.0,25.0,0.5290269581543072,0.0,119,20.829353816222397,30.0,1.1409267496220775e-23,0.4162886627572496,SURGE,0.55,0,0,0,0,wind_tunnel
120,2.4,20.83786985725174,30.0,1.1788899136762967e-23,0.4258020514671393,0.0,0.0,25.0,0.5290445766816791,0.0,120,20.83786985725174,30.0,1.1788899136762967e-23,0.4258020514671393,SURGE,0.55,0,0,0,0,wind_tunnel
121,2.42,20.846221342419057,30.0,1.2150498274379404e-23,0.4175742583658526,0.0,0.0,25.0,0.5290625984499112,0.0,121,20.846221342419057,30.0,1.2150498274379404e-23,0.4175742583658526,SURGE,0.55,0,0,0,0,wind_tunnel
122,2.44,20.85448317243626,30.0,1.2386501235710512e-23,0.4130915008602105,0.0,0.0,25.0,0.5290802725788941,0.0,122,20.85448317243626,30.0,1.2386501235710512e-23,0.4130915008602105,SURGE,0.55,0,0,0,0,wind_tunnel
123,2.46,20.862956698729622,30.0,1.2611294056378391e-23,0.42367631466814315,0.0,0.0,25.0,0.5290977575529183,0.0,123,20.862956698729622,30.0,1.2611294056378391e-23,0.42367631466814315,SURGE,0.55,0,0,0,0,wind_tunnel
124,2.48,20.871506601205994,30.0,1.2716989000815995e-23,0.4274951238185174,0.0,0.0,25.0,0.5291156911518797,0.0,124,20.871506601205994,30.0,1.2716989000815995e-23,0.4274951238185174,SURGE,0.55,0,0,0,0,wind_tunnel
125,2.5,20.879671758070927,30.0,1.2926083652641364e-23,0.40825784324668446,0.0,0.0,25.0,0.5291337870115459,0.0,125,20.879671758070927,30.0,1.2926083652641364e-23,0.40825784324668446,SURGE,0.55,0,0,0,0,wind_tunnel
126,2.52,20.887927167743147,30.0,1.3125246308505028e-23,0.41277048361102486,0.0,0.0,25.0,0.5291510691352608,0.0,126,20.887927167743147,30.0,1.3125246308505028e-23,0.41277048361102486,SURGE,0.55,0,0,0,0,wind_tunnel
127,2.54,20.89639456260705,30.0,1.3206528520966617e-23,0.4233697431951707,0.0,0.0,25.0,0.5291685428591816,0.0,127,20.89639456260705,30.0,1.3206528520966617e-23,0.4233697431951707,SURGE,0.55,0,0,0,0,wind_tunnel
128,2.56,20.904767086384496,30.0,1.3392370045584831e-23,0.41862618887220865,0.0,0.0,25.0,0.5291864658787102,0.0,128,20.904767086384496,30.0,1.3392370045584831e-23,0.41862618887220865,SURGE,0.55,0,0,0,0,wind_tunnel
129,2.58,20.91298151257625,30.0,1.346096388053513e-23,0.41072130958769454,0.0,0.0,25.0,0.5292041886805507,0.0,129,20.91298151257625,30.0,1.346096388053513e-23,0.41072130958769454,SURGE,0.55,0,0,0,0,wind_tunnel
130,2.6,20.921391217160053,30.0,1.352629950832529e-23,0.4204852291902145,0.0,0.0,25.0,0.5292215774012191,0.0,130,20.921391217160053,30.0,1.352629950832529e-23,0.4204852291902145,SURGE,0.55,0,0,0,0,wind_tunnel
131,2.62,20.929924015825335,30.0,1.369695191104397e-23,0.42663993326406446,0.0,0.0,25.0,0.5292393800891494,0.0,131,20.929924015825335,30.0,1.369695191104397e-23,0.42663993326406446,SURGE,0.55,0,0,0,0,wind_tunnel
132,2.64,20.938147286491418,30.0,1.385949832463351e-23,0.41116353330404104,0.0,0.0,25.0,0.5292574439697227,0.0,132,20.938147286491418,30.0,1.385949832463351e-23,0.41116353330404104,SURGE,0.55,0,0,0,0,wind_tunnel
133,2.66,20.94640713095845,30.0,1.3905903566328996e-23,0.4129922233514416,0.0,0.0,25.0,0.5292748531648974,0.0,133,20.94640713095845,30.0,1.3905903566328996e-23,0.4129922233514416,SURGE,0.55,0,0,0,0,wind_tunnel
134,2.68,20.954888110301148,30.0,1.3950104559043947e-23,0.42404896713494633,0.0,0.0,25.0,0.5292923403656488,0.0,134,20.954888110301148,30.0,1.3950104559043947e-23,0.42404896713494633,SURGE,0.55,0,0,0,0,wind_tunnel
135,2.7,20.963336590013288,30.0,1.4100626221853488e-23,0.4224239856069598,0.0,0.0,25.0,0.5293102963398351,0.0,135,20.963336590013288,30.0,1.4100626221853488e-23,0.4224239856069598,SURGE,0.55,0,0,0,0,wind_tunnel
136,2.72,20.971552609931358,30.0,1.4243998105679576e-23,0.41080099590344327,0.0,0.0,25.0,0.5293281841112826,0.0,136,20.971552609931358,30.0,1.4243998105679576e-23,0.41080099590344327,SURGE,0.55,0,0,0,0,wind_tunnel
137,2.74,20.979936376222277,30.0,1.4380559825023925e-23,0.4191883145460293,0.0,0.0,25.0,0.529345580280751,0.0,137,20.979936376222277,30.0,1.4380559825023925e-23,0.4191883145460293,SURGE,0.55,0,0,0,0,wind_tunnel
138,2.7600000000000002,20.988480340299272,30.0,1.4510634862699418e-23,0.4271982038496986,0.0,0.0,25.0,0.5293633322169342,0.0,138,20.988480340299272,30.0,1.4510634862699418e-23,0.4271982038496986,SURGE,0.55,0,0,0,0,wind_tunnel
139,2.7800000000000002,20.99678754778578,30.0,1.4634531336085324e-23,0.4153603743252579,0.0,0.0,25.0,0.5293814239712596,0.0,139,20.99678754778578,30.0,1.4634531336085324e-23,0.4153603743252579,SURGE,0.55,0,0,0,0,wind_tunnel
140,2.8000000000000003,21.005070075375254,30.0,1.464412250973685e-23,0.4141263794737081,0.0,0.0,25.0,0.5293990149888362,0.0,140,21.005070075375254,30.0,1.464412250973685e-23,0.4141263794737081,SURGE,0.55,0,0,0,0,wind_tunnel
141,2.82,21.013572717099887,30.0,1.4653258102639926e-23,0.42513208623171095,0.0,0.0,25.0,0.5294165543271646,0.0,141,21.013572717099887,30.0,1.4653258102639926e-23,0.42513208623171095,SURGE,0.55,0,0,0,0,wind_tunnel
142,2.84,21.022099360927836,30.0,1.4661959754880108e-23,0.42633219139736567,0.0,0.0,25.0,0.5294345603904993,0.0,142,21.022099360927836,30.0,1.4661959754880108e-23,0.42633219139736567,SURGE,0.55,0,0,0,0,wind_tunnel
143,2.86,21.030316753724264,30.0,1.467024807863888e-23,0.4108696398213445,0.0,0.0,25.0,0.529452617898144,0.0,143,21.030316753724264,30.0,1.467024807863888e-23,0.4108696398213445,SURGE,0.55,0,0,0,0,wind_tunnel
144,2.88,21.0386658946326,30.0,1.478656292426766e-23,0.41745704541679407,0.0,0.0,25.0,0.5294700210646732,0.0,144,21.0386658946326,30.0,1.478656292426766e-23,0.41745704541679407,SURGE,0.55,0,0,0,0,wind_tunnel
145,2.9,21.04720425177074,30.0,1.4897352814729076e-23,0.4269178569070043,0.0,0.0,25.0,0.529487703839194,0.0,145,21.04720425177074,30.0,1.4897352814729076e-23,0.4269178569070043,SURGE,0.55,0,0,0,0,wind_tunnel
146,2.92,21.05557704882196,30.0,1.4894459968145023e-23,0.4186398525609236,0.0,0.0,25.0,0.5295057879684723,0.0,146,21.05557704882196,30.0,1.4894459968145023e-23,0.4186398525609236,SURGE,0.55,0,0,0,0,wind_tunnel
147,2.94,21.06385923168829,30.0,1.478328431452516e-23,0.41410914331650334,0.0,0.0,25.0,0.5295235220434387,0.0,147,21.06385923168829,30.0,1.478328431452516e-23,0.41410914331650334,SURGE,0.55,0,0,0,0,wind_tunnel
148,2.96,21.07235219495257,30.0,1.4677389504452242e-23,0.42464816321390275,0.0,0.0,25.0,0.5295410647765877,0.0,148,21.07235219495257,30.0,1.4677389504452242e-23,0.42464816321390275,SURGE,0.55,0,0,0,0,wind_tunnel
149,2.98,21.08092065973616,30.0,1.457652469785779e-23,0.4284232391797178,0.0,0.0,25.0,0.5295590545733996,0.0,149,21.08092065973616,30.0,1.457652469785779e-23,0.4284232391797178,SURGE,0.55,0,0,0,0,wind_tunnel
150,3.0,21.089103543604494,30.0,1.448045096957657e-23,0.40914419341663105,0.0,0.0,25.0,0.5295772049168788,0.0,150,21.089103543604494,30.0,1.448045096957657e-23,0.40914419341663105,SURGE,0.55,0,0,0,0,wind_tunnel
151,3.02,21.09737588256496,30.0,1.4280520526140163e-23,0.4136169480233239,0.0,0.0,25.0,0.5295945390756326,0.0,151,21.09737588256496,30.0,1.4280520526140163e-23,0.4136169480233239,SURGE,0.55,0,0,0,0,wind_tunnel
152,3.04,21.10585944489914,30.0,1.4090086778766982e-23,0.42417811670891625,0.0,0.0,25.0,0.5296120633077191,0.0,152,21.10585944489914,30.0,1.4090086778766982e-23,0.42417811670891625,SURGE,0.55,0,0,0,0,wind_tunnel
153,3.06,21.114247408610694,30.0,1.3800278417145477e-23,0.4193981855778356,0.0,0.0,25.0,0.5296300356004635,0.0,153,21.114247408610694,30.0,1.3800278417145477e-23,0.4193981855778356,SURGE,0.55,0,0,0,0,wind_tunnel
154,3.08,21.122476579939526,30.0,1.3415815735452443e-23,0.41145856644156836,0.0,0.0,25.0,0.529647805968653,0.0,154,21.122476579939526,30.0,1.3415815735452443e-23,0.41145856644156836,SURGE,0.55,0,0,0,0,wind_tunnel
155,3.1,21.13090036612924,30.0,1.3158035248388379e-23,0.421189309485664,0.0,0.0,25.0,0.529665240505752,0.0,155,21.13090036612924,30.0,1.3158035248388379e-23,0.421189309485664,SURGE,0.55,0,0,0,0,wind_tunnel
156,3.12,21.139446612728165,30.0,1.2912499334459858e-23,0.4273123299462187,0.0,0.0,25.0,0.5296830879533891,0.0,156,21.139446612728165,30.0,1.2912499334459858e-23,0.4273123299462187,SURGE,0.55,0,0,0,0,wind_tunnel
157,3.14,21.147682726170874,30.0,1.2678626376442942e-23,0.41180567213549824,0.0,0.0,25.0,0.5297011954720456,0.0,157,21.147682726170874,30.0,1.2678626376442942e-23,0.41180567213549824,SURGE,0.55,0,0,0,0,wind_tunnel
158,3.16,21.155954835489585,30.0,1.2455862383931828e-23,0.4136054659354832,0.0,0.0,25.0,0.5297186464760476,0.0,158,21.155954835489585,30.0,1.2455862383931828e-23,0.4136054659354832,SURGE,0.55,0,0,0,0,wind_tunnel
159,3.18,21.16444752776564,30.0,1.2243679681064992e-23,0.4246346138027061,0.0,0.0,25.0,0.5297361743282378,0.0,159,21.16444752776564,30.0,1.2243679681064992e-23,0.4246346138027061,SURGE,0.55,0,0,0,0,wind_tunnel
160,3.2,21.17290719332913,30.0,1.1933155439335781e-23,0.4229832781746704,0.0,0.0,25.0,0.5297541701791668,0.0,160,21.17290719332913,30.0,1.1933155439335781e-23,0.4229832781746704,SURGE,0.55,0,0,0,0,wind_tunnel
161,3.22,21.181133895735243,30.0,1.1637381099088708e-23,0.41133512030560687,0.0,0.0,25.0,0.5297720966549114,0.0,161,21.181133895735243,30.0,1.1637381099088708e-23,0.41133512030560687,SURGE,0.55,0,0,0,0,wind_tunnel
162,3.24,21.189527863802244,30.0,1.135565604000337e-23,0.41969840335009556,0.0,0.0,25.0,0.5297895300512775,0.0,162,21.189527863802244,30.0,1.135565604000337e-23,0.41969840335009556,SURGE,0.55,0,0,0,0,wind_tunnel
163,3.2600000000000002,21.198081570575397,30.0,1.1087312921224587e-23,0.42768533865758185,0.0,0.0,25.0,0.529807318495497,0.0,163,21.198081570575397,30.0,1.1087312921224587e-23,0.42768533865758185,SURGE,0.55,0,0,0,0,wind_tunnel
164,3.2800000000000002,21.206398082336733,30.0,1.0831716100587795e-23,0.4158255880667864,0.0,0.0,25.0,0.5298254460714059,0.0,164,21.206398082336733,30.0,1.0831716100587795e-23,0.4158255880667864,SURGE,0.55,0,0,0,0,wind_tunnel
165,3.3000000000000003,21.21468949550867,30.0,1.04798399116827e-23,0.41457065859686787,0.0,0.0,25.0,0.5298430715627843,0.0,165,21.21468949550867,30.0,1.04798399116827e-23,0.41457065859686787,SURGE,0.55,0,0,0,0,wind_tunnel
166,3.3200000000000003,21.223200622964555,30.0,1.0144677841750598e-23,0.4255563727943285,0.0,0.0,25.0,0.5298606444454813,0.0,166,21.223200622964555,30.0,1.0144677841750598e-23,0.4255563727943285,SURGE,0.55,0,0,0,0,wind_tunnel
167,3.34,21.23173537066585,30.0,9.717015752891719e-24,0.4267373850646654,0.0,0.0,25.0,0.5298786835984615,0.0,167,21.23173537066585,30.0,9.717015752891719e-24,0.4267373850646654,SURGE,0.55,0,0,0,0,wind_tunnel
168,3.36,21.239960502661322,30.0,9.309667613253637e-24,0.4112565997736158,0.0,0.0,25.0,0.5298967734307514,0.0,168,21.239960502661322,30.0,9.309667613253637e-24,0.4112565997736158,SURGE,0.55,0,0,0,0,wind_tunnel
169,3.38,21.248317034504748,30.0,8.813248292999815e-24,0.4178265921712132,0.0,0.0,25.0,0.5299142076011681,0.0,169,21.248317034504748,30.0,8.813248292999815e-24,0.4178265921712132,SURGE,0.55,0,0,0,0,wind_tunnel
170,3.4,21.256862449985896,30.0,8.340408890458049e-24,0.42727077405747454,0.0,0.0,25.0,0.52993192087701,0.0,170,21.256862449985896,30.0,8.340408890458049e-24,0.42727077405747454,SURGE,0.55,0,0,0,0,wind_tunnel
171,3.42,21.26524198775469,30.0,7.781609142288466e-24,0.41897688843962266,0.0,0.0,25.0,0.5299500351403587,0.0,171,21.26524198775469,30.0,7.781609142288466e-24,0.41897688843962266,SURGE,0.55,0,0,0,0,wind_tunnel
172,3.44,21.2735306080063,30.0,7.140932164908388e-24,0.41443101258066106,0.0,0.0,25.0,0.5299677983833926,0.0,172,21.2735306080063,30.0,7.140932164908388e-24,0.41443101258066106,SURGE,0.55,0,0,0,0,wind_tunnel
173,3.46,21.282029718973526,30.0,6.530687343953863e-24,0.4249555483611735,0.0,0.0,25.0,0.5299853694819768,0.0,173,21.282029718973526,30.0,6.530687343953863e-24,0.4249555483611735,SURGE,0.55,0,0,0,0,wind_tunnel
174,3.48,21.290604054813432,30.0,6.057849369243229e-24,0.4287167919953612,0.0,0.0,25.0,0.5300033874061126,0.0,174,21.290604054813432,30.0,6.057849369243229e-24,0.4287167919953612,SURGE,0.55,0,0,0,0,wind_tunnel
175,3.5,21.298792545540543,30.0,5.7158914155799e-24,0.40942453635557047,0.0,0.0,25.0,0.5300215654259994,0.0,175,21.298792545540543,30.0,5.7158914155799e-24,0.40942453635557047,SURGE,0.55,0,0,0,0,wind_tunnel
176,3.52,21.307070239051143,30.0,5.0649158129699284e-24,0.41388467553001107,0.0,0.0,25.0,0.5300389260170066,0.0,176,21.307070239051143,30.0,5.0649158129699284e-24,0.41388467553001107,SURGE,0.55,0,0,0,0,wind_tunnel
177,3.54,21.3155589149807,30.0,4.661701985981031e-24,0.42443379647780255,0.0,0.0,25.0,0.5300564763066699,0.0,177,21.3155589149807,30.0,4.661701985981031e-24,0.42443379647780255,SURGE,0.55,0,0,0,0,wind_tunnel
178,3.56,21.32395176217584,30.0,4.169220598525556e-24,0.4196423597571219,0.0,0.0,25.0,0.5300744745228371,0.0,178,21.32395176217584,30.0,4.169220598525556e-24,0.4196423597571219,SURGE,0.55,0,0,0,0,wind_tunnel
179,3.58,21.332185597231497,30.0,3.591711859725666e-24,0.41169175278278686,0.0,0.0,25.0,0.5300922701578145,0.0,179,21.332185597231497,30.0,3.591711859725666e-24,0.41169175278278686,SURGE,0.55,0,0,0,0,wind_tunnel
180,3.6,21.340613837280326,30.0,3.1500550032673205e-24,0.42141200244152766,0.0,0.0,25.0,0.5301097292145899,0.0,180,21.340613837280326,30.0,3.1500550032673205e-24,0.42141200244152766,SURGE,0.55,0,0,0,0,wind_tunnel
181,3.62,21.349164337314708,30.0,2.7293768474907465e-24,0.42752500171906843,0.0,0.0,25.0,0.5301276010840451,0.0,181,21.349164337314708,30.0,2.7293768474907465e-24,0.42752500171906843,SURGE,0.55,0,0,0,0,wind_tunnel
182,3.64,21.35740451278828,30.0,2.32868090411356e-24,0.41200877367856964,0.0,0.0,25.0,0.5301457328183993,0.0,182,21.35740451278828,30.0,2.32868090411356e-24,0.41200877367856964,SURGE,0.55,0,0,0,0,wind_tunnel
183,3.66,21.36568050134646,30.0,1.94701801804679e-24,0.41379942790911645,0.0,0.0,25.0,0.5301632070818396,0.0,183,21.36568050134646,30.0,1.94701801804679e-24,0.41379942790911645,SURGE,0.55,0,0,0,0,wind_tunnel
184,3.68,21.374176898296213,30.0,1.5834841190681912e-24,0.4248198474875259,0.0,0.0,25.0,0.5301807578708814,0.0,184,21.374176898296213,30.0,1.5834841190681912e-24,0.4248198474875259,SURGE,0.55,0,0,0,0,wind_tunnel
185,3.7,21.382640101823085,30.0,1.3456382975396264e-24,0.4231601763436732,0.0,0.0,25.0,0.5301987766817656,0.0,185,21.382640101823085,30.0,1.3456382975396264e-24,0.4231601763436732,SURGE,0.55,0,0,0,0,wind_tunnel
186,3.72,21.390870182984226,30.0,1.227510369782219e-24,0.4115040580570047,0.0,0.0,25.0,0.5302167257062035,0.0,186,21.390870182984226,30.0,1.227510369782219e-24,0.4115040580570047,SURGE,0.55,0,0,0,0,wind_tunnel
187,3.74,21.39926737776228,30.0,1.0065733013447378e-24,0.4198597389026805,0.0,0.0,25.0,0.5302341809002594,0.0,187,21.39926737776228,30.0,1.0065733013447378e-24,0.4198597389026805,SURGE,0.55,0,0,0,0,wind_tunnel
188,3.7600000000000002,21.407824166044485,30.0,7.961307436580371e-25,0.42783941411030046,0.0,0.0,25.0,0.5302519911181495,0.0,188,21.407824166044485,30.0,7.961307436580371e-25,0.42783941411030046,SURGE,0.55,0,0,0,0,wind_tunnel
189,3.7800000000000002,21.416143620646967,30.0,5.956842074614546e-25,0.41597273012413255,0.0,0.0,25.0,0.5302701404448444,0.0,189,21.416143620646967,30.0,5.956842074614546e-25,0.41597273012413255,SURGE,0.55,0,0,0,0,wind_tunnel
190,3.8000000000000003,21.424437844232198,30.0,4.0475888173420982e-25,0.41471117926163353,0.0,0.0,25.0,0.5302877869719037,0.0,190,21.424437844232198,30.0,4.0475888173420982e-25,0.41471117926163353,SURGE,0.55,0,0,0,0,wind_tunnel
191,3.8200000000000003,21.43295165563278,30.0,2.2290250897900914e-25,0.4256905700291797,0.0,0.0,25.0,0.5303053805656311,0.0,191,21.43295165563278,30.0,2.2290250897900914e-25,0.4256905700291797,SURGE,0.55,0,0,0,0,wind_tunnel
192,3.84,21.44148896650126,30.0,4.968431392968045e-26,0.4268655434239483,0.0,0.0,25.0,0.5303234405531274,0.0,192,21.44148896650126,30.0,4.968431392968045e-26,0.4268655434239483,SURGE,0.55,0,0,0,0,wind_tunnel
193,3.86,21.449716546321394,30.0,6.283185307179586,0.41137899100673103,0.0,0.0,25.0,0.5303415510066463,0.0,193,21.449716546321394,30.0,6.283185307179586,0.41137899100673103,SURGE,0.55,0,0,0,0,wind_tunnel
194,3.88,21.45807541583737,30.0,0.0,0.4179434757988383,0.0,0.0,25.0,0.5303590050036243,0.0,194,21.45807541583737,30.0,0.0,0.4179434757988383,SURGE,0.55,0,0,0,0,wind_tunnel
195,3.9,21.466623063795808,30.0,6.283185307179586,0.42738239792185645,0.0,0.0,25.0,0.5303767381069578,0.0,195,21.466623063795808,30.0,6.283185307179586,0.42738239792185645,SURGE,0.55,0,0,0,0,wind_tunnel
196,3.92,21.47500473358041,30.0,0.0,0.4190834892301073,0.0,0.0,25.0,0.5303948723115364,0.0,196,21.47500473358041,30.0,0.0,0.4190834892301073,SURGE,0.55,0,0,0,0,wind_tunnel
197,3.94,21.48329538990712,30.0,6.283185307179586,0.41453281633557393,0.0,0.0,25.0,0.5304126549883325,0.0,197,21.48329538990712,30.0,6.283185307179586,0.41453281633557393,SURGE,0.55,0,0,0,0,wind_tunnel
198,3.96,21.491796445326063,30.0,0.0,0.42505277094711524,0.0,0.0,25.0,0.5304302451561344,0.0,198,21.491796445326063,30.0,0.0,0.42505277094711524,SURGE,0.55,0,0,0,0,wind_tunnel
199,3.98,21.500372638117362,30.0,6.283185307179586,0.42880963956493556,0.0,0.0,25.0,0.5304482823304424,0.0,199,21.500372638117362,30.0,6.283185307179586,0.42880963956493556,SURGE,0.55,0,0,0,0,wind_tunnel
200,4.0,21.508562902233052,30.0,0.0,0.4095132057845141,0.0,0.0,25.0,0.5304664795495067,0.0,200,21.508562902233052,30.0,0.0,0.4095132057845141,SURGE,0.55,0,0,0,0,wind_tunnel
