step,sim_time,pos_x,pos_y,heading,speed,reward,punishment,gap_width,probing,crossing_success,time_step,fly_x,fly_y,fly_heading,fly_speed,state,satiety,food_collected,hazard_encounters,predator_kills,escapes,paradigm
1,0.02,20.002,10.0,0.0,0.1,0.0,0.0,3.5,0.0,0.0,1,20.002,10.0,0.0,0.1,WANDER,0.55,0,0,0,0,gap_crossing
2,0.04,20.003999999999998,10.0,2.60405371853463e-25,0.1,0.0,0.0,3.5,0.0,0.0,2,20.003999999999998,10.0,2.60405371853463e-25,0.1,WANDER,0.55,0,0,0,0,gap_crossing
3,0.06,20.005999999999997,10.0,7.688743042648405e-25,0.1,0.0,0.0,3.5,0.0,0.0,3,20.005999999999997,10.0,7.688743042648405e-25,0.1,WANDER,0.55,0,0,0,0,gap_crossing
4,0.08,20.007999999999996,10.0,1.5136512219751228e-24,0.1,0.0,0.0,3.5,0.0,0.0,4,20.007999999999996,10.0,1.5136512219751228e-24,0.1,WANDER,0.55,0,0,0,0,gap_crossing
5,0.1,20.009999999999994,10.0,2.483538939550103e-24,0.1,0.0,0.0,3.5,0.0,0.0,5,20.009999999999994,10.0,2.483538939550103e-24,0.1,WANDER,0.55,0,0,0,0,gap_crossing
6,0.12,20.011999999999993,10.0,3.6678721378636984e-24,0.1,0.0,0.0,3.5,0.0,0.0,6,20.011999999999993,10.0,3.6678721378636984e-24,0.1,WANDER,0.55,0,0,0,0,gap_crossing
7,0.14,20.013999999999992,10.0,5.056492100448316e-24,0.1,0.0,0.0,3.5,0.0,0.0,7,20.013999999999992,10.0,5.056492100448316e-24,0.1,WANDER,0.55,0,0,0,0,gap_crossing
8,0.16,20.01599999999999,10.0,6.639722649868574e-24,0.1,0.0,0.0,3.5,0.0,0.0,8,20.01599999999999,10.0,6.639722649868574e-24,0.1,WANDER,0.55,0,0,0,0,gap_crossing
9,0.18,20.01799999999999,10.0,8.40834722711727e-24,0.1,0.0,0.0,3.5,0.0,0.0,9,20.01799999999999,10.0,8.40834722711727e-24,0.1,WANDER,0.55,0,0,0,0,gap_crossing
10,0.2,20.01999999999999,10.0,1.0353587059740044e-23,0.1,0.0,0.0,3.5,0.0,0.0,10,20.01999999999999,10.0,1.0353587059740044e-23,0.1,WANDER,0.55,0,0,0,0,gap_crossing
11,0.22,20.021999999999988,10.0,1.2467080366974118e-23,0.1,0.0,0.0,3.5,0.0,0.0,11,20.021999999999988,10.0,1.2467080366974118e-23,0.1,WANDER,0.55,0,0,0,0,gap_crossing
12,0.24,20.023999999999987,10.0,1.4740862552642947e-23,0.1,0.0,0.0,3.5,0.0,0.0,12,20.023999999999987,10.0,1.4740862552642947e-23,0.1,WANDER,0.55,0,0,0,0,gap_crossing
13,0.26,20.025999999999986,10.0,1.7167347338888373e-23,0.1,0.0,0.0,3.5,0.0,0.0,13,20.025999999999986,10.0,1.7167347338888373e-23,0.1,WANDER,0.55,0,0,0,0,gap_crossing
14,0.28,20.027999999999984,10.0,1.9739308796050496e-23,0.1,0.0,0.0,3.5,0.0,0.0,14,20.027999999999984,10.0,1.9739308796050496e-23,0.1,WANDER,0.55,0,0,0,0,gap_crossing
15,0.3,20.029999999999983,10.0,2.2449864226128264e-23,0.1,0.0,0.0,3.5,0.0,0.0,15,20.029999999999983,10.0,2.2449864226128264e-23,0.1,WANDER,0.55,0,0,0,0,gap_crossing
16,0.32,20.031999999999982,10.0,2.5292457859275675e-23,0.1,0.0,0.0,3.5,0.0,0.0,16,20.031999999999982,10.0,2.5292457859275675e-23,0.1,WANDER,0.55,0,0,0,0,gap_crossing
17,0.34,20.03399999999998,10.0,2.826084532471441e-23,0.1,0.0,0.0,3.5,0.0,0.0,17,20.03399999999998,10.0,2.826084532471441e-23,0.1,WANDER,0.55,0,0,0,0,gap_crossing
18,0.36,20.03599999999998,10.0,3.134907885927813e-23,0.1,0.0,0.0,3.5,0.0,0.0,18,20.03599999999998,10.0,3.134907885927813e-23,0.1,WANDER,0.55,0,0,0,0,gap_crossing
19,0.38,20.03799999999998,10.0,3.455149321855088e-23,0.1,0.0,0.0,3.5,0.0,0.0,19,20.03799999999998,10.0,3.455149321855088e-23,0.1,WANDER,0.55,0,0,0,0,gap_crossing
20,0.4,20.039999999999978,10.0,3.786269225722648e-23,0.1,0.0,0.0,3.5,0.0,0.0,20,20.039999999999978,10.0,3.786269225722648e-23,0.1,WANDER,0.55,0,0,0,0,gap_crossing
21,0.42,20.041999999999977,10.0,4.1277536146900775e-23,0.1,0.0,0.0,3.5,0.0,0.0,21,20.041999999999977,10.0,4.1277536146900775e-23,0.1,WANDER,0.55,0,0,0,0,gap_crossing
22,0.44,20.043999999999976,10.0,4.479112920101883e-23,0.1,0.0,0.0,3.5,0.0,0.0,22,20.043999999999976,10.0,4.479112920101883e-23,0.1,WANDER,0.55,0,0,0,0,gap_crossing
23,0.46,20.045999999999975,10.0,4.839880827813705e-23,0.1,0.0,0.0,3.5,0.0,0.0,23,20.045999999999975,10.0,4.839880827813705e-23,0.1,WANDER,0.55,0,0,0,0,gap_crossing
24,0.48,20.047999999999973,10.0,5.2096131736030425e-23,0.1,0.0,0.0,3.5,0.0,0.0,24,20.047999999999973,10.0,5.2096131736030425e-23,0.1,WANDER,0.55,0,0,0,0,gap_crossing
25,0.5,20.049999999999972,10.0,5.587886891047962e-23,0.1,0.0,0.0,3.5,0.0,0.0,25,20.049999999999972,10.0,5.587886891047962e-23,0.1,WANDER,0.55,0,0,0,0,gap_crossing
26,0.52,20.052008417789764,10.0,5.974299009381573e-23,0.10042088948955014,0.0,0.0,3.5,0.0,0.0,26,20.052008417789764,10.0,5.974299009381573e-23,0.10042088948955014,WANDER,0.55,0,0,0,0,gap_crossing
27,0.54,20.054116915448617,10.0,6.342425161763064e-23,0.1054248829425565,0.0,0.0,3.5,0.0,0.0,27,20.054116915448617,10.0,6.342425161763064e-23,0.1054248829425565,WANDER,0.55,0,0,0,0,gap_crossing
28,0.56,20.05629698469891,10.0,6.693133931575162e-23,0.10900346251464704,0.0,0.0,3.5,0.0,0.0,28,20.05629698469891,10.0,6.693133931575162e-23,0.10900346251464704,WANDER,0.55,0,0,0,0,gap_crossing
29,0.58,20.05850645360988,10.0,7.027252644489914e-23,0.11047344554841908,0.0,0.0,3.5,0.0,0.0,29,20.05850645360988,10.0,7.027252644489914e-23,0.11047344554841908,WANDER,0.55,0,0,0,0,gap_crossing
30,0.6,20.060693599036675,10.0,7.319528791024595e-23,0.1093572713398104,0.0,0.0,3.5,0.0,0.0,30,20.060693599036675,10.0,7.319528791024595e-23,0.1093572713398104,WANDER,0.55,0,0,0,0,gap_crossing
31,0.62,20.062802102043783,10.0,7.597987685880858e-23,0.10542515035545391,0.0,0.0,3.5,0.0,0.0,31,20.062802102043783,10.0,7.597987685880858e-23,0.10542515035545391,WANDER,0.55,0,0,0,0,gap_crossing
32,0.64,20.064855042824885,10.0,7.889326185698774e-23,0.1026470390550514,0.0,0.0,3.5,0.0,0.0,32,20.064855042824885,10.0,7.889326185698774e-23,0.1026470390550514,WANDER,0.55,0,0,0,0,gap_crossing
33,0.66,20.06691049048744,10.0,8.166894716444066e-23,0.10277238312781133,0.0,0.0,3.5,0.0,0.0,33,20.06691049048744,10.0,8.166894716444066e-23,0.10277238312781133,WANDER,0.55,0,0,0,0,gap_crossing
34,0.68,20.06901538057161,10.0,8.431347351647684e-23,0.10524450420849163,0.0,0.0,3.5,0.0,0.0,34,20.06901538057161,10.0,8.431347351647684e-23,0.10524450420849163,WANDER,0.55,0,0,0,0,gap_crossing
35,0.7000000000000001,20.07120179141357,10.0,8.683307096347857e-23,0.10932054209806402,0.0,0.0,3.5,0.0,0.0,35,20.07120179141357,10.0,8.683307096347857e-23,0.10932054209806402,WANDER,0.55,0,0,0,0,gap_crossing
36,0.72,20.073484532503088,10.0,8.923367362843501e-23,0.114137054475821,0.0,0.0,3.5,0.0,0.0,36,20.073484532503088,10.0,8.923367362843501e-23,0.114137054475821,WANDER,0.55,0,0,0,0,gap_crossing
37,0.74,20.07586026237974,10.0,9.178133913534675e-23,0.1187864938326362,0.0,0.0,3.5,0.0,0.0,37,20.07586026237974,10.0,9.178133913534675e-23,0.1187864938326362,WANDER,0.55,0,0,0,0,gap_crossing
38,0.76,20.078308216224524,10.0,9.394829869938148e-23,0.12239769223908242,0.0,0.0,3.5,0.0,0.0,38,20.078308216224524,10.0,9.394829869938148e-23,0.12239769223908242,WANDER,0.55,0,0,0,0,gap_crossing
39,0.78,20.08079247872021,10.0,9.62734191526653e-23,0.12421312478428326,0.0,0.0,3.5,0.0,0.0,39,20.08079247872021,10.0,9.62734191526653e-23,0.12421312478428326,WANDER,0.55,0,0,0,0,gap_crossing
40,0.8,20.083265598957663,10.0,9.822840455311945e-23,0.12365601187268878,0.0,0.0,3.5,0.0,0.0,40,20.083265598957663,10.0,9.822840455311945e-23,0.12365601187268878,WANDER,0.55,0,0,0,0,gap_crossing
41,0.8200000000000001,20.085673223618958,10.0,9.983080887188584e-23,0.12038123306468687,0.0,0.0,3.5,0.0,0.0,41,20.085673223618958,10.0,9.983080887188584e-23,0.12038123306468687,WANDER,0.55,0,0,0,0,gap_crossing
42,0.84,20.087985677144896,10.0,1.0187856838203753e-22,0.11562267629693412,0.0,0.0,3.5,0.0,0.0,42,20.087985677144896,10.0,1.0187856838203753e-22,0.11562267629693412,WANDER,0.55,0,0,0,0,gap_crossing
43,0.86,20.09026502628468,10.0,1.0409017822786525e-22,0.1139674569891342,0.0,0.0,3.5,0.0,0.0,43,20.09026502628468,10.0,1.0409017822786525e-22,0.1139674569891342,WANDER,0.55,0,0,0,0,gap_crossing
44,0.88,20.092564173377287,10.0,1.0645788296229188e-22,0.11495735463031481,0.0,0.0,3.5,0.0,0.0,44,20.092564173377287,10.0,1.0645788296229188e-22,0.11495735463031481,WANDER,0.55,0,0,0,0,gap_crossing
45,0.9,20.09492265221666,10.0,1.08713890150123e-22,0.11792394196861614,0.0,0.0,3.5,0.0,0.0,45,20.09492265221666,10.0,1.08713890150123e-22,0.11792394196861614,WANDER,0.55,0,0,0,0,gap_crossing
46,0.92,20.09736359975114,10.0,1.1086350542482187e-22,0.12204737672401511,0.0,0.0,3.5,0.0,0.0,46,20.09736359975114,10.0,1.1086350542482187e-22,0.12204737672401511,WANDER,0.55,0,0,0,0,gap_crossing
47,0.9400000000000001,20.09989217664557,10.0,1.129117824022623e-22,0.12642884472154078,0.0,0.0,3.5,0.0,0.0,47,20.09989217664557,10.0,1.129117824022623e-22,0.12642884472154078,WANDER,0.55,0,0,0,0,gap_crossing
48,0.96,20.102495579585906,10.0,1.1486353465156407e-22,0.130170147016787,0.0,0.0,3.5,0.0,0.0,48,20.102495579585906,10.0,1.1486353465156407e-22,0.130170147016787,WANDER,0.55,0,0,0,0,gap_crossing
49,0.98,20.10514464523014,10.0,1.164629417254603e-22,0.13245328221173489,0.0,0.0,3.5,0.0,0.0,49,20.10514464523014,10.0,1.164629417254603e-22,0.13245328221173489,WANDER,0.55,0,0,0,0,gap_crossing
50,1.0,20.107796902744095,10.0,1.179871179477687e-22,0.13261287569771993,0.0,0.0,3.5,0.0,0.0,50,20.107796902744095,10.0,1.179871179477687e-22,0.13261287569771993,WANDER,0.55,0,0,0,0,gap_crossing
51,1.02,20.11040080174341,10.0,1.1943963678393971e-22,0.1301949499656576,0.0,0.0,3.5,0.0,0.0,51,20.11040080174341,10.0,1.1943963678393971e-22,0.1301949499656576,WANDER,0.55,0,0,0,0,gap_crossing
52,1.04,20.112900736877567,10.0,1.2108430733166832e-22,0.12499675670780629,0.0,0.0,3.5,0.0,0.0,52,20.112900736877567,10.0,1.2108430733166832e-22,0.12499675670780629,WANDER,0.55,0,0,0,0,gap_crossing
53,1.06,20.115333931142583,10.0,1.2291202982852303e-22,0.12165971325088959,0.0,0.0,3.5,0.0,0.0,53,20.115333931142583,10.0,1.2291202982852303e-22,0.12165971325088959,WANDER,0.55,0,0,0,0,gap_crossing
54,1.08,20.117758247057974,10.0,1.2465373137893438e-22,0.1212157957695753,0.0,0.0,3.5,0.0,0.0,54,20.117758247057974,10.0,1.2465373137893438e-22,0.1212157957695753,WANDER,0.55,0,0,0,0,gap_crossing
55,1.1,20.120219908697685,10.0,1.2631349797785843e-22,0.12308308198546487,0.0,0.0,3.5,0.0,0.0,55,20.120219908697685,10.0,1.2631349797785843e-22,0.12308308198546487,WANDER,0.55,0,0,0,0,gap_crossing
56,1.12,20.122749910662655,10.0,1.2763481616363736e-22,0.12650009824854488,0.0,0.0,3.5,0.0,0.0,56,20.122749910662655,10.0,1.2763481616363736e-22,0.12650009824854488,WANDER,0.55,0,0,0,0,gap_crossing
57,1.1400000000000001,20.125361769382486,10.0,1.2889414016388156e-22,0.1305929359915646,0.0,0.0,3.5,0.0,0.0,57,20.125361769382486,10.0,1.2889414016388156e-22,0.1305929359915646,WANDER,0.55,0,0,0,0,gap_crossing
58,1.16,20.128050819798403,10.0,1.2983400933055044e-22,0.13445252079593317,0.0,0.0,3.5,0.0,0.0,58,20.128050819798403,10.0,1.2983400933055044e-22,0.13445252079593317,WANDER,0.55,0,0,0,0,gap_crossing
59,1.18,20.130795121663226,10.0,1.3099038106807827e-22,0.13721509324116593,0.0,0.0,3.5,0.0,0.0,59,20.130795121663226,10.0,1.3099038106807827e-22,0.13721509324116593,WANDER,0.55,0,0,0,0,gap_crossing
60,1.2,20.133557895111757,10.0,1.3209259357636328e-22,0.1381386724265947,0.0,0.0,3.5,0.0,0.0,60,20.133557895111757,10.0,1.3209259357636328e-22,0.1381386724265947,WANDER,0.55,0,0,0,0,gap_crossing
61,1.22,20.136291267789648,10.0,1.3262240867508757e-22,0.136668633894506,0.0,0.0,3.5,0.0,0.0,61,20.136291267789648,10.0,1.3262240867508757e-22,0.136668633894506,WANDER,0.55,0,0,0,0,gap_crossing
62,1.24,20.13894099801459,10.0,1.333881764690307e-22,0.13248651124710067,0.0,0.0,3.5,0.0,0.0,62,20.13894099801459,10.0,1.333881764690307e-22,0.13248651124710067,WANDER,0.55,0,0,0,0,gap_crossing
63,1.26,20.141491229999094,10.0,1.3411831127718377e-22,0.1275115992251165,0.0,0.0,3.5,0.0,0.0,63,20.141491229999094,10.0,1.3411831127718377e-22,0.1275115992251165,WANDER,0.55,0,0,0,0,gap_crossing
64,1.28,20.144003767606975,10.0,1.3455410029451838e-22,0.12562688039405667,0.0,0.0,3.5,0.0,0.0,64,20.144003767606975,10.0,1.3455410029451838e-22,0.12562688039405667,WANDER,0.55,0,0,0,0,gap_crossing
65,1.3,20.146530713478327,10.0,1.3496990287408436e-22,0.1263472935676991,0.0,0.0,3.5,0.0,0.0,65,20.146530713478327,10.0,1.3496990287408436e-22,0.1263472935676991,WANDER,0.55,0,0,0,0,gap_crossing
66,1.32,20.149110379406125,10.0,1.3536666837167572e-22,0.12898329638984127,0.0,0.0,3.5,0.0,0.0,66,20.149110379406125,10.0,1.3536666837167572e-22,0.12898329638984127,WANDER,0.55,0,0,0,0,gap_crossing
67,1.34,20.151764408545493,10.0,1.3574530104868624e-22,0.13270145696837662,0.0,0.0,3.5,0.0,0.0,67,20.151764408545493,10.0,1.3574530104868624e-22,0.13270145696837662,WANDER,0.55,0,0,0,0,gap_crossing
68,1.36,20.15449636905572,10.0,1.3610666221409354e-22,0.13659802551150688,0.0,0.0,3.5,0.0,0.0,68,20.15449636905572,10.0,1.3610666221409354e-22,0.13659802551150688,WANDER,0.55,0,0,0,0,gap_crossing
69,1.3800000000000001,20.157291946595937,10.0,1.3645157226469877e-22,0.13977887701082578,0.0,0.0,3.5,0.0,0.0,69,20.157291946595937,10.0,1.3645157226469877e-22,0.13977887701082578,WANDER,0.55,0,0,0,0,gap_crossing
70,1.4000000000000001,20.16012071947707,10.0,1.36780812628455e-22,0.1414386440566314,0.0,0.0,3.5,0.0,0.0,70,20.16012071947707,10.0,1.36780812628455e-22,0.1414386440566314,WANDER,0.55,0,0,0,0,gap_crossing
71,1.42,20.162939358111213,10.0,1.370951276154876e-22,0.140931931707182,0.0,0.0,3.5,0.0,0.0,71,20.162939358111213,10.0,1.370951276154876e-22,0.140931931707182,WANDER,0.55,0,0,0,0,gap_crossing
72,1.44,20.165695962459726,10.0,1.3817644229675128e-22,0.1378302174257002,0.0,0.0,3.5,0.0,0.0,72,20.165695962459726,10.0,1.3817644229675128e-22,0.1378302174257002,WANDER,0.55,0,0,0,0,gap_crossing
73,1.46,20.168335148951634,10.0,1.3920719040281219e-22,0.13195932459536633,0.0,0.0,3.5,0.0,0.0,73,20.168335148951634,10.0,1.3920719040281219e-22,0.13195932459536633,WANDER,0.55,0,0,0,0,gap_crossing
74,1.48,20.170907713099297,10.0,1.4018977384599245e-22,0.12862820738312764,0.0,0.0,3.5,0.0,0.0,74,20.170907713099297,10.0,1.4018977384599245e-22,0.12862820738312764,WANDER,0.55,0,0,0,0,gap_crossing
75,1.5,20.173470741355572,10.0,1.4086607507592543e-22,0.12815141281375725,0.0,0.0,3.5,0.0,0.0,75,20.173470741355572,10.0,1.4086607507592543e-22,0.12815141281375725,WANDER,0.55,0,0,0,0,gap_crossing
76,1.52,20.17606921253946,10.0,1.4151102042572633e-22,0.12992355919428242,0.0,0.0,3.5,0.0,0.0,76,20.17606921253946,10.0,1.4151102042572633e-22,0.12992355919428242,WANDER,0.55,0,0,0,0,gap_crossing
77,1.54,20.178732542395174,10.0,1.4186569392784799e-22,0.13316649278564827,0.0,0.0,3.5,0.0,0.0,77,20.178732542395174,10.0,1.4186569392784799e-22,0.13316649278564827,WANDER,0.55,0,0,0,0,gap_crossing
78,1.56,20.181472499366,10.0,1.422042614230411e-22,0.13699784854121136,0.0,0.0,3.5,0.0,0.0,78,20.181472499366,10.0,1.422042614230411e-22,0.13699784854121136,WANDER,0.55,0,0,0,0,gap_crossing
79,1.58,20.184282679914695,10.0,1.4304829869034175e-22,0.1405090274348558,0.0,0.0,3.5,0.0,0.0,79,20.184282679914695,10.0,1.4304829869034175e-22,0.1405090274348558,WANDER,0.55,0,0,0,0,gap_crossing
80,1.6,20.187139591631595,10.0,1.4385304005960284e-22,0.14284558584494525,0.0,0.0,3.5,0.0,0.0,80,20.187139591631595,10.0,1.4385304005960284e-22,0.14284558584494525,WANDER,0.55,0,0,0,0,gap_crossing
81,1.62,20.190005247951444,10.0,1.451411628296882e-22,0.14328281599242446,0.0,0.0,3.5,0.0,0.0,81,20.190005247951444,10.0,1.451411628296882e-22,0.14328281599242446,WANDER,0.55,0,0,0,0,gap_crossing
82,1.6400000000000001,20.19283104251862,10.0,1.4636895052808672e-22,0.14128972835883588,0.0,0.0,3.5,0.0,0.0,82,20.19283104251862,10.0,1.4636895052808672e-22,0.14128972835883588,WANDER,0.55,0,0,0,0,gap_crossing
83,1.6600000000000001,20.195562556289595,10.0,1.4753926907070354e-22,0.1365756885486835,0.0,0.0,3.5,0.0,0.0,83,20.195562556289595,10.0,1.4753926907070354e-22,0.1365756885486835,WANDER,0.55,0,0,0,0,gap_crossing
84,1.68,20.198197437218415,10.0,1.4865484824243828e-22,0.13174404644094934,0.0,0.0,3.5,0.0,0.0,84,20.198197437218415,10.0,1.4865484824243828e-22,0.13174404644094934,WANDER,0.55,0,0,0,0,gap_crossing
85,1.7,20.200796838766507,10.0,1.499786935352613e-22,0.12997007740458857,0.0,0.0,3.5,0.0,0.0,85,20.200796838766507,10.0,1.499786935352613e-22,0.12997007740458857,WANDER,0.55,0,0,0,0,gap_crossing
86,1.72,20.20341170150439,10.0,1.5124053438043496e-22,0.1307431368941273,0.0,0.0,3.5,0.0,0.0,86,20.20341170150439,10.0,1.5124053438043496e-22,0.1307431368941273,WANDER,0.55,0,0,0,0,gap_crossing
87,1.74,20.206078781909692,10.0,1.5244331598922257e-22,0.1333540202651258,0.0,0.0,3.5,0.0,0.0,87,20.206078781909692,10.0,1.5244331598922257e-22,0.1333540202651258,WANDER,0.55,0,0,0,0,gap_crossing
88,1.76,20.208817927675497,10.0,1.5385024904720594e-22,0.1369572882902058,0.0,0.0,3.5,0.0,0.0,88,20.208817927675497,10.0,1.5385024904720594e-22,0.1369572882902058,WANDER,0.55,0,0,0,0,gap_crossing
89,1.78,20.211630845410205,10.0,1.5467044768885538e-22,0.14064588673545023,0.0,0.0,3.5,0.0,0.0,89,20.211630845410205,10.0,1.5467044768885538e-22,0.14064588673545023,WANDER,0.55,0,0,0,0,gap_crossing
90,1.8,20.21450147254779,10.0,1.5597334839862563e-22,0.14353135687931523,0.0,0.0,3.5,0.0,0.0,90,20.21450147254779,10.0,1.5597334839862563e-22,0.14353135687931523,WANDER,0.55,0,0,0,0,gap_crossing
91,1.82,20.217397921186755,10.0,1.5773607771601591e-22,0.14482243194818886,0.0,0.0,3.5,0.0,0.0,91,20.217397921186755,10.0,1.5773607771601591e-22,0.14482243194818886,WANDER,0.55,0,0,0,0,gap_crossing
92,1.84,20.220275820376663,10.0,1.588952271824854e-22,0.14389495949536793,0.0,0.0,3.5,0.0,0.0,92,20.220275820376663,10.0,1.588952271824854e-22,0.14389495949536793,WANDER,0.55,0,0,0,0,gap_crossing
93,1.86,20.223082757751442,10.0,1.6000022269692483e-22,0.14034686873893562,0.0,0.0,3.5,0.0,0.0,93,20.223082757751442,10.0,1.6000022269692483e-22,0.14034686873893562,WANDER,0.55,0,0,0,0,gap_crossing
94,1.8800000000000001,20.225763422648456,10.0,1.6105363657205557e-22,0.13403324485074064,0.0,0.0,3.5,0.0,0.0,94,20.225763422648456,10.0,1.6105363657205557e-22,0.13403324485074064,WANDER,0.55,0,0,0,0,gap_crossing
95,1.9000000000000001,20.2283819254305,10.0,1.620579189357448e-22,0.13092513910218537,0.0,0.0,3.5,0.0,0.0,95,20.2283819254305,10.0,1.620579189357448e-22,0.13092513910218537,WANDER,0.55,0,0,0,0,gap_crossing
96,1.92,20.230994320859434,10.0,1.6301540353478602e-22,0.13061977144671214,0.0,0.0,3.5,0.0,0.0,96,20.230994320859434,10.0,1.6301540353478602e-22,0.13061977144671214,WANDER,0.55,0,0,0,0,gap_crossing
97,1.94,20.23364410900301,10.0,1.6392831326299996e-22,0.1324894071788307,0.0,0.0,3.5,0.0,0.0,97,20.23364410900301,10.0,1.6392831326299996e-22,0.1324894071788307,WANDER,0.55,0,0,0,0,gap_crossing
98,1.96,20.236358918840505,10.0,1.6505917079860442e-22,0.13574049187478696,0.0,0.0,3.5,0.0,0.0,98,20.236358918840505,10.0,1.6505917079860442e-22,0.13574049187478696,WANDER,0.55,0,0,0,0,gap_crossing
99,1.98,20.23914859045895,10.0,1.658768403209089e-22,0.1394835809222088,0.0,0.0,3.5,0.0,0.0,99,20.23914859045895,10.0,1.658768403209089e-22,0.1394835809222088,WANDER,0.55,0,0,0,0,gap_crossing
100,2.0,20.242004829240734,10.0,1.6665657618853111e-22,0.14281193908922218,0.0,0.0,3.5,0.0,0.0,100,20.242004829240734,10.0,1.6665657618853111e-22,0.14281193908922218,WANDER,0.55,0,0,0,0,gap_crossing
101,2.02,20.24490246423468,10.0,1.6740018025006848e-22,0.1448817496973644,0.0,0.0,3.5,0.0,0.0,101,20.24490246423468,10.0,1.6740018025006848e-22,0.1448817496973644,WANDER,0.55,0,0,0,0,gap_crossing
102,2.04,20.247802198805704,10.0,1.6784896339445657e-22,0.14498672855117603,0.0,0.0,3.5,0.0,0.0,102,20.247802198805704,10.0,1.6784896339445657e-22,0.14498672855117603,WANDER,0.55,0,0,0,0,gap_crossing
103,2.06,20.250654607611917,10.0,1.6775649679953902e-22,0.14262044031061966,0.0,0.0,3.5,0.0,0.0,103,20.250654607611917,10.0,1.6775649679953902e-22,0.14262044031061966,WANDER,0.55,0,0,0,0,gap_crossing
104,2.08,20.253405021998844,10.0,1.6792965105575824e-22,0.13752071934636106,0.0,0.0,3.5,0.0,0.0,104,20.253405021998844,10.0,1.6792965105575824e-22,0.13752071934636106,WANDER,0.55,0,0,0,0,gap_crossing
105,2.1,20.2560644693953,10.0,1.6783502587284582e-22,0.13297236982292313,0.0,0.0,3.5,0.0,0.0,105,20.2560644693953,10.0,1.6783502587284582e-22,0.13297236982292313,WANDER,0.55,0,0,0,0,gap_crossing
106,2.12,20.258693263566407,10.0,1.6748531333029299e-22,0.13143970855518755,0.0,0.0,3.5,0.0,0.0,106,20.258693263566407,10.0,1.6748531333029299e-22,0.13143970855518755,WANDER,0.55,0,0,0,0,gap_crossing
107,2.14,20.26134101054799,10.0,1.6715300800566865e-22,0.1323873490791308,0.0,0.0,3.5,0.0,0.0,107,20.26134101054799,10.0,1.6715300800566865e-22,0.1323873490791308,WANDER,0.55,0,0,0,0,gap_crossing
108,2.16,20.264042760044077,10.0,1.6683728305612122e-22,0.1350874748043018,0.0,0.0,3.5,0.0,0.0,108,20.264042760044077,10.0,1.6683728305612122e-22,0.1350874748043018,WANDER,0.55,0,0,0,0,gap_crossing
109,2.18,20.2668164366349,10.0,1.66797756285688e-22,0.13868382954122227,0.0,0.0,3.5,0.0,0.0,109,20.2668164366349,10.0,1.66797756285688e-22,0.13868382954122227,WANDER,0.55,0,0,0,0,gap_crossing
110,2.2,20.26966178268347,10.0,1.6676093035287509e-22,0.14226730242853255,0.0,0.0,3.5,0.0,0.0,110,20.26966178268347,10.0,1.6676093035287509e-22,0.14226730242853255,WANDER,0.55,0,0,0,0,gap_crossing
111,2.22,20.27256090903241,10.0,1.6594546085233512e-22,0.14495631744696566,0.0,0.0,3.5,0.0,0.0,111,20.27256090903241,10.0,1.6594546085233512e-22,0.14495631744696566,WANDER,0.55,0,0,0,0,gap_crossing
112,2.24,20.275480405160604,10.0,1.6464865639378614e-22,0.1459748064096103,0.0,0.0,3.5,0.0,0.0,112,20.275480405160604,10.0,1.6464865639378614e-22,0.1459748064096103,WANDER,0.55,0,0,0,0,gap_crossing
113,2.2600000000000002,20.278374820389107,10.0,1.634141362437055e-22,0.1447207614252211,0.0,0.0,3.5,0.0,0.0,113,20.278374820389107,10.0,1.634141362437055e-22,0.1447207614252211,WANDER,0.55,0,0,0,0,gap_crossing
114,2.2800000000000002,20.281191204566085,10.0,1.6223894189744097e-22,0.14081920884892923,0.0,0.0,3.5,0.0,0.0,114,20.281191204566085,10.0,1.6223894189744097e-22,0.14081920884892923,WANDER,0.55,0,0,0,0,gap_crossing
115,2.3000000000000003,20.2838874014302,10.0,1.6112025537931129e-22,0.13480984320570147,0.0,0.0,3.5,0.0,0.0,115,20.2838874014302,10.0,1.6112025537931129e-22,0.13480984320570147,WANDER,0.55,0,0,0,0,gap_crossing
116,2.32,20.286526998872635,10.0,1.603157979393335e-22,0.13197987212178772,0.0,0.0,3.5,0.0,0.0,116,20.286526998872635,10.0,1.603157979393335e-22,0.13197987212178772,WANDER,0.55,0,0,0,0,gap_crossing
117,2.34,20.28916491103134,10.0,1.5955026576830944e-22,0.13189560793526373,0.0,0.0,3.5,0.0,0.0,117,20.28916491103134,10.0,1.5955026576830944e-22,0.13189560793526373,WANDER,0.55,0,0,0,0,gap_crossing
118,2.36,20.29184306636651,10.0,1.5830099917225685e-22,0.1339077667585246,0.0,0.0,3.5,0.0,0.0,118,20.29184306636651,10.0,1.5830099917225685e-22,0.1339077667585246,WANDER,0.55,0,0,0,0,gap_crossing
119,2.38,20.29458723391267,10.0,1.5685132602048309e-22,0.13720837730795038,0.0,0.0,3.5,0.0,0.0,119,20.29458723391267,10.0,1.5685132602048309e-22,0.13720837730795038,WANDER,0.55,0,0,0,0,gap_crossing
120,2.4,20.297405273943546,10.0,1.5547114355237087e-22,0.14090200154395474,0.0,0.0,3.5,0.0,0.0,120,20.297405273943546,10.0,1.5547114355237087e-22,0.14090200154395474,WANDER,0.55,0,0,0,0,gap_crossing
121,2.42,20.300286971326216,10.0,1.5415715096044627e-22,0.1440848691334977,0.0,0.0,3.5,0.0,0.0,121,20.300286971326216,10.0,1.5415715096044627e-22,0.1440848691334977,WANDER,0.55,0,0,0,0,gap_crossing
122,2.44,20.303205467671464,10.0,1.529062042255904e-22,0.1459248172623602,0.0,0.0,3.5,0.0,0.0,122,20.303205467671464,10.0,1.529062042255904e-22,0.1459248172623602,WANDER,0.55,0,0,0,0,gap_crossing
123,2.46,20.30612016477407,10.0,1.5171530866959245e-22,0.1457348551303206,0.0,0.0,3.5,0.0,0.0,123,20.30612016477407,10.0,1.5171530866959245e-22,0.1457348551303206,WANDER,0.55,0,0,0,0,gap_crossing
124,2.48,20.308980839674906,10.0,1.513628279770171e-22,0.143033745041679,0.0,0.0,3.5,0.0,0.0,124,20.308980839674906,10.0,1.513628279770171e-22,0.143033745041679,WANDER,0.55,0,0,0,0,gap_crossing
125,2.5,20.311732602833757,10.0,1.5050699291418692e-22,0.13758815794255863,0.0,0.0,3.5,0.0,0.0,125,20.311732602833757,10.0,1.5050699291418692e-22,0.13758815794255863,WANDER,0.55,0,0,0,0,gap_crossing
126,2.52,20.314399818149937,10.0,1.4969246866966096e-22,0.13336076580900372,0.0,0.0,3.5,0.0,0.0,126,20.314399818149937,10.0,1.4969246866966096e-22,0.13336076580900372,WANDER,0.55,0,0,0,0,gap_crossing
127,2.54,20.31704186317172,10.0,1.4891729297956978e-22,0.13210225108916582,0.0,0.0,3.5,0.0,0.0,127,20.31704186317172,10.0,1.4891729297956978e-22,0.13210225108916582,WANDER,0.55,0,0,0,0,gap_crossing
128,2.56,20.31970692612702,10.0,1.481795967875777e-22,0.13325314776483807,0.0,0.0,3.5,0.0,0.0,128,20.31970692612702,10.0,1.481795967875777e-22,0.13325314776483807,WANDER,0.55,0,0,0,0,gap_crossing
129,2.58,20.32242828414774,10.0,1.4747759981752504e-22,0.13606790103604496,0.0,0.0,3.5,0.0,0.0,129,20.32242828414774,10.0,1.4747759981752504e-22,0.13606790103604496,WANDER,0.55,0,0,0,0,gap_crossing
130,2.6,20.325221893182064,10.0,1.4680960635636966e-22,0.13968045171618965,0.0,0.0,3.5,0.0,0.0,130,20.325221893182064,10.0,1.4680960635636966e-22,0.13968045171618965,WANDER,0.55,0,0,0,0,gap_crossing
131,2.62,20.328085507230977,10.0,1.4617400123743894e-22,0.14318070244561926,0.0,0.0,3.5,0.0,0.0,131,20.328085507230977,10.0,1.4617400123743894e-22,0.14318070244561926,WANDER,0.55,0,0,0,0,gap_crossing
132,2.64,20.330999407166555,10.0,1.4661086750189108e-22,0.14569499677889192,0.0,0.0,3.5,0.0,0.0,132,20.330999407166555,10.0,1.4661086750189108e-22,0.14569499677889192,WANDER,0.55,0,0,0,0,gap_crossing
133,2.66,20.33392867480644,10.0,1.4702775104707147e-22,0.14646338199418826,0.0,0.0,3.5,0.0,0.0,133,20.33392867480644,10.0,1.4702775104707147e-22,0.14646338199418826,WANDER,0.55,0,0,0,0,gap_crossing
134,2.68,20.33682680911431,10.0,1.4742560105214556e-22,0.14490671539342817,0.0,0.0,3.5,0.0,0.0,134,20.33682680911431,10.0,1.4742560105214556e-22,0.14490671539342817,WANDER,0.55,0,0,0,0,gap_crossing
135,2.7,20.339640360833624,10.0,1.483261323539753e-22,0.1406775859657626,0.0,0.0,3.5,0.0,0.0,135,20.339640360833624,10.0,1.483261323539753e-22,0.1406775859657626,WANDER,0.55,0,0,0,0,gap_crossing
136,2.72,20.342340435084033,10.0,1.4918471173499285e-22,0.13500371252039195,0.0,0.0,3.5,0.0,0.0,136,20.342340435084033,10.0,1.4918471173499285e-22,0.13500371252039195,WANDER,0.55,0,0,0,0,gap_crossing
137,2.74,20.34498992496184,10.0,1.500033319114368e-22,0.13247449389034036,0.0,0.0,3.5,0.0,0.0,137,20.34498992496184,10.0,1.500033319114368e-22,0.13247449389034036,WANDER,0.55,0,0,0,0,gap_crossing
138,2.7600000000000002,20.347642525294717,10.0,1.507838909455244e-22,0.13263001664380206,0.0,0.0,3.5,0.0,0.0,138,20.347642525294717,10.0,1.507838909455244e-22,0.13263001664380206,WANDER,0.55,0,0,0,0,gap_crossing
139,2.7800000000000002,20.350338529501684,10.0,1.5152819674151756e-22,0.13480021034840525,0.0,0.0,3.5,0.0,0.0,139,20.350338529501684,10.0,1.5152819674151756e-22,0.13480021034840525,WANDER,0.55,0,0,0,0,gap_crossing
140,2.8000000000000003,20.35310180199132,10.0,1.5275878207193273e-22,0.1381636244817682,0.0,0.0,3.5,0.0,0.0,140,20.35310180199132,10.0,1.5275878207193273e-22,0.1381636244817682,WANDER,0.55,0,0,0,0,gap_crossing
141,2.82,20.355938199209938,10.0,1.5393179280291287e-22,0.1418198609310458,0.0,0.0,3.5,0.0,0.0,141,20.355938199209938,10.0,1.5393179280291287e-22,0.1418198609310458,WANDER,0.55,0,0,0,0,gap_crossing
142,2.84,20.358835582315525,10.0,1.5452915298422423e-22,0.1448691552793526,0.0,0.0,3.5,0.0,0.0,142,20.358835582315525,10.0,1.5452915298422423e-22,0.1448691552793526,WANDER,0.55,0,0,0,0,gap_crossing
143,2.86,20.361765421481273,10.0,1.5509896187294805e-22,0.14649195828742403,0.0,0.0,3.5,0.0,0.0,143,20.361765421481273,10.0,1.5509896187294805e-22,0.14649195828742403,WANDER,0.55,0,0,0,0,gap_crossing
144,2.88,20.364685848862923,10.0,1.5564252815548222e-22,0.14602136908241836,0.0,0.0,3.5,0.0,0.0,144,20.364685848862923,10.0,1.5564252815548222e-22,0.14602136908241836,WANDER,0.55,0,0,0,0,gap_crossing
145,2.9,20.36754588713399,10.0,1.5590069298376727e-22,0.14300191355331968,0.0,0.0,3.5,0.0,0.0,145,20.36754588713399,10.0,1.5590069298376727e-22,0.14300191355331968,WANDER,0.55,0,0,0,0,gap_crossing
146,2.92,20.370290474887543,10.0,1.5666820159857295e-22,0.13722938767776416,0.0,0.0,3.5,0.0,0.0,146,20.370290474887543,10.0,1.5666820159857295e-22,0.13722938767776416,WANDER,0.55,0,0,0,0,gap_crossing
147,2.94,20.372957273779612,10.0,1.5792091505777452e-22,0.13333994460337803,0.0,0.0,3.5,0.0,0.0,147,20.372957273779612,10.0,1.5792091505777452e-22,0.13333994460337803,WANDER,0.55,0,0,0,0,gap_crossing
148,2.96,20.375604647947995,10.0,1.5885462490343776e-22,0.1323687084191058,0.0,0.0,3.5,0.0,0.0,148,20.375604647947995,10.0,1.5885462490343776e-22,0.1323687084191058,WANDER,0.55,0,0,0,0,gap_crossing
149,2.98,20.37827930357998,10.0,1.597448617351917e-22,0.13373278159932908,0.0,0.0,3.5,0.0,0.0,149,20.37827930357998,10.0,1.597448617351917e-22,0.13373278159932908,WANDER,0.55,0,0,0,0,gap_crossing
150,3.0,20.381012698086806,10.0,1.6059369052119706e-22,0.13666972534125182,0.0,0.0,3.5,0.0,0.0,150,20.381012698086806,10.0,1.6059369052119706e-22,0.13666972534125182,WANDER,0.55,0,0,0,0,gap_crossing
151,3.02,20.383818791383316,10.0,1.611426727717734e-22,0.1403046648254955,0.0,0.0,3.5,0.0,0.0,151,20.383818791383316,10.0,1.611426727717734e-22,0.1403046648254955,WANDER,0.55,0,0,0,0,gap_crossing
152,3.04,20.38669334241513,10.0,1.616664291253396e-22,0.14372755159055903,0.0,0.0,3.5,0.0,0.0,152,20.38669334241513,10.0,1.616664291253396e-22,0.14372755159055903,WANDER,0.55,0,0,0,0,gap_crossing
153,3.06,20.389614815267045,10.0,1.621661578120036e-22,0.14607364259585798,0.0,0.0,3.5,0.0,0.0,153,20.389614815267045,10.0,1.621661578120036e-22,0.14607364259585798,WANDER,0.55,0,0,0,0,gap_crossing
154,3.08,20.39254681460371,10.0,1.6212218940223638e-22,0.14659996683322152,0.0,0.0,3.5,0.0,0.0,154,20.39254681460371,10.0,1.6212218940223638e-22,0.14659996683322152,WANDER,0.55,0,0,0,0,gap_crossing
155,3.1,20.395441832818864,10.0,1.6129988924852993e-22,0.14475091075783603,0.0,0.0,3.5,0.0,0.0,155,20.395441832818864,10.0,1.6129988924852993e-22,0.14475091075783603,WANDER,0.55,0,0,0,0,gap_crossing
156,3.12,20.39824597343855,10.0,1.6051736189267931e-22,0.14020703098427853,0.0,0.0,3.5,0.0,0.0,156,20.39824597343855,10.0,1.6051736189267931e-22,0.14020703098427853,WANDER,0.55,0,0,0,0,gap_crossing
157,3.14,20.4009436278444,10.0,1.5977271812678638e-22,0.13488272029242218,0.0,0.0,3.5,0.0,0.0,157,20.4009436278444,10.0,1.5977271812678638e-22,0.13488272029242218,WANDER,0.55,0,0,0,0,gap_crossing
158,3.16,20.40359691730741,10.0,1.5932456385218159e-22,0.1326644731505606,0.0,0.0,3.5,0.0,0.0,158,20.40359691730741,10.0,1.5932456385218159e-22,0.1326644731505606,WANDER,0.55,0,0,0,0,gap_crossing
159,3.18,20.40625825087415,10.0,1.5889843789004278e-22,0.13306667833694472,0.0,0.0,3.5,0.0,0.0,159,20.40625825087415,10.0,1.5889843789004278e-22,0.13306667833694472,WANDER,0.55,0,0,0,0,gap_crossing
160,3.2,20.408966235678875,10.0,1.587536992673813e-22,0.13539924023624447,0.0,0.0,3.5,0.0,0.0,160,20.408966235678875,10.0,1.587536992673813e-22,0.13539924023624447,WANDER,0.55,0,0,0,0,gap_crossing
161,3.22,20.41174279884673,10.0,1.5861660415758596e-22,0.13882815839278181,0.0,0.0,3.5,0.0,0.0,161,20.41174279884673,10.0,1.5861660415758596e-22,0.13882815839278181,WANDER,0.55,0,0,0,0,gap_crossing
162,3.24,20.414591780671117,10.0,1.5848678949379567e-22,0.14244909121934543,0.0,0.0,3.5,0.0,0.0,162,20.414591780671117,10.0,1.5848678949379567e-22,0.14244909121934543,WANDER,0.55,0,0,0,0,gap_crossing
163,3.2600000000000002,20.417499126580978,10.0,1.5836390945482515e-22,0.14536729549308866,0.0,0.0,3.5,0.0,0.0,163,20.417499126580978,10.0,1.5836390945482515e-22,0.14536729549308866,WANDER,0.55,0,0,0,0,gap_crossing
164,3.2800000000000002,20.42043466179879,10.0,1.587684453897024e-22,0.146776760890621,0.0,0.0,3.5,0.0,0.0,164,20.42043466179879,10.0,1.587684453897024e-22,0.146776760890621,WANDER,0.55,0,0,0,0,gap_crossing
165,3.3000000000000003,20.4233552904231,10.0,1.5915458918369773e-22,0.1460314312155217,0.0,0.0,3.5,0.0,0.0,165,20.4233552904231,10.0,1.5915458918369773e-22,0.1460314312155217,WANDER,0.55,0,0,0,0,gap_crossing
166,3.3200000000000003,20.426209332716144,10.0,1.59523214463503e-22,0.14270211465221846,0.0,0.0,3.5,0.0,0.0,166,20.426209332716144,10.0,1.59523214463503e-22,0.14270211465221846,WANDER,0.55,0,0,0,0,gap_crossing
167,3.34,20.428941612126664,10.0,1.5987515335854226e-22,0.13661397052605592,0.0,0.0,3.5,0.0,0.0,167,20.428941612126664,10.0,1.5987515335854226e-22,0.13661397052605592,WANDER,0.55,0,0,0,0,gap_crossing
168,3.36,20.43160304171551,10.0,1.6021119847209188e-22,0.13307147944216366,0.0,0.0,3.5,0.0,0.0,168,20.43160304171551,10.0,1.6021119847209188e-22,0.13307147944216366,WANDER,0.55,0,0,0,0,gap_crossing
169,3.38,20.434250902996258,10.0,1.6053210475877263e-22,0.13239306403743462,0.0,0.0,3.5,0.0,0.0,169,20.434250902996258,10.0,1.6053210475877263e-22,0.13239306403743462,WANDER,0.55,0,0,0,0,gap_crossing
170,3.4,20.436930364076467,10.0,1.6109899668471423e-22,0.13397305401040763,0.0,0.0,3.5,0.0,0.0,170,20.436930364076467,10.0,1.6109899668471423e-22,0.13397305401040763,WANDER,0.55,0,0,0,0,gap_crossing
171,3.42,20.439671023773418,10.0,1.6163981200406582e-22,0.13703298484755147,0.0,0.0,3.5,0.0,0.0,171,20.439671023773418,10.0,1.6163981200406582e-22,0.13703298484755147,WANDER,0.55,0,0,0,0,gap_crossing
172,3.44,20.442484826757852,10.0,1.6215578935564044e-22,0.14069014922174403,0.0,0.0,3.5,0.0,0.0,172,20.442484826757852,10.0,1.6215578935564044e-22,0.14069014922174403,WANDER,0.55,0,0,0,0,gap_crossing
173,3.46,20.445365538147563,10.0,1.6316891928661442e-22,0.14403556948546845,0.0,0.0,3.5,0.0,0.0,173,20.445365538147563,10.0,1.6316891928661442e-22,0.14403556948546845,WANDER,0.55,0,0,0,0,gap_crossing
174,3.48,20.448289825889237,10.0,1.6413483119349434e-22,0.14621438708366266,0.0,0.0,3.5,0.0,0.0,174,20.448289825889237,10.0,1.6413483119349434e-22,0.14621438708366266,WANDER,0.55,0,0,0,0,gap_crossing
175,3.5,20.451219854845434,10.0,1.6505576793242467e-22,0.1465014478099132,0.0,0.0,3.5,0.0,0.0,175,20.451219854845434,10.0,1.6505576793242467e-22,0.1465014478099132,WANDER,0.55,0,0,0,0,gap_crossing
176,3.52,20.45410716071204,10.0,1.6645467656758993e-22,0.1443652933303365,0.0,0.0,3.5,0.0,0.0,176,20.45410716071204,10.0,1.6645467656758993e-22,0.1443652933303365,WANDER,0.55,0,0,0,0,gap_crossing
177,3.54,20.456897456923166,10.0,1.6778809757794704e-22,0.13951481055623946,0.0,0.0,3.5,0.0,0.0,177,20.456897456923166,10.0,1.6778809757794704e-22,0.13951481055623946,WANDER,0.55,0,0,0,0,gap_crossing
178,3.56,20.459588435731007,10.0,1.6905914162567436e-22,0.13454894039204876,0.0,0.0,3.5,0.0,0.0,178,20.459588435731007,10.0,1.6905914162567436e-22,0.13454894039204876,WANDER,0.55,0,0,0,0,gap_crossing
179,3.58,20.46224137473362,10.0,1.7027077161649683e-22,0.13264695013054495,0.0,0.0,3.5,0.0,0.0,179,20.46224137473362,10.0,1.7027077161649683e-22,0.13264695013054495,WANDER,0.55,0,0,0,0,gap_crossing
180,3.6,20.464907336286362,10.0,1.7142580971811741e-22,0.13329807763712895,0.0,0.0,3.5,0.0,0.0,180,20.464907336286362,10.0,1.7142580971811741e-22,0.13329807763712895,WANDER,0.55,0,0,0,0,gap_crossing
181,3.62,20.467623195816195,10.0,1.7278734941712666e-22,0.13579297649162436,0.0,0.0,3.5,0.0,0.0,181,20.467623195816195,10.0,1.7278734941712666e-22,0.13579297649162436,WANDER,0.55,0,0,0,0,gap_crossing
182,3.64,20.47040891643056,10.0,1.7408520395966265e-22,0.13928603071836398,0.0,0.0,3.5,0.0,0.0,182,20.47040891643056,10.0,1.7408520395966265e-22,0.13928603071836398,WANDER,0.55,0,0,0,0,gap_crossing
183,3.66,20.473266315786066,10.0,1.7532239839065787e-22,0.14286996777520786,0.0,0.0,3.5,0.0,0.0,183,20.473266315786066,10.0,1.7532239839065787e-22,0.14286996777520786,WANDER,0.55,0,0,0,0,gap_crossing
184,3.68,20.476179437130618,10.0,1.7650181406541047e-22,0.14565606722751773,0.0,0.0,3.5,0.0,0.0,184,20.476179437130618,10.0,1.7650181406541047e-22,0.14565606722751773,WANDER,0.55,0,0,0,0,gap_crossing
185,3.7,20.479116492334647,10.0,1.77626195474842e-22,0.146852760201408,0.0,0.0,3.5,0.0,0.0,185,20.479116492334647,10.0,1.77626195474842e-22,0.146852760201408,WANDER,0.55,0,0,0,0,gap_crossing
186,3.72,20.48203320352122,10.0,1.7843775137470176e-22,0.14583555932864342,0.0,0.0,3.5,0.0,0.0,186,20.48203320352122,10.0,1.7843775137470176e-22,0.14583555932864342,WANDER,0.55,0,0,0,0,gap_crossing
187,3.74,20.484877244270777,10.0,1.7921171890468036e-22,0.14220203747781665,0.0,0.0,3.5,0.0,0.0,187,20.484877244270777,10.0,1.7921171890468036e-22,0.14220203747781665,WANDER,0.55,0,0,0,0,gap_crossing
188,3.7600000000000002,20.487593382594802,10.0,1.7994988351234717e-22,0.13580691620134897,0.0,0.0,3.5,0.0,0.0,188,20.487593382594802,10.0,1.7994988351234717e-22,0.13580691620134897,WANDER,0.55,0,0,0,0,gap_crossing
189,3.7800000000000002,20.490245724574585,10.0,1.8091435120836546e-22,0.13261709898914129,0.0,0.0,3.5,0.0,0.0,189,20.490245724574585,10.0,1.8091435120836546e-22,0.13261709898914129,WANDER,0.55,0,0,0,0,gap_crossing
190,3.8000000000000003,20.492890403696777,10.0,1.8209440003990603e-22,0.13223395610961614,0.0,0.0,3.5,0.0,0.0,190,20.492890403696777,10.0,1.8209440003990603e-22,0.13223395610961614,WANDER,0.55,0,0,0,0,gap_crossing
191,3.8200000000000003,20.495570998151205,10.0,1.8269860123133866e-22,0.13402972272146702,0.0,0.0,3.5,0.0,0.0,191,20.495570998151205,10.0,1.8269860123133866e-22,0.13402972272146702,WANDER,0.55,0,0,0,0,gap_crossing
192,3.84,20.498315213734113,10.0,1.8327506340154043e-22,0.13721077914533958,0.0,0.0,3.5,0.0,0.0,192,20.498315213734113,10.0,1.8327506340154043e-22,0.13721077914533958,WANDER,0.55,0,0,0,0,gap_crossing
193,3.86,20.501132965175113,10.0,1.843459148977267e-22,0.14088757204994745,0.0,0.0,3.5,0.0,0.0,193,20.501132965175113,10.0,1.843459148977267e-22,0.14088757204994745,WANDER,0.55,0,0,0,0,gap_crossing
194,3.88,20.504016029379503,10.0,1.8588772711464825e-22,0.14415321021952957,0.0,0.0,3.5,0.0,0.0,194,20.504016029379503,10.0,1.8588772711464825e-22,0.14415321021952957,WANDER,0.55,0,0,0,0,gap_crossing
195,3.9,20.506939302875097,10.0,1.863157520746843e-22,0.14616367477958112,0.0,0.0,3.5,0.0,0.0,195,20.506939302875097,10.0,1.863157520746843e-22,0.14616367477958112,WANDER,0.55,0,0,0,0,gap_crossing
196,3.92,20.509863551653332,10.0,1.8672440638448085e-22,0.14621243891173508,0.0,0.0,3.5,0.0,0.0,196,20.509863551653332,10.0,1.8672440638448085e-22,0.14621243891173508,WANDER,0.55,0,0,0,0,gap_crossing
197,3.94,20.512739407537296,10.0,1.8633339403436383e-22,0.14379279419822896,0.0,0.0,3.5,0.0,0.0,197,20.512739407537296,10.0,1.8633339403436383e-22,0.14379279419822896,WANDER,0.55,0,0,0,0,gap_crossing
198,3.96,20.515512253231606,10.0,1.859618329746371e-22,0.13864228471551499,0.0,0.0,3.5,0.0,0.0,198,20.515512253231606,10.0,1.859618329746371e-22,0.13864228471551499,WANDER,0.55,0,0,0,0,gap_crossing
199,3.98,20.518193083373436,10.0,1.8508798852530017e-22,0.13404150709154936,0.0,0.0,3.5,0.0,0.0,199,20.518193083373436,10.0,1.8508798852530017e-22,0.13404150709154936,WANDER,0.55,0,0,0,0,gap_crossing
200,4.0,20.520842262623855,10.0,1.8425647500333148e-22,0.13245896252089323,0.0,0.0,3.5,0.0,0.0,200,20.520842262623855,10.0,1.8425647500333148e-22,0.13245896252089323,WANDER,0.55,0,0,0,0,gap_crossing
