trial_id,condition,seed,success,killed,ttf,distance,initial_euclidean,pte,tortuosity,upwind_fidelity,satiety_auc,escapes_count
1,WT,42,0,1,196,546.29,48.15,0.0881,12.8886,-0.0562,0.5476,90
2,WT,43,1,0,154,391.93,44.36,0.1132,8.248,0.2366,0.548,60
3,WT,44,0,1,41,177.88,48.62,0.2733,4.0854,0.0518,0.5484,30
4,WT,45,0,1,82,252.0,48.41,0.1921,6.6825,0.1094,0.5485,30
5,WT,46,0,0,400,896.34,44.38,0.0495,13.4952,0.0732,0.5457,90
6,WT,47,0,0,400,934.7,46.4,0.0496,15.581,0.0747,0.5457,90
7,WT,48,0,0,400,840.39,47.55,0.0566,14.4569,0.0844,0.5457,60
8,WT,49,0,1,373,968.2,46.9,0.0484,21.5944,0.0106,0.5458,120
9,WT,50,0,0,400,892.44,46.2,0.0518,49.9108,0.0464,0.5457,90
10,WT,51,0,1,56,178.04,43.78,0.2459,9.0071,0.0927,0.5485,30
11,WT,52,0,1,133,374.63,47.13,0.1258,39.846,0.0289,0.5482,60
12,WT,53,0,1,145,407.55,48.04,0.1179,13.1885,0.2634,0.5481,60
13,WT,54,0,0,400,959.83,45.59,0.0475,13.0827,0.0097,0.5457,108
14,WT,55,0,1,134,400.74,44.53,0.1111,11.826,0.2808,0.5482,60
15,WT,56,1,0,213,481.77,49.56,0.1029,9.3822,0.2711,0.5477,64
16,WT,57,1,0,149,350.62,48.34,0.1379,7.1872,0.2586,0.5484,60
17,WT,58,0,1,86,289.47,46.79,0.1617,9.3598,0.5269,0.5485,30
18,WT,59,0,1,48,165.53,44.6,0.2695,23.9392,0.1633,0.5485,30
19,WT,60,0,1,247,654.36,46.27,0.0707,213.1466,0.0045,0.5471,90
20,WT,61,0,1,125,371.01,48.53,0.1308,11.1873,0.1181,0.5483,60
21,WT,62,0,0,400,888.87,48.51,0.0546,17.2695,-0.0159,0.5457,90
22,WT,63,0,1,130,369.71,45.2,0.1223,8.0019,0.1018,0.5509,60
23,WT,64,0,1,161,471.34,42.69,0.0906,26.662,0.2481,0.548,60
24,WT,65,0,1,197,479.34,48.18,0.1005,22.0593,0.0496,0.5476,60
25,WT,66,0,1,119,359.75,42.74,0.1188,43.6497,0.1301,0.5483,60
26,WT,67,0,0,400,978.78,47.44,0.0485,17.5988,0.0436,0.5457,150
27,WT,68,0,1,42,139.4,48.14,0.3454,12.0258,0.1139,0.5484,31
28,WT,69,0,1,129,338.28,48.93,0.1447,10.5713,0.0601,0.5482,60
29,WT,70,0,1,49,155.83,46.53,0.2986,11.5578,0.1217,0.5485,30
30,WT,71,0,1,132,344.67,49.57,0.1438,6.4699,0.2924,0.5482,60
31,WT,72,0,0,400,859.09,44.04,0.0513,11.0615,0.089,0.5457,60
32,WT,73,0,1,120,366.52,46.3,0.1263,7.7456,0.1202,0.5483,60
33,WT,74,0,1,119,347.57,46.52,0.1338,13.7508,0.1226,0.5483,60
34,WT,75,0,1,228,564.91,49.46,0.0876,74.0896,-0.0421,0.5473,90
35,WT,76,0,1,80,264.44,46.92,0.1774,7.2154,0.4395,0.5485,30
36,WT,77,0,1,349,847.58,44.39,0.0524,19.7634,0.1089,0.5461,120
37,WT,78,0,1,88,253.97,47.43,0.1868,14.8057,0.4719,0.5485,30
38,WT,79,0,1,127,377.53,47.88,0.1268,52.9335,0.1577,0.5483,60
39,WT,80,0,1,46,152.7,43.68,0.2861,5.6144,0.1018,0.5484,30
40,WT,81,0,1,399,840.24,49.91,0.0594,27.0782,0.0686,0.5456,60
41,WT,82,0,1,44,152.21,43.37,0.2849,16.6305,0.0263,0.5484,30
42,WT,83,0,1,177,428.83,48.56,0.1132,16.4662,0.1597,0.5478,60
43,WT,84,0,0,400,847.58,47.57,0.0561,11.2618,0.1092,0.5457,30
44,WT,85,0,0,400,516.37,48.6,0.0941,11.9441,0.1769,0.5458,60
45,WT,86,0,1,130,361.79,47.26,0.1306,17.3395,0.1079,0.5482,60
46,WT,87,0,1,83,223.9,44.86,0.2003,9.9055,-0.0105,0.5485,30
47,WT,88,0,1,83,241.23,49.31,0.2044,4.66,0.1164,0.5485,30
48,WT,89,0,1,311,782.85,48.82,0.0624,20.945,-0.0458,0.5465,120
49,WT,90,0,1,80,245.64,47.7,0.1942,18.2564,0.4985,0.5485,30
50,WT,91,0,1,82,216.69,50.22,0.2318,18.2412,0.0156,0.5485,30
51,WT,92,1,0,388,789.04,45.75,0.058,16.6381,0.0797,0.5459,30
52,WT,93,0,1,312,752.97,44.83,0.0595,15.6153,0.0939,0.5465,90
53,WT,94,0,1,324,748.96,50.07,0.0669,23.1166,0.1524,0.5464,120
54,WT,95,0,1,82,263.37,45.53,0.1729,4.7332,0.0457,0.5485,30
55,WT,96,0,1,124,363.27,46.44,0.1278,11.6238,0.3857,0.5483,60
56,WT,97,0,1,82,243.35,46.86,0.1926,16.3483,0.1613,0.5485,30
57,WT,98,0,1,86,263.6,43.08,0.1634,11.0965,0.3932,0.5485,30
58,WT,99,0,1,87,240.2,47.31,0.197,8.9461,0.5216,0.5485,30
59,WT,100,1,0,58,177.3,44.86,0.253,4.0032,0.0625,0.5485,30
60,WT,101,0,1,83,228.19,47.0,0.206,6.3143,0.5188,0.5485,30
61,WT,102,1,0,166,375.51,50.41,0.1342,7.3471,0.1728,0.5482,60
62,WT,103,0,1,54,162.59,46.38,0.2853,4.894,0.2724,0.5485,30
63,WT,104,0,1,46,178.15,44.41,0.2493,3.5409,0.1609,0.5484,30
64,WT,105,0,1,76,218.98,44.29,0.2023,7.1139,0.4258,0.5485,30
65,WT,106,0,0,400,905.8,43.01,0.0475,48.6274,0.0414,0.5457,73
66,WT,107,0,1,156,417.06,46.52,0.1115,24.5024,0.2558,0.548,60
67,WT,108,0,1,79,242.29,43.4,0.1791,5.5968,0.5093,0.5485,30
68,WT,109,0,1,320,761.85,48.63,0.0638,90.5562,0.0256,0.5464,90
69,WT,110,0,1,88,258.93,46.55,0.1798,8.9689,0.5391,0.5485,30
70,WT,111,0,1,144,390.99,48.7,0.1246,11.6004,0.1874,0.5481,60
71,WT,112,0,1,98,283.63,51.17,0.1804,11.3071,0.0582,0.5485,42
72,WT,113,0,1,48,168.57,46.83,0.2778,5.1624,0.0221,0.5485,30
73,WT,114,0,1,99,239.96,46.08,0.192,5.3435,-0.199,0.5485,46
74,WT,115,0,1,87,254.53,46.54,0.1829,14.7436,0.0715,0.5485,30
75,WT,116,0,0,400,835.37,51.08,0.0611,21.1638,0.0701,0.5457,60
76,WT,117,1,0,108,263.43,46.16,0.1752,6.1635,0.2309,0.5488,43
77,WT,118,0,1,46,165.72,44.63,0.2693,7.1477,-0.0011,0.5484,30
78,WT,119,0,0,400,890.11,47.55,0.0534,13.7939,0.0327,0.5457,109
79,WT,120,0,0,400,927.97,44.54,0.048,21.9867,0.1054,0.5457,60
80,WT,121,0,1,97,297.01,48.51,0.1633,37.0204,0.4041,0.5485,41
81,WT,122,0,1,46,154.44,44.96,0.2911,12.9419,0.1069,0.5485,30
82,WT,123,0,1,372,919.56,44.6,0.0485,57.6348,-0.0054,0.5459,90
83,WT,124,0,1,149,374.65,48.67,0.1299,21.8163,-0.1416,0.5481,60
84,WT,125,0,1,121,385.87,45.09,0.1169,6.9489,0.1915,0.5483,60
85,WT,126,0,1,210,575.81,46.39,0.0806,18.8813,0.2442,0.5475,90
86,WT,127,1,0,171,416.95,48.19,0.1156,8.382,0.1612,0.5481,60
87,WT,128,0,1,140,368.9,45.97,0.1246,18.3369,0.2493,0.5481,60
88,WT,129,0,1,85,277.12,50.39,0.1818,9.7212,0.5193,0.5485,30
89,WT,130,0,1,121,345.01,46.13,0.1337,25.834,0.0531,0.5483,60
90,WT,131,0,1,52,181.54,46.9,0.2583,3.6466,0.2027,0.5485,30
91,WT,132,0,1,115,385.9,49.92,0.1294,6.5376,-0.0057,0.5483,60
92,WT,133,0,1,74,234.24,44.27,0.189,14.0871,0.0684,0.5485,30
93,WT,134,0,1,133,365.16,45.51,0.1246,8.1206,0.0973,0.5482,60
94,WT,135,0,1,142,371.77,49.86,0.1341,8.3509,0.2616,0.5481,60
95,WT,136,0,1,67,217.36,46.27,0.2129,13.9004,0.3888,0.5486,30
96,WT,137,0,1,54,156.29,45.28,0.2897,9.0116,0.4759,0.5485,31
97,WT,138,0,0,400,860.29,47.13,0.0548,13.023,0.0863,0.5457,90
98,WT,139,0,1,88,270.49,45.57,0.1685,7.8806,0.5126,0.5485,30
99,WT,140,0,1,47,140.83,47.79,0.3393,6.182,-0.0072,0.5485,31
100,WT,141,0,1,76,205.55,43.96,0.2138,7.4829,0.1126,0.5485,30
101,DELTA_MB,10042,0,1,124,359.9,48.79,0.1356,14.6804,0.3768,0.5483,60
102,DELTA_MB,10043,0,1,47,181.55,43.58,0.24,3.4495,0.1452,0.5485,30
103,DELTA_MB,10044,1,0,219,513.5,44.89,0.0874,11.9025,0.0967,0.5476,60
104,DELTA_MB,10045,0,1,155,437.88,48.85,0.1116,14.2957,0.2984,0.548,60
105,DELTA_MB,10046,0,1,237,628.5,49.96,0.0795,22.3346,0.0818,0.5473,60
106,DELTA_MB,10047,1,0,163,372.78,44.98,0.1206,8.0793,0.2153,0.5482,30
107,DELTA_MB,10048,0,1,47,163.47,46.93,0.2871,4.1274,0.2219,0.5485,30
108,DELTA_MB,10049,0,1,148,438.56,49.04,0.1118,36.8198,0.2716,0.5481,60
109,DELTA_MB,10050,0,1,54,184.21,48.01,0.2606,3.4142,0.3737,0.5485,30
110,DELTA_MB,10051,0,0,400,959.48,50.84,0.053,20.0748,0.0012,0.5457,90
111,DELTA_MB,10052,0,0,400,945.18,47.55,0.0503,34.9833,0.0251,0.5457,68
112,DELTA_MB,10053,0,1,66,159.69,45.61,0.2856,6.6166,-0.0401,0.5486,30
113,DELTA_MB,10054,0,1,50,154.33,44.5,0.2883,19.255,0.4597,0.5485,30
114,DELTA_MB,10055,0,0,400,964.62,46.55,0.0483,13.6896,0.0964,0.5457,90
115,DELTA_MB,10056,0,1,51,200.0,49.26,0.2463,3.6948,-0.0273,0.5485,30
116,DELTA_MB,10057,0,1,48,205.25,45.97,0.224,3.7504,0.2038,0.5485,30
117,DELTA_MB,10058,0,1,114,370.89,48.96,0.132,43.457,0.3384,0.5483,60
118,DELTA_MB,10059,0,1,219,567.07,47.92,0.0845,16.3852,0.0893,0.5474,60
119,DELTA_MB,10060,0,0,400,961.83,49.01,0.051,36.6419,0.023,0.5457,60
120,DELTA_MB,10061,0,1,49,179.25,48.14,0.2686,7.7009,0.2941,0.5485,30
121,DELTA_MB,10062,0,0,400,997.09,48.43,0.0486,11.2182,0.1061,0.5457,120
122,DELTA_MB,10063,0,1,47,157.06,48.16,0.3066,12.1435,0.0736,0.5485,30
123,DELTA_MB,10064,0,1,52,171.31,45.5,0.2656,6.888,0.038,0.5485,30
124,DELTA_MB,10065,1,0,243,562.06,48.36,0.086,11.0605,0.1053,0.5474,60
125,DELTA_MB,10066,0,1,47,165.8,49.65,0.2995,6.1857,0.1299,0.5485,30
126,DELTA_MB,10067,0,1,135,384.0,46.46,0.121,113.2875,0.1679,0.5482,60
127,DELTA_MB,10068,0,1,58,211.72,46.77,0.2209,4.2951,0.3886,0.5485,30
128,DELTA_MB,10069,0,1,44,181.14,44.31,0.2446,4.3692,0.0944,0.5484,30
129,DELTA_MB,10070,0,1,236,626.71,49.5,0.079,33.2863,0.1784,0.5473,60
130,DELTA_MB,10071,1,0,211,507.91,45.6,0.0898,11.7558,0.1887,0.5477,60
131,DELTA_MB,10072,1,0,298,714.65,45.09,0.0631,14.9693,0.0851,0.5468,60
132,DELTA_MB,10073,0,1,44,170.45,46.17,0.2709,3.3909,0.033,0.5484,30
133,DELTA_MB,10074,0,1,169,441.15,48.31,0.1095,20.8485,0.0696,0.5479,60
134,DELTA_MB,10075,0,1,49,155.72,48.66,0.3125,5.769,0.1014,0.5485,30
135,DELTA_MB,10076,0,1,45,180.38,46.61,0.2584,4.2162,0.1229,0.5484,30
136,DELTA_MB,10077,1,0,133,315.04,47.28,0.1501,7.0475,0.242,0.5486,40
137,DELTA_MB,10078,0,1,308,799.95,48.46,0.0606,15.3147,0.0292,0.5465,90
138,DELTA_MB,10079,1,0,194,474.28,47.29,0.0997,10.7921,0.1701,0.5479,60
139,DELTA_MB,10080,0,0,400,967.41,47.76,0.0494,30.8121,0.0385,0.5457,90
140,DELTA_MB,10081,0,1,138,428.76,42.81,0.0998,33.1722,0.2527,0.5482,60
141,DELTA_MB,10082,0,1,46,169.01,46.73,0.2765,5.6237,0.1082,0.5484,30
142,DELTA_MB,10083,0,0,400,987.71,49.98,0.0506,43.2929,0.072,0.5457,120
143,DELTA_MB,10084,0,1,47,165.34,46.11,0.2789,7.2914,0.1181,0.5485,30
144,DELTA_MB,10085,0,0,400,556.0,46.24,0.0832,12.0577,0.0275,0.5457,73
145,DELTA_MB,10086,0,1,151,451.67,45.8,0.1014,12.0448,0.1754,0.5481,60
146,DELTA_MB,10087,0,1,51,197.4,50.06,0.2536,5.8627,0.1861,0.5485,30
147,DELTA_MB,10088,0,0,400,908.61,44.86,0.0494,11.6748,0.103,0.5457,90
148,DELTA_MB,10089,0,1,162,461.46,45.53,0.0987,8.9733,0.1669,0.548,60
149,DELTA_MB,10090,1,0,164,391.53,47.27,0.1207,8.2644,0.1,0.5482,46
150,DELTA_MB,10091,0,1,136,419.19,50.26,0.1199,14.3165,0.2742,0.5482,60
151,DELTA_MB,10092,1,0,235,541.94,46.27,0.0854,11.2038,0.0793,0.5475,60
152,DELTA_MB,10093,0,0,400,1006.09,43.61,0.0434,13.6429,0.1082,0.5457,120
153,DELTA_MB,10094,0,1,54,164.4,49.71,0.3024,4.989,0.3567,0.5485,30
154,DELTA_MB,10095,0,0,400,1019.78,45.29,0.0444,16.0382,0.0568,0.5457,120
155,DELTA_MB,10096,0,1,158,439.91,48.28,0.1098,19.9516,0.24,0.548,60
156,DELTA_MB,10097,0,1,149,417.75,49.96,0.1196,7.702,0.2206,0.5481,60
157,DELTA_MB,10098,0,1,167,476.44,46.96,0.0986,13.907,0.2333,0.5479,60
158,DELTA_MB,10099,0,1,152,451.04,43.81,0.0971,34.3372,0.2036,0.548,60
159,DELTA_MB,10100,0,0,400,922.25,45.34,0.0492,24.466,0.1054,0.5457,60
160,DELTA_MB,10101,0,1,149,419.3,46.76,0.1115,23.4993,0.2723,0.5481,60
161,DELTA_MB,10102,0,1,381,890.87,46.1,0.0517,65.4324,0.0698,0.5458,120
162,DELTA_MB,10103,0,0,400,962.36,50.08,0.052,48.0345,0.0461,0.5457,90
163,DELTA_MB,10104,0,1,48,172.31,47.31,0.2746,8.7001,0.2922,0.5485,30
164,DELTA_MB,10105,0,0,400,944.95,48.84,0.0517,23.2514,0.1264,0.5457,90
165,DELTA_MB,10106,0,1,51,191.91,49.28,0.2568,4.2964,-0.1713,0.5485,30
166,DELTA_MB,10107,0,1,343,901.46,43.51,0.0483,31.502,0.0696,0.5462,90
167,DELTA_MB,10108,0,1,52,186.8,46.57,0.2493,6.1264,0.1952,0.5485,30
168,DELTA_MB,10109,0,1,157,398.67,49.62,0.1245,12.4887,0.1322,0.548,61
169,DELTA_MB,10110,0,0,400,994.55,46.9,0.0472,22.1209,0.0841,0.5457,120
170,DELTA_MB,10111,0,1,140,433.88,47.63,0.1098,19.8735,0.2581,0.5481,60
171,DELTA_MB,10112,0,1,187,499.83,47.46,0.0949,13.3209,0.2064,0.5477,60
172,DELTA_MB,10113,0,1,61,162.87,47.03,0.2887,5.1636,0.2739,0.5485,30
173,DELTA_MB,10114,0,1,48,166.24,44.85,0.2698,10.3421,0.1868,0.5485,30
174,DELTA_MB,10115,0,1,166,432.1,47.98,0.111,18.5802,0.1363,0.5479,61
175,DELTA_MB,10116,0,1,156,432.83,48.21,0.1114,8.4882,0.152,0.548,60
176,DELTA_MB,10117,0,0,400,968.48,47.59,0.0491,21.9224,0.0398,0.5457,89
177,DELTA_MB,10118,0,1,152,404.64,49.59,0.1225,34.6499,0.1274,0.548,60
178,DELTA_MB,10119,0,1,119,370.9,47.91,0.1292,68.7858,0.3112,0.5483,60
179,DELTA_MB,10120,1,0,277,620.58,47.7,0.0769,13.4159,0.1016,0.547,30
180,DELTA_MB,10121,1,0,95,225.62,46.41,0.2057,4.5774,0.3962,0.549,30
181,DELTA_MB,10122,0,1,282,735.37,43.94,0.0597,21.7865,0.1347,0.5468,60
182,DELTA_MB,10123,0,1,54,154.8,45.14,0.2916,6.0123,0.3324,0.5485,30
183,DELTA_MB,10124,1,0,255,587.33,47.28,0.0805,12.7503,0.1029,0.5472,60
184,DELTA_MB,10125,0,0,400,1001.9,44.53,0.0444,37.6325,0.08,0.5457,120
185,DELTA_MB,10126,0,1,379,1013.88,47.83,0.0472,224.8916,-0.0357,0.5458,120
186,DELTA_MB,10127,0,1,269,706.98,50.21,0.071,34.0703,0.0046,0.5469,90
187,DELTA_MB,10128,0,1,50,154.76,45.88,0.2964,47.5154,-0.0767,0.5485,30
188,DELTA_MB,10129,0,1,133,350.79,43.69,0.1245,8.3893,0.3393,0.5482,60
189,DELTA_MB,10130,0,1,244,642.42,48.16,0.075,17.6421,0.1589,0.5472,60
190,DELTA_MB,10131,0,1,150,419.55,47.57,0.1134,34.7209,0.2683,0.5481,60
191,DELTA_MB,10132,0,1,118,368.7,48.14,0.1306,28.8457,0.3402,0.5483,60
192,DELTA_MB,10133,0,1,211,532.12,46.75,0.0879,75.6046,0.1202,0.5475,60
193,DELTA_MB,10134,0,1,47,153.96,50.72,0.3294,17.936,0.2723,0.5485,30
194,DELTA_MB,10135,1,0,270,616.23,45.17,0.0733,14.6135,0.1391,0.5471,90
195,DELTA_MB,10136,0,1,42,168.38,50.34,0.299,3.6517,-0.0044,0.5484,30
196,DELTA_MB,10137,0,1,54,186.75,45.29,0.2425,8.4994,0.3126,0.5485,30
197,DELTA_MB,10138,0,1,212,545.95,50.34,0.0922,21.8462,0.0202,0.5475,60
198,DELTA_MB,10139,1,0,303,712.3,49.76,0.0699,14.5066,0.1546,0.5467,90
199,DELTA_MB,10140,0,0,400,1009.64,49.59,0.0491,23.348,-0.0132,0.5457,85
200,DELTA_MB,10141,0,1,356,936.37,47.68,0.0509,133.6035,0.1102,0.546,120
201,DELTA_CX,20042,0,1,54,204.98,46.74,0.228,3.9485,0.4379,0.5485,30
202,DELTA_CX,20043,0,1,123,356.19,44.65,0.1253,11.5151,0.1207,0.5483,60
203,DELTA_CX,20044,0,1,116,351.93,49.35,0.1402,66.0778,0.4814,0.5483,57
204,DELTA_CX,20045,1,0,149,319.59,51.05,0.1597,6.0851,0.2388,0.5484,30
205,DELTA_CX,20046,0,1,51,183.41,49.68,0.2708,5.3084,0.1328,0.5485,30
206,DELTA_CX,20047,0,1,155,417.17,46.31,0.111,29.9489,0.1791,0.548,60
207,DELTA_CX,20048,0,1,82,235.31,50.38,0.2141,17.4446,0.0753,0.5485,30
208,DELTA_CX,20049,0,1,130,364.03,47.21,0.1297,14.611,0.2267,0.5482,60
209,DELTA_CX,20050,0,0,400,861.46,45.5,0.0528,16.9153,0.0931,0.5457,60
210,DELTA_CX,20051,0,1,65,201.87,49.52,0.2453,11.6623,0.4265,0.5486,30
211,DELTA_CX,20052,0,0,400,790.38,47.62,0.0603,19.3782,0.0297,0.5457,60
212,DELTA_CX,20053,0,1,173,442.21,46.35,0.1048,9.0005,0.0948,0.5479,60
213,DELTA_CX,20054,0,1,350,890.23,46.54,0.0523,33.1161,0.06,0.5461,120
214,DELTA_CX,20055,0,1,50,162.08,48.09,0.2967,25.8718,0.1838,0.5485,30
215,DELTA_CX,20056,0,1,214,525.81,46.17,0.0878,17.1082,0.2059,0.5475,60
216,DELTA_CX,20057,0,1,144,402.95,48.32,0.1199,21.3486,0.2578,0.5481,60
217,DELTA_CX,20058,0,1,122,327.25,45.89,0.1402,6.4973,0.1101,0.5483,60
218,DELTA_CX,20059,0,1,45,173.79,48.57,0.2795,7.5741,0.0506,0.5484,30
219,DELTA_CX,20060,0,1,56,178.18,45.1,0.2531,5.9863,0.457,0.5485,30
220,DELTA_CX,20061,0,1,43,174.8,48.38,0.2768,4.864,0.0823,0.5484,30
221,DELTA_CX,20062,0,1,38,123.98,51.09,0.4121,27.3325,0.0722,0.5483,31
222,DELTA_CX,20063,0,1,124,347.73,48.23,0.1387,10.8996,0.1859,0.5483,60
223,DELTA_CX,20064,0,0,400,761.08,48.72,0.064,10.531,0.1561,0.5457,60
224,DELTA_CX,20065,0,0,400,840.39,43.51,0.0518,17.6727,-0.0261,0.5457,60
225,DELTA_CX,20066,0,1,47,150.21,47.19,0.3142,10.8524,0.1604,0.5485,30
226,DELTA_CX,20067,0,1,141,376.73,47.11,0.1251,13.4103,0.3102,0.5481,60
227,DELTA_CX,20068,0,1,144,374.61,44.57,0.119,9.6555,0.1849,0.5481,60
228,DELTA_CX,20069,0,1,199,508.06,47.38,0.0933,23.4744,0.1096,0.5476,60
229,DELTA_CX,20070,0,1,150,399.06,45.8,0.1148,17.3132,0.0703,0.5481,60
230,DELTA_CX,20071,0,0,400,912.44,42.69,0.0468,25.3379,0.044,0.5457,70
231,DELTA_CX,20072,0,1,48,152.07,45.66,0.3003,14.8366,0.1872,0.5485,30
232,DELTA_CX,20073,0,1,78,224.79,45.65,0.2031,9.8508,0.3738,0.5485,30
233,DELTA_CX,20074,0,1,134,389.39,45.71,0.1174,11.4272,0.0358,0.5482,60
234,DELTA_CX,20075,0,1,125,363.43,45.05,0.124,45.0257,0.1505,0.5483,60
235,DELTA_CX,20076,0,1,117,329.01,45.24,0.1375,6.916,0.271,0.5483,60
236,DELTA_CX,20077,0,1,79,245.08,48.02,0.1959,5.1455,0.1264,0.5529,30
237,DELTA_CX,20078,0,1,47,200.85,45.24,0.2253,3.7319,0.1358,0.5485,30
238,DELTA_CX,20079,0,1,155,399.53,42.39,0.1061,14.008,0.2244,0.548,60
239,DELTA_CX,20080,0,1,86,214.24,46.22,0.2157,4.3536,0.492,0.5485,30
240,DELTA_CX,20081,0,1,122,336.64,44.42,0.1319,8.4981,0.1245,0.5483,48
241,DELTA_CX,20082,0,1,48,141.99,44.8,0.3155,11.6556,0.0784,0.5485,31
242,DELTA_CX,20083,0,1,58,198.86,47.22,0.2375,4.719,0.0924,0.5485,30
243,DELTA_CX,20084,0,0,400,669.56,45.64,0.0682,15.1852,0.026,0.5457,60
244,DELTA_CX,20085,0,0,400,957.12,46.52,0.0486,14.4883,0.0221,0.5457,90
245,DELTA_CX,20086,0,1,87,259.62,47.85,0.1843,17.6465,0.4828,0.5485,30
246,DELTA_CX,20087,0,1,48,160.93,48.2,0.2995,5.7416,0.2893,0.5485,30
247,DELTA_CX,20088,0,1,83,226.99,48.63,0.2142,8.5977,0.1193,0.5485,30
248,DELTA_CX,20089,0,0,400,519.81,43.96,0.0846,10.383,0.0269,0.5458,30
249,DELTA_CX,20090,0,1,85,278.4,50.47,0.1813,10.7344,0.4499,0.5485,30
250,DELTA_CX,20091,0,1,47,201.05,51.2,0.2547,4.4204,-0.0114,0.5485,30
251,DELTA_CX,20092,0,0,400,861.68,44.37,0.0515,12.3101,0.0484,0.5457,60
252,DELTA_CX,20093,0,1,132,388.17,50.57,0.1303,12.8259,0.2988,0.5482,60
253,DELTA_CX,20094,0,1,121,351.7,45.75,0.1301,19.3125,0.2576,0.5483,60
254,DELTA_CX,20095,0,1,49,183.61,46.27,0.252,3.9703,0.0269,0.5555,30
255,DELTA_CX,20096,1,0,172,374.95,48.45,0.1292,7.9366,0.2117,0.5481,30
256,DELTA_CX,20097,1,0,360,845.31,46.51,0.055,18.6624,0.084,0.5461,104
257,DELTA_CX,20098,1,0,312,722.4,47.71,0.066,15.8749,0.1481,0.5466,90
258,DELTA_CX,20099,0,1,87,240.36,48.8,0.203,5.0356,0.3973,0.5525,30
259,DELTA_CX,20100,0,1,111,353.59,47.99,0.1357,10.5163,0.079,0.5484,58
260,DELTA_CX,20101,1,0,145,362.68,47.81,0.1318,7.6827,0.1102,0.5484,60
261,DELTA_CX,20102,0,1,136,400.92,43.4,0.1083,21.3846,0.2804,0.5482,60
262,DELTA_CX,20103,0,1,48,160.94,45.27,0.2813,22.21,0.2055,0.5485,30
263,DELTA_CX,20104,0,1,141,420.49,48.95,0.1164,17.7565,0.3138,0.5481,60
264,DELTA_CX,20105,0,0,400,898.27,44.78,0.0499,23.6369,0.048,0.5457,70
265,DELTA_CX,20106,0,1,127,354.19,46.88,0.1324,17.3474,0.3765,0.5483,60
266,DELTA_CX,20107,0,1,61,193.91,49.14,0.2534,14.3574,0.0504,0.5485,30
267,DELTA_CX,20108,0,1,47,170.47,47.09,0.2762,9.2476,0.1288,0.5485,30
268,DELTA_CX,20109,0,1,47,176.48,46.29,0.2623,6.5907,-0.0278,0.5485,30
269,DELTA_CX,20110,0,1,190,487.83,43.67,0.0895,20.6857,0.1312,0.5477,60
270,DELTA_CX,20111,0,1,82,226.26,46.85,0.2071,7.1391,0.0905,0.5485,30
271,DELTA_CX,20112,0,1,130,366.02,48.97,0.1338,10.7798,0.1059,0.5482,60
272,DELTA_CX,20113,1,0,182,437.25,44.45,0.1017,9.6611,0.0554,0.548,68
273,DELTA_CX,20114,1,0,195,452.04,46.88,0.1037,9.7845,0.0493,0.5479,60
274,DELTA_CX,20115,0,1,42,147.57,44.98,0.3048,43.986,0.0836,0.5484,30
275,DELTA_CX,20116,0,0,400,890.73,48.13,0.054,11.9574,0.1074,0.5457,63
276,DELTA_CX,20117,0,1,127,371.68,46.49,0.1251,12.3092,0.2981,0.5483,60
277,DELTA_CX,20118,0,1,45,175.15,45.21,0.2581,5.8635,0.0186,0.5484,30
278,DELTA_CX,20119,0,1,150,405.2,45.94,0.1134,14.3845,0.2819,0.5481,60
279,DELTA_CX,20120,0,1,83,237.37,49.41,0.2082,14.5464,0.0322,0.5485,30
280,DELTA_CX,20121,0,1,136,367.37,49.55,0.1349,22.313,0.0379,0.5482,60
281,DELTA_CX,20122,0,1,48,180.68,46.72,0.2586,3.8983,0.2119,0.5485,30
282,DELTA_CX,20123,0,1,130,350.74,45.42,0.1295,19.5301,-0.0712,0.5482,60
283,DELTA_CX,20124,0,1,206,573.57,45.58,0.0795,24.3846,0.1966,0.5475,90
284,DELTA_CX,20125,0,0,400,952.19,44.78,0.047,31.342,0.0705,0.5457,90
285,DELTA_CX,20126,0,1,53,178.24,49.93,0.2801,3.8876,0.4052,0.5485,30
286,DELTA_CX,20127,0,0,400,956.1,43.26,0.0452,13.8131,0.0937,0.5457,120
287,DELTA_CX,20128,0,1,52,195.95,48.73,0.2487,4.8864,0.4086,0.5485,30
288,DELTA_CX,20129,0,1,54,162.31,50.21,0.3093,6.3747,0.4274,0.5485,30
289,DELTA_CX,20130,0,1,43,181.1,47.54,0.2625,3.2725,0.183,0.5484,30
290,DELTA_CX,20131,0,1,67,216.16,47.23,0.2185,9.7891,-0.0531,0.5486,30
291,DELTA_CX,20132,0,1,86,250.19,47.23,0.1888,13.0257,0.4904,0.5485,30
292,DELTA_CX,20133,0,1,50,190.6,48.46,0.2542,4.4267,-0.0554,0.5485,30
293,DELTA_CX,20134,0,0,400,998.05,43.71,0.0438,14.4984,-0.0152,0.5457,120
294,DELTA_CX,20135,0,1,81,216.13,47.45,0.2195,4.2813,0.47,0.5485,30
295,DELTA_CX,20136,1,0,156,352.78,47.98,0.136,6.986,0.2048,0.5483,60
296,DELTA_CX,20137,0,1,50,184.31,45.02,0.2443,6.4657,0.0396,0.5485,30
297,DELTA_CX,20138,0,0,400,874.99,47.65,0.0545,13.9161,0.0946,0.5457,90
298,DELTA_CX,20139,0,1,333,835.8,47.88,0.0573,19.3986,0.0413,0.5463,120
299,DELTA_CX,20140,0,1,140,377.76,42.55,0.1126,10.5798,0.2549,0.5481,60
300,DELTA_CX,20141,0,1,130,391.21,44.05,0.1126,30.0166,0.3195,0.5482,60
301,DELTA_JO,30042,0,1,130,336.58,45.39,0.1348,9.0059,0.0199,0.5482,60
302,DELTA_JO,30043,0,1,84,209.78,49.95,0.2381,9.6528,-0.0232,0.5485,31
303,DELTA_JO,30044,0,1,91,300.83,46.72,0.1553,12.7513,0.4855,0.5485,32
304,DELTA_JO,30045,0,1,82,258.43,50.37,0.1949,40.6839,0.3729,0.5485,30
305,DELTA_JO,30046,0,1,124,376.96,45.67,0.1212,11.2033,0.0464,0.5483,60
306,DELTA_JO,30047,0,1,132,340.49,48.18,0.1415,8.301,0.1594,0.5482,60
307,DELTA_JO,30048,0,1,49,175.39,42.86,0.2444,4.6499,-0.0682,0.5485,30
308,DELTA_JO,30049,0,0,400,913.82,46.81,0.0512,27.6299,-0.0038,0.5457,90
309,DELTA_JO,30050,0,1,100,315.64,46.77,0.1482,9.434,-0.0092,0.5484,43
310,DELTA_JO,30051,0,1,46,145.05,45.27,0.3121,10.8465,0.174,0.5484,31
311,DELTA_JO,30052,0,1,51,198.45,48.08,0.2423,4.3501,0.3479,0.5485,30
312,DELTA_JO,30053,0,1,83,247.33,50.57,0.2045,6.7704,0.4884,0.5485,30
313,DELTA_JO,30054,0,1,77,240.63,45.6,0.1895,6.1117,0.0154,0.5485,30
314,DELTA_JO,30055,0,1,86,260.14,48.82,0.1877,9.8902,0.0394,0.5485,30
315,DELTA_JO,30056,0,1,131,366.09,47.07,0.1286,10.0608,0.3252,0.5482,60
316,DELTA_JO,30057,0,1,132,386.15,49.75,0.1288,41.1572,0.0955,0.5482,60
317,DELTA_JO,30058,0,1,95,251.72,46.17,0.1834,5.0495,0.4964,0.5485,42
318,DELTA_JO,30059,0,0,400,699.46,45.49,0.065,12.8053,-0.0099,0.5457,60
319,DELTA_JO,30060,0,1,46,172.29,50.36,0.2923,5.8079,0.0649,0.5485,30
320,DELTA_JO,30061,0,1,47,136.32,44.8,0.3286,7.1569,-0.049,0.5485,31
321,DELTA_JO,30062,0,1,127,346.23,49.6,0.1433,8.2398,0.1744,0.5483,60
322,DELTA_JO,30063,0,1,154,464.06,48.92,0.1054,17.0245,0.2304,0.548,60
323,DELTA_JO,30064,0,1,223,593.01,44.68,0.0753,14.9311,-0.0713,0.5474,90
324,DELTA_JO,30065,0,0,400,878.8,48.26,0.0549,28.9311,-0.0213,0.5457,60
325,DELTA_JO,30066,0,1,44,152.49,45.51,0.2984,8.812,0.0281,0.5484,30
326,DELTA_JO,30067,0,1,47,185.56,51.08,0.2753,4.0635,0.198,0.5485,30
327,DELTA_JO,30068,0,1,133,357.87,46.5,0.1299,149.7013,-0.0115,0.5482,60
328,DELTA_JO,30069,0,1,80,235.14,44.8,0.1905,15.8665,-0.001,0.5485,30
329,DELTA_JO,30070,0,0,400,912.64,50.47,0.0553,19.6335,-0.0503,0.5457,103
330,DELTA_JO,30071,0,1,227,525.0,44.19,0.0842,24.2166,0.0383,0.5474,60
331,DELTA_JO,30072,0,1,145,397.63,45.38,0.1141,31.4132,0.0739,0.5481,60
332,DELTA_JO,30073,0,0,400,829.73,45.84,0.0552,11.1207,0.0956,0.5457,30
333,DELTA_JO,30074,0,1,48,189.58,47.95,0.2529,4.7949,-0.1034,0.5485,30
334,DELTA_JO,30075,0,1,130,382.66,48.08,0.1257,8.5214,0.1165,0.5482,60
335,DELTA_JO,30076,0,1,121,346.09,45.78,0.1323,24.5884,0.125,0.5483,60
336,DELTA_JO,30077,0,1,145,372.34,46.55,0.125,8.7908,0.3688,0.5481,61
337,DELTA_JO,30078,0,1,138,392.05,47.12,0.1202,13.7078,-0.0921,0.5482,60
338,DELTA_JO,30079,0,1,58,210.17,48.02,0.2285,4.5127,0.2358,0.5485,30
339,DELTA_JO,30080,0,1,143,413.1,46.65,0.1129,16.694,0.3404,0.5481,60
340,DELTA_JO,30081,0,0,400,865.74,51.06,0.059,17.9612,-0.0095,0.5457,90
341,DELTA_JO,30082,0,1,87,219.56,46.1,0.21,6.7955,0.1329,0.5485,30
342,DELTA_JO,30083,1,0,156,336.65,49.09,0.1458,6.9783,0.2411,0.5483,30
343,DELTA_JO,30084,0,1,83,272.97,46.7,0.1711,5.4842,-0.0066,0.5485,30
344,DELTA_JO,30085,0,0,400,939.85,47.7,0.0508,14.9815,0.0642,0.5457,90
345,DELTA_JO,30086,0,1,89,252.24,43.76,0.1735,10.3417,0.447,0.5485,31
346,DELTA_JO,30087,0,1,48,186.34,50.8,0.2726,6.5776,0.207,0.5485,30
347,DELTA_JO,30088,0,1,144,389.18,48.46,0.1245,18.0374,0.2111,0.5481,60
348,DELTA_JO,30089,0,1,45,168.78,49.42,0.2928,3.9023,0.14,0.5484,30
349,DELTA_JO,30090,0,1,153,392.75,48.96,0.1246,11.6759,0.2522,0.548,60
350,DELTA_JO,30091,0,1,144,378.05,48.79,0.1291,7.9681,0.2292,0.5481,60
351,DELTA_JO,30092,0,1,56,188.73,47.98,0.2542,8.7009,0.5163,0.5485,30
352,DELTA_JO,30093,0,0,400,823.68,46.84,0.0569,18.0709,-0.0818,0.5457,113
353,DELTA_JO,30094,0,1,146,382.38,44.33,0.1159,21.0724,0.3048,0.5481,60
354,DELTA_JO,30095,0,1,48,155.34,45.31,0.2917,29.6629,0.0106,0.5485,30
355,DELTA_JO,30096,0,1,83,244.6,44.22,0.1808,7.4334,0.3254,0.5485,30
356,DELTA_JO,30097,1,0,140,336.33,42.37,0.126,8.17,0.2757,0.5485,60
357,DELTA_JO,30098,0,1,143,370.2,48.49,0.131,9.1653,0.331,0.5481,60
358,DELTA_JO,30099,0,0,400,892.63,47.23,0.0529,13.8711,0.1683,0.5457,90
359,DELTA_JO,30100,0,1,133,388.97,45.8,0.1178,12.3837,0.305,0.5482,60
360,DELTA_JO,30101,0,1,84,248.27,50.49,0.2034,8.598,0.4405,0.5485,30
361,DELTA_JO,30102,0,1,84,275.33,48.16,0.1749,9.802,0.4242,0.5485,30
362,DELTA_JO,30103,0,1,131,384.57,47.32,0.1231,22.2388,0.0683,0.5482,60
363,DELTA_JO,30104,0,1,48,155.22,48.17,0.3104,6.834,0.3519,0.5485,30
364,DELTA_JO,30105,0,1,226,635.01,43.77,0.0689,12.6135,-0.0642,0.5474,90
365,DELTA_JO,30106,0,1,47,156.04,51.34,0.329,34.7717,0.2231,0.5485,30
366,DELTA_JO,30107,0,1,82,231.33,44.8,0.1936,5.5387,0.4471,0.5485,30
367,DELTA_JO,30108,1,0,356,766.43,46.67,0.0609,16.6225,0.1597,0.5462,60
368,DELTA_JO,30109,0,1,55,194.56,45.12,0.2319,6.3121,0.0979,0.5485,30
369,DELTA_JO,30110,0,1,50,176.79,49.81,0.2817,4.736,0.0278,0.5485,30
370,DELTA_JO,30111,0,1,50,151.45,48.78,0.3221,23.5047,0.0558,0.5485,30
371,DELTA_JO,30112,0,1,138,363.91,46.78,0.1286,6.8467,0.0455,0.5482,60
372,DELTA_JO,30113,0,1,51,190.83,49.87,0.2613,5.2864,0.1451,0.5485,30
373,DELTA_JO,30114,0,1,47,175.87,48.01,0.273,5.1848,-0.0264,0.5485,30
374,DELTA_JO,30115,0,1,236,613.83,47.03,0.0766,67.9117,0.0785,0.5473,90
375,DELTA_JO,30116,0,1,141,355.02,44.8,0.1262,7.6979,0.3291,0.5481,60
376,DELTA_JO,30117,0,1,153,450.56,48.67,0.108,13.1612,0.2575,0.548,60
377,DELTA_JO,30118,1,0,87,209.74,45.29,0.2159,4.5927,0.32,0.5491,35
378,DELTA_JO,30119,0,0,400,880.61,46.39,0.0527,17.7527,0.0003,0.5457,90
379,DELTA_JO,30120,0,1,243,598.25,44.18,0.0739,12.3137,0.1305,0.5472,90
380,DELTA_JO,30121,0,0,400,645.26,46.9,0.0727,14.9395,-0.029,0.5458,30
381,DELTA_JO,30122,0,1,136,376.59,44.27,0.1175,15.3068,0.0808,0.5482,60
382,DELTA_JO,30123,0,0,400,853.53,48.34,0.0566,12.7709,0.0882,0.5457,60
383,DELTA_JO,30124,1,0,175,370.82,49.41,0.1332,7.5137,0.2841,0.5481,30
384,DELTA_JO,30125,0,1,85,258.75,47.88,0.185,8.2244,0.0829,0.5485,30
385,DELTA_JO,30126,1,0,286,671.32,45.2,0.0673,14.7846,0.0872,0.5469,90
386,DELTA_JO,30127,0,1,81,215.27,45.87,0.2131,5.0795,0.4052,0.5485,30
387,DELTA_JO,30128,0,1,126,331.62,50.2,0.1514,10.1622,0.1413,0.5483,60
388,DELTA_JO,30129,0,1,88,253.98,46.96,0.1849,7.6924,0.4495,0.5485,30
389,DELTA_JO,30130,0,1,92,275.97,45.81,0.166,13.8941,0.3816,0.5485,39
390,DELTA_JO,30131,0,1,45,181.46,45.95,0.2533,5.0536,0.0867,0.5484,30
391,DELTA_JO,30132,0,1,81,235.22,49.05,0.2085,17.1899,0.0383,0.5485,30
392,DELTA_JO,30133,0,1,45,134.78,46.5,0.345,7.8539,0.1343,0.5484,31
393,DELTA_JO,30134,0,1,46,175.96,50.17,0.2851,5.344,0.0266,0.5484,30
394,DELTA_JO,30135,0,1,46,162.49,48.82,0.3004,12.04,0.068,0.5485,30
395,DELTA_JO,30136,0,1,47,135.89,45.96,0.3382,20.0505,0.1039,0.5485,31
396,DELTA_JO,30137,1,0,205,432.65,45.85,0.106,9.4332,0.2053,0.5478,30
397,DELTA_JO,30138,0,1,136,366.87,44.37,0.1209,22.0671,0.008,0.5482,60
398,DELTA_JO,30139,0,1,126,344.59,46.46,0.1348,8.4144,0.1216,0.5483,60
399,DELTA_JO,30140,0,1,125,340.04,47.86,0.1408,16.8629,0.0877,0.5483,60
400,DELTA_JO,30141,0,1,56,155.15,49.99,0.3222,29.8774,0.1835,0.5485,30
401,DELTA_LC4,40042,0,1,10,36.46,45.59,1.0,1.0719,0.9693,0.5454,0
402,DELTA_LC4,40043,0,1,15,40.27,49.71,1.0,14.2426,0.987,0.5467,0
403,DELTA_LC4,40044,0,1,15,46.0,43.9,0.9544,1.101,0.9781,0.5467,0
404,DELTA_LC4,40045,0,1,9,34.52,47.26,1.0,1.0114,0.9959,0.5449,0
405,DELTA_LC4,40046,0,1,15,48.55,48.87,1.0,1.0955,0.999,0.5467,0
406,DELTA_LC4,40047,0,1,10,34.78,49.14,1.0,1.1141,0.9826,0.5454,0
407,DELTA_LC4,40048,0,1,15,53.32,48.66,0.9125,1.0327,0.9505,0.5467,0
408,DELTA_LC4,40049,0,1,10,57.01,46.8,0.821,1.0058,0.9534,0.5454,0
409,DELTA_LC4,40050,0,1,15,34.91,47.89,1.0,2.1631,0.9779,0.5467,0
410,DELTA_LC4,40051,1,0,28,46.28,47.33,1.0,1.009,0.9869,0.5497,0
411,DELTA_LC4,40052,0,1,15,49.57,48.14,0.9711,1.0057,0.9906,0.5686,0
412,DELTA_LC4,40053,0,1,10,40.63,48.39,1.0,1.0686,0.9853,0.5454,0
413,DELTA_LC4,40054,0,1,64,188.83,47.22,0.2501,25.2115,0.5778,0.5486,0
414,DELTA_LC4,40055,0,1,9,53.84,48.28,0.8968,1.0184,0.997,0.5449,0
415,DELTA_LC4,40056,0,1,66,164.98,46.76,0.2834,6.2404,0.6052,0.5486,0
416,DELTA_LC4,40057,0,1,16,33.65,46.51,1.0,1.0493,0.9874,0.5469,0
417,DELTA_LC4,40058,0,1,13,51.63,47.11,0.9124,2.3015,0.9274,0.5463,0
418,DELTA_LC4,40059,0,1,8,20.71,48.45,1.0,1.2265,0.9983,0.5444,0
419,DELTA_LC4,40060,0,1,9,39.39,47.36,1.0,1.5228,0.9374,0.5449,0
420,DELTA_LC4,40061,0,1,10,57.23,50.92,0.8898,1.0484,0.9704,0.5454,0
421,DELTA_LC4,40062,0,1,65,199.66,47.73,0.239,6.3008,0.6071,0.5486,0
422,DELTA_LC4,40063,0,1,10,38.72,43.4,1.0,1.1106,0.9876,0.5454,0
423,DELTA_LC4,40064,0,1,9,49.27,46.43,0.9424,1.0048,0.9267,0.5449,0
424,DELTA_LC4,40065,0,1,9,42.83,46.74,1.0,1.2213,0.949,0.5449,0
425,DELTA_LC4,40066,1,0,26,42.56,43.19,1.0,1.0099,0.9898,0.5497,0
426,DELTA_LC4,40067,0,1,70,156.37,45.91,0.2936,4.2316,0.4853,0.5486,0
427,DELTA_LC4,40068,0,1,10,53.6,46.08,0.8598,1.0265,0.932,0.5454,0
428,DELTA_LC4,40069,0,1,15,47.92,48.51,1.0,1.5735,0.9411,0.5467,0
429,DELTA_LC4,40070,0,1,9,27.27,49.44,1.0,1.2497,0.9931,0.5449,0
430,DELTA_LC4,40071,0,1,9,47.65,44.27,0.9291,1.0101,0.9722,0.5449,0
431,DELTA_LC4,40072,0,1,10,42.96,45.09,1.0,1.812,0.9938,0.5454,0
432,DELTA_LC4,40073,0,1,9,42.51,45.6,1.0,1.0035,0.996,0.5449,0
433,DELTA_LC4,40074,0,1,10,38.92,50.4,1.0,1.027,0.9793,0.5454,0
434,DELTA_LC4,40075,0,1,10,29.56,47.89,1.0,1.0831,0.9505,0.5454,0
435,DELTA_LC4,40076,0,1,10,43.05,46.37,1.0,1.7127,0.9958,0.5454,0
436,DELTA_LC4,40077,0,1,9,51.28,48.54,0.9466,1.0044,0.9758,0.5449,0
437,DELTA_LC4,40078,0,1,9,53.37,44.1,0.8262,1.0429,0.9287,0.5449,0
438,DELTA_LC4,40079,0,1,10,24.2,50.83,1.0,3.4071,0.995,0.5454,0
439,DELTA_LC4,40080,0,1,9,41.12,49.36,1.0,1.0127,0.9488,0.5449,0
440,DELTA_LC4,40081,0,1,9,35.39,45.93,1.0,1.2647,0.9904,0.5449,0
441,DELTA_LC4,40082,0,1,10,52.37,50.2,0.9584,1.5689,0.9651,0.5454,0
442,DELTA_LC4,40083,0,1,9,41.25,48.08,1.0,1.1074,0.9356,0.5449,0
443,DELTA_LC4,40084,0,1,67,168.49,46.67,0.277,9.039,0.6033,0.5486,0
444,DELTA_LC4,40085,0,1,66,182.17,49.92,0.274,17.296,0.5747,0.5486,0
445,DELTA_LC4,40086,0,1,9,41.23,43.7,1.0,1.0675,0.9863,0.5449,0
446,DELTA_LC4,40087,0,1,72,171.02,46.4,0.2713,5.803,0.6162,0.5486,0
447,DELTA_LC4,40088,0,1,10,28.7,50.44,1.0,1.1829,0.9981,0.5454,0
448,DELTA_LC4,40089,1,0,29,48.16,47.89,0.9943,1.0082,0.9887,0.5497,0
449,DELTA_LC4,40090,0,1,114,257.87,47.23,0.1832,6.6606,-0.0342,0.5484,0
450,DELTA_LC4,40091,0,1,65,193.2,44.92,0.2325,5.8997,0.6015,0.5486,0
451,DELTA_LC4,40092,0,1,50,138.82,44.51,0.3207,5.8107,0.6242,0.5485,0
452,DELTA_LC4,40093,0,1,8,20.46,46.51,1.0,1.065,0.9289,0.5444,0
453,DELTA_LC4,40094,0,1,10,53.95,45.5,0.8434,1.0659,0.9481,0.5454,0
454,DELTA_LC4,40095,0,1,15,52.37,45.61,0.8709,2.3904,0.9905,0.5467,0
455,DELTA_LC4,40096,0,1,10,29.14,47.72,1.0,1.1123,0.9335,0.5454,0
456,DELTA_LC4,40097,0,1,10,31.44,49.15,1.0,1.034,0.9478,0.5454,0
457,DELTA_LC4,40098,0,1,9,40.84,44.4,1.0,1.5046,0.9916,0.5449,0
458,DELTA_LC4,40099,0,1,66,162.3,47.15,0.2905,5.0571,0.5273,0.5486,0
459,DELTA_LC4,40100,0,1,233,477.84,51.44,0.1077,34.5491,0.1747,0.5473,0
460,DELTA_LC4,40101,0,1,10,41.5,46.14,1.0,1.0393,0.9376,0.5454,0
461,DELTA_LC4,40102,0,1,50,140.12,42.65,0.3044,8.3563,0.5506,0.5485,0
462,DELTA_LC4,40103,0,1,277,624.34,48.67,0.078,17.5406,0.0067,0.5469,0
463,DELTA_LC4,40104,1,0,29,48.16,49.43,1.0,1.0102,0.9847,0.5497,0
464,DELTA_LC4,40105,0,1,66,206.68,45.66,0.2209,9.0248,0.5398,0.5486,0
465,DELTA_LC4,40106,0,1,8,31.36,48.11,1.0,1.909,0.9734,0.5444,0
466,DELTA_LC4,40107,0,1,9,44.51,43.65,0.9807,1.0024,0.9789,0.5449,0
467,DELTA_LC4,40108,0,1,15,42.71,49.41,1.0,5.5241,0.9855,0.5467,0
468,DELTA_LC4,40109,0,1,10,52.46,48.35,0.9216,1.0799,0.9858,0.5454,0
469,DELTA_LC4,40110,0,1,10,25.9,46.37,1.0,1.8355,0.9938,0.5454,0
470,DELTA_LC4,40111,0,1,9,30.29,50.03,1.0,1.0019,0.9974,0.5449,0
471,DELTA_LC4,40112,0,1,59,155.81,49.15,0.3155,5.2018,0.818,0.5486,0
472,DELTA_LC4,40113,0,1,47,147.8,47.74,0.323,24.2517,0.7074,0.5485,0
473,DELTA_LC4,40114,0,1,9,30.87,49.66,1.0,3.2067,0.9684,0.5449,0
474,DELTA_LC4,40115,0,1,10,22.84,45.03,1.0,1.1394,0.9381,0.5454,0
475,DELTA_LC4,40116,0,1,15,59.04,50.69,0.8586,1.0031,0.9567,0.5467,0
476,DELTA_LC4,40117,0,1,71,141.36,45.49,0.3218,3.5068,0.548,0.5486,0
477,DELTA_LC4,40118,0,1,65,183.97,46.91,0.255,14.2675,0.6316,0.5486,0
478,DELTA_LC4,40119,0,1,10,35.23,48.07,1.0,1.2677,0.9755,0.5454,0
479,DELTA_LC4,40120,0,1,10,28.1,45.77,1.0,1.0208,0.9965,0.5454,0
480,DELTA_LC4,40121,1,0,27,44.41,44.31,0.9976,1.0054,0.9948,0.5497,0
481,DELTA_LC4,40122,0,1,64,178.4,44.01,0.2467,57.8771,0.6213,0.5486,0
482,DELTA_LC4,40123,0,1,64,192.97,50.88,0.2636,24.6316,0.5284,0.5486,0
483,DELTA_LC4,40124,0,1,10,44.34,49.94,1.0,1.6611,0.9386,0.5454,0
484,DELTA_LC4,40125,0,1,50,154.87,46.2,0.2983,4.6323,0.5724,0.5485,0
485,DELTA_LC4,40126,0,1,10,41.41,47.51,1.0,1.8386,0.9456,0.5454,0
486,DELTA_LC4,40127,0,1,10,32.55,45.41,1.0,1.1228,0.983,0.5454,0
487,DELTA_LC4,40128,0,1,10,38.91,49.06,1.0,1.4253,0.9726,0.5454,0
488,DELTA_LC4,40129,0,1,10,20.14,48.63,1.0,1.445,0.9817,0.5454,0
489,DELTA_LC4,40130,0,1,10,30.82,46.18,1.0,1.3287,0.994,0.5454,0
490,DELTA_LC4,40131,0,1,71,184.28,48.24,0.2618,12.2303,0.5954,0.5486,0
491,DELTA_LC4,40132,0,1,15,38.01,47.45,1.0,1.7218,0.9423,0.5467,0
492,DELTA_LC4,40133,0,1,50,120.56,47.24,0.3918,2.6667,0.6341,0.5485,0
493,DELTA_LC4,40134,0,1,8,32.8,43.85,1.0,1.2251,0.9643,0.5444,0
494,DELTA_LC4,40135,1,0,28,46.28,48.03,1.0,1.0104,0.9899,0.5497,0
495,DELTA_LC4,40136,0,1,238,525.88,47.86,0.091,11.0776,0.0957,0.5473,0
496,DELTA_LC4,40137,0,1,15,46.78,47.44,1.0,11.8205,0.9923,0.5467,0
497,DELTA_LC4,40138,0,1,15,51.61,47.16,0.9139,2.5052,0.9849,0.5467,0
498,DELTA_LC4,40139,0,1,10,46.75,48.79,1.0,1.0954,0.9291,0.5454,0
499,DELTA_LC4,40140,0,1,10,54.9,43.73,0.7966,1.0249,0.9923,0.5454,0
500,DELTA_LC4,40141,0,1,71,184.53,43.68,0.2367,8.2842,0.5878,0.5486,0
501,DELTA_OFF,50042,0,1,86,257.13,51.02,0.1984,20.8106,0.4945,0.5485,30
502,DELTA_OFF,50043,1,0,157,374.83,45.85,0.1223,8.5579,0.1298,0.5483,60
503,DELTA_OFF,50044,0,1,307,783.13,46.68,0.0596,33.3093,0.0159,0.5465,90
504,DELTA_OFF,50045,0,1,174,447.2,44.2,0.0988,37.6052,0.2023,0.5478,60
505,DELTA_OFF,50046,0,1,44,173.08,46.37,0.2679,7.1454,0.0797,0.5484,30
506,DELTA_OFF,50047,0,1,278,705.45,46.73,0.0662,37.8835,-0.0153,0.5468,90
507,DELTA_OFF,50048,0,1,142,379.61,44.56,0.1174,13.107,0.2765,0.5481,60
508,DELTA_OFF,50049,1,0,210,485.77,44.65,0.0919,11.7208,0.111,0.5477,60
509,DELTA_OFF,50050,0,1,148,387.49,43.92,0.1133,17.9056,0.2746,0.5481,60
510,DELTA_OFF,50051,0,1,46,176.32,47.24,0.2679,6.3072,0.1706,0.5484,30
511,DELTA_OFF,50052,0,1,48,163.41,48.78,0.2985,13.8737,0.0534,0.5485,30
512,DELTA_OFF,50053,1,0,169,384.84,48.99,0.1273,8.4058,0.1811,0.5482,45
513,DELTA_OFF,50054,0,1,45,171.73,50.95,0.2967,7.8325,0.1728,0.5484,30
514,DELTA_OFF,50055,0,1,88,243.48,49.43,0.203,6.8601,0.3646,0.5485,30
515,DELTA_OFF,50056,0,1,100,300.7,48.1,0.16,31.9982,0.4653,0.5484,40
516,DELTA_OFF,50057,1,0,94,285.14,46.37,0.1626,6.2524,0.122,0.5485,41
517,DELTA_OFF,50058,0,1,59,153.27,47.4,0.3093,8.4467,0.3134,0.5485,31
518,DELTA_OFF,50059,0,1,133,407.88,46.89,0.115,61.9904,0.3141,0.5482,60
519,DELTA_OFF,50060,0,0,400,884.91,45.44,0.0513,34.5096,-0.0409,0.5457,60
520,DELTA_OFF,50061,0,1,50,150.54,47.73,0.3171,12.7753,0.0929,0.5485,30
521,DELTA_OFF,50062,0,1,363,945.3,50.1,0.053,26.5037,-0.0134,0.546,120
522,DELTA_OFF,50063,0,1,122,349.38,50.25,0.1438,9.6692,0.1341,0.5483,60
523,DELTA_OFF,50064,0,1,150,397.04,45.16,0.1137,81.8521,0.0002,0.5481,60
524,DELTA_OFF,50065,0,1,47,150.73,48.8,0.3238,5.0997,0.2017,0.5485,30
525,DELTA_OFF,50066,0,1,52,171.78,47.19,0.2747,41.3868,0.397,0.5485,30
526,DELTA_OFF,50067,0,1,45,181.38,49.87,0.275,6.179,0.1189,0.5484,30
527,DELTA_OFF,50068,0,1,118,323.99,50.0,0.1543,8.5265,0.1589,0.5483,60
528,DELTA_OFF,50069,0,1,82,194.55,51.63,0.2654,9.4062,0.0261,0.5485,30
529,DELTA_OFF,50070,0,1,47,180.22,49.46,0.2744,5.6037,0.0215,0.5485,30
530,DELTA_OFF,50071,0,1,83,254.77,44.05,0.1729,8.64,0.3586,0.5485,30
531,DELTA_OFF,50072,0,1,139,379.24,45.63,0.1203,22.4214,0.1335,0.5482,60
532,DELTA_OFF,50073,0,1,50,179.76,46.95,0.2612,3.8543,0.3739,0.5485,30
533,DELTA_OFF,50074,0,1,138,374.42,48.43,0.1293,19.3969,0.0737,0.5482,60
534,DELTA_OFF,50075,0,1,153,428.03,48.12,0.1124,15.7822,0.1144,0.548,60
535,DELTA_OFF,50076,0,1,55,191.27,45.97,0.2403,5.6726,-0.07,0.5485,30
536,DELTA_OFF,50077,0,0,400,942.03,47.14,0.05,24.1725,-0.0442,0.5457,150
537,DELTA_OFF,50078,0,1,51,190.43,47.16,0.2477,7.9444,0.2864,0.5485,30
538,DELTA_OFF,50079,0,1,75,240.49,47.63,0.1981,6.1992,-0.1061,0.5485,30
539,DELTA_OFF,50080,0,0,400,645.42,44.31,0.0687,13.7099,-0.0447,0.5458,60
540,DELTA_OFF,50081,0,1,310,789.94,48.45,0.0613,26.6291,0.1012,0.5465,120
541,DELTA_OFF,50082,0,1,70,224.52,49.02,0.2183,4.5859,0.4678,0.5486,30
542,DELTA_OFF,50083,0,1,220,567.03,48.52,0.0856,9.9366,0.159,0.5474,90
543,DELTA_OFF,50084,0,1,80,272.53,44.7,0.164,13.9189,0.4123,0.5485,30
544,DELTA_OFF,50085,0,1,78,241.56,48.28,0.1999,8.657,0.1259,0.5485,30
545,DELTA_OFF,50086,0,1,164,415.28,45.27,0.109,10.6328,0.1061,0.5479,60
546,DELTA_OFF,50087,0,1,252,631.87,46.49,0.0736,42.946,-0.0251,0.5471,90
547,DELTA_OFF,50088,0,1,52,190.92,44.48,0.233,3.9864,0.2759,0.5485,30
548,DELTA_OFF,50089,0,0,400,919.58,48.09,0.0523,22.3442,0.0255,0.5457,120
549,DELTA_OFF,50090,0,1,62,178.7,48.86,0.2734,6.4172,0.1498,0.5485,30
550,DELTA_OFF,50091,0,1,253,604.25,45.77,0.0757,29.9561,0.1632,0.5471,91
551,DELTA_OFF,50092,0,1,249,625.77,45.14,0.0721,15.346,0.0267,0.5471,91
552,DELTA_OFF,50093,0,1,44,180.89,43.0,0.2377,4.4497,0.0958,0.5484,30
553,DELTA_OFF,50094,0,1,47,163.8,46.72,0.2852,11.0691,-0.0397,0.5485,30
554,DELTA_OFF,50095,0,1,141,360.22,44.97,0.1249,8.6815,0.3048,0.5481,60
555,DELTA_OFF,50096,0,1,134,364.26,50.86,0.1396,9.4956,0.3104,0.5482,60
556,DELTA_OFF,50097,0,1,140,404.5,48.27,0.1193,16.8836,0.0817,0.5481,60
557,DELTA_OFF,50098,0,1,80,246.23,48.47,0.1968,7.1994,0.1179,0.5485,30
558,DELTA_OFF,50099,0,0,400,904.55,49.25,0.0544,11.6835,0.1123,0.5457,60
559,DELTA_OFF,50100,0,0,400,430.52,45.48,0.1056,10.555,-0.1051,0.5458,60
560,DELTA_OFF,50101,0,1,46,158.04,46.32,0.2931,11.9033,0.3782,0.5485,30
561,DELTA_OFF,50102,0,1,55,191.8,47.72,0.2488,5.4967,0.458,0.5485,30
562,DELTA_OFF,50103,0,1,109,324.08,42.93,0.1325,10.5792,0.0243,0.5484,51
563,DELTA_OFF,50104,0,1,45,171.14,46.78,0.2733,5.3614,0.0875,0.5484,30
564,DELTA_OFF,50105,0,1,81,259.06,45.28,0.1748,22.1428,0.4866,0.5485,30
565,DELTA_OFF,50106,0,1,86,280.76,50.97,0.1815,9.7483,0.4303,0.5485,30
566,DELTA_OFF,50107,0,1,142,377.89,45.28,0.1198,9.4472,0.3215,0.5481,60
567,DELTA_OFF,50108,0,1,82,244.14,47.48,0.1945,7.7783,0.0664,0.5485,30
568,DELTA_OFF,50109,0,1,126,337.05,45.27,0.1343,7.1026,0.0927,0.5483,60
569,DELTA_OFF,50110,0,1,142,365.8,43.8,0.1197,6.9663,0.3287,0.5481,60
570,DELTA_OFF,50111,1,0,146,354.95,45.29,0.1276,7.5765,0.2012,0.5484,60
571,DELTA_OFF,50112,0,1,53,181.1,46.11,0.2546,5.1671,0.3307,0.5485,30
572,DELTA_OFF,50113,0,1,45,176.0,48.79,0.2772,4.6021,0.1442,0.5484,30
573,DELTA_OFF,50114,0,1,86,258.47,50.18,0.1942,5.6074,0.0544,0.5485,30
574,DELTA_OFF,50115,0,1,131,359.29,50.3,0.14,14.4073,0.0867,0.5482,60
575,DELTA_OFF,50116,0,1,37,173.31,48.93,0.2823,4.3687,-0.0671,0.5483,30
576,DELTA_OFF,50117,0,1,50,146.21,50.14,0.3429,7.0008,0.2615,0.5485,31
577,DELTA_OFF,50118,0,1,87,268.5,47.23,0.1759,18.3974,0.4394,0.5485,30
578,DELTA_OFF,50119,0,1,333,805.62,49.3,0.0612,82.581,0.0523,0.5463,120
579,DELTA_OFF,50120,0,1,256,595.35,47.78,0.0803,36.0269,-0.0665,0.5471,90
580,DELTA_OFF,50121,0,1,49,166.34,48.26,0.2901,3.5536,0.0022,0.5485,30
581,DELTA_OFF,50122,0,0,400,918.74,45.46,0.0495,20.8196,0.0466,0.5457,60
582,DELTA_OFF,50123,0,1,85,269.13,49.97,0.1857,8.3904,0.0158,0.5485,30
583,DELTA_OFF,50124,0,1,125,327.28,45.39,0.1387,8.0526,0.0909,0.5483,61
584,DELTA_OFF,50125,0,1,343,851.48,50.63,0.0595,23.5794,0.14,0.5462,120
585,DELTA_OFF,50126,0,1,115,366.69,46.66,0.1272,34.8662,0.2399,0.5483,60
586,DELTA_OFF,50127,0,1,103,314.5,47.06,0.1497,15.8679,0.5164,0.5484,44
587,DELTA_OFF,50128,0,1,242,639.52,48.85,0.0764,14.1283,0.0149,0.5472,86
588,DELTA_OFF,50129,0,1,42,160.0,47.69,0.2981,4.1255,0.1209,0.5484,30
589,DELTA_OFF,50130,0,1,137,365.96,48.53,0.1326,9.5361,0.0486,0.5482,60
590,DELTA_OFF,50131,0,1,48,174.1,43.94,0.2524,7.1171,0.2983,0.5485,30
591,DELTA_OFF,50132,0,1,130,362.07,50.43,0.1393,8.7641,0.2803,0.5482,60
592,DELTA_OFF,50133,0,1,60,171.08,45.59,0.2665,4.9666,0.1251,0.5485,30
593,DELTA_OFF,50134,1,0,219,511.49,44.78,0.0875,11.1022,0.0335,0.5476,60
594,DELTA_OFF,50135,0,1,52,195.31,47.7,0.2442,4.9871,0.0927,0.5485,30
595,DELTA_OFF,50136,0,1,68,210.44,49.92,0.2372,15.1282,0.0411,0.5486,30
596,DELTA_OFF,50137,0,1,84,236.38,49.49,0.2094,7.8032,0.4316,0.5485,30
597,DELTA_OFF,50138,0,0,400,794.22,48.66,0.0613,40.3094,-0.0311,0.5457,90
598,DELTA_OFF,50139,0,1,129,344.78,45.25,0.1312,19.1767,0.0347,0.5482,60
599,DELTA_OFF,50140,1,0,109,243.07,48.28,0.1986,5.1348,0.3608,0.5488,30
600,DELTA_OFF,50141,0,1,60,163.19,47.16,0.289,4.3058,0.3359,0.5486,30
