step,sim_time,pos_x,pos_y,heading,speed,reward,punishment,is_lights_on,beam_crossed,is_sleeping,time_step,fly_x,fly_y,fly_heading,fly_speed,state,satiety,food_collected,hazard_encounters,predator_kills,escapes,paradigm
1,0.02,15.002,5.0,0.0,0.1,0.0,0.0,1.0,0.0,0.0,1,15.002,5.0,0.0,0.1,WANDER,0.55,0,0,0,0,circadian_dam
2,0.04,15.004000000000001,5.0,2.60405371853463e-25,0.1,0.0,0.0,1.0,0.0,0.0,2,15.004000000000001,5.0,2.60405371853463e-25,0.1,WANDER,0.55,0,0,0,0,circadian_dam
3,0.06,15.006000000000002,5.0,7.688743042648405e-25,0.1,0.0,0.0,1.0,0.0,0.0,3,15.006000000000002,5.0,7.688743042648405e-25,0.1,WANDER,0.55,0,0,0,0,circadian_dam
4,0.08,15.008000000000003,5.0,1.5136512219751228e-24,0.1,0.0,0.0,1.0,0.0,0.0,4,15.008000000000003,5.0,1.5136512219751228e-24,0.1,WANDER,0.55,0,0,0,0,circadian_dam
5,0.1,15.010000000000003,5.0,2.483538939550103e-24,0.1,0.0,0.0,1.0,0.0,0.0,5,15.010000000000003,5.0,2.483538939550103e-24,0.1,WANDER,0.55,0,0,0,0,circadian_dam
6,0.12,15.012000000000004,5.0,3.6678721378636984e-24,0.1,0.0,0.0,1.0,0.0,1.0,6,15.012000000000004,5.0,3.6678721378636984e-24,0.1,WANDER,0.55,0,0,0,0,circadian_dam
7,0.14,15.014000000000005,5.0,5.056492100448316e-24,0.1,0.0,0.0,1.0,0.0,1.0,7,15.014000000000005,5.0,5.056492100448316e-24,0.1,WANDER,0.55,0,0,0,0,circadian_dam
8,0.16,15.016000000000005,5.0,6.639722649868574e-24,0.1,0.0,0.0,1.0,0.0,1.0,8,15.016000000000005,5.0,6.639722649868574e-24,0.1,WANDER,0.55,0,0,0,0,circadian_dam
9,0.18,15.018000000000006,5.0,8.40834722711727e-24,0.1,0.0,0.0,1.0,0.0,1.0,9,15.018000000000006,5.0,8.40834722711727e-24,0.1,WANDER,0.55,0,0,0,0,circadian_dam
10,0.2,15.020000000000007,5.0,1.0353587059740044e-23,0.1,0.0,0.0,1.0,0.0,1.0,10,15.020000000000007,5.0,1.0353587059740044e-23,0.1,WANDER,0.55,0,0,0,0,circadian_dam
11,0.22,15.022000000000007,5.0,1.2467080366974118e-23,0.1,0.0,0.0,1.0,0.0,1.0,11,15.022000000000007,5.0,1.2467080366974118e-23,0.1,WANDER,0.55,0,0,0,0,circadian_dam
12,0.24,15.024000000000008,5.0,1.4740862552642947e-23,0.1,0.0,0.0,1.0,0.0,1.0,12,15.024000000000008,5.0,1.4740862552642947e-23,0.1,WANDER,0.55,0,0,0,0,circadian_dam
13,0.26,15.026000000000009,5.0,1.7167347338888373e-23,0.1,0.0,0.0,1.0,0.0,1.0,13,15.026000000000009,5.0,1.7167347338888373e-23,0.1,WANDER,0.55,0,0,0,0,circadian_dam
14,0.28,15.02800000000001,5.0,1.9739308796050496e-23,0.1,0.0,0.0,1.0,0.0,1.0,14,15.02800000000001,5.0,1.9739308796050496e-23,0.1,WANDER,0.55,0,0,0,0,circadian_dam
15,0.3,15.03000000000001,5.0,2.2449864226128264e-23,0.1,0.0,0.0,1.0,0.0,1.0,15,15.03000000000001,5.0,2.2449864226128264e-23,0.1,WANDER,0.55,0,0,0,0,circadian_dam
16,0.32,15.03200000000001,5.0,2.5292457859275675e-23,0.1,0.0,0.0,1.0,0.0,1.0,16,15.03200000000001,5.0,2.5292457859275675e-23,0.1,WANDER,0.55,0,0,0,0,circadian_dam
17,0.34,15.034000000000011,5.0,2.826084532471441e-23,0.1,0.0,0.0,1.0,0.0,1.0,17,15.034000000000011,5.0,2.826084532471441e-23,0.1,WANDER,0.55,0,0,0,0,circadian_dam
18,0.36,15.036000000000012,5.0,3.134907885927813e-23,0.1,0.0,0.0,1.0,0.0,1.0,18,15.036000000000012,5.0,3.134907885927813e-23,0.1,WANDER,0.55,0,0,0,0,circadian_dam
19,0.38,15.038000000000013,5.0,3.455149321855088e-23,0.1,0.0,0.0,1.0,0.0,1.0,19,15.038000000000013,5.0,3.455149321855088e-23,0.1,WANDER,0.55,0,0,0,0,circadian_dam
20,0.4,15.040000000000013,5.0,3.786269225722648e-23,0.1,0.0,0.0,1.0,0.0,1.0,20,15.040000000000013,5.0,3.786269225722648e-23,0.1,WANDER,0.55,0,0,0,0,circadian_dam
21,0.42,15.042000000000014,5.0,4.1277536146900775e-23,0.1,0.0,0.0,1.0,0.0,1.0,21,15.042000000000014,5.0,4.1277536146900775e-23,0.1,WANDER,0.55,0,0,0,0,circadian_dam
22,0.44,15.044000000000015,5.0,4.479112920101883e-23,0.1,0.0,0.0,1.0,0.0,1.0,22,15.044000000000015,5.0,4.479112920101883e-23,0.1,WANDER,0.55,0,0,0,0,circadian_dam
23,0.46,15.046000000000015,5.0,4.839880827813705e-23,0.1,0.0,0.0,1.0,0.0,1.0,23,15.046000000000015,5.0,4.839880827813705e-23,0.1,WANDER,0.55,0,0,0,0,circadian_dam
24,0.48,15.048000000000016,5.0,5.2096131736030425e-23,0.1,0.0,0.0,1.0,0.0,1.0,24,15.048000000000016,5.0,5.2096131736030425e-23,0.1,WANDER,0.55,0,0,0,0,circadian_dam
25,0.5,15.050000000000017,5.0,5.587886891047962e-23,0.1,0.0,0.0,1.0,0.0,1.0,25,15.050000000000017,5.0,5.587886891047962e-23,0.1,WANDER,0.55,0,0,0,0,circadian_dam
26,0.52,15.052008417789807,5.0,5.974299009381573e-23,0.10042088948955014,0.0,0.0,1.0,0.0,1.0,26,15.052008417789807,5.0,5.974299009381573e-23,0.10042088948955014,WANDER,0.55,0,0,0,0,circadian_dam
27,0.54,15.054116915448658,5.0,6.342425161763064e-23,0.1054248829425565,0.0,0.0,1.0,0.0,1.0,27,15.054116915448658,5.0,6.342425161763064e-23,0.1054248829425565,WANDER,0.55,0,0,0,0,circadian_dam
28,0.56,15.056296984698951,5.0,6.693133931575162e-23,0.10900346251464704,0.0,0.0,1.0,0.0,1.0,28,15.056296984698951,5.0,6.693133931575162e-23,0.10900346251464704,WANDER,0.55,0,0,0,0,circadian_dam
29,0.58,15.058506453609919,5.0,7.027252644489914e-23,0.11047344554841908,0.0,0.0,1.0,0.0,1.0,29,15.058506453609919,5.0,7.027252644489914e-23,0.11047344554841908,WANDER,0.55,0,0,0,0,circadian_dam
30,0.6,15.060693599036716,5.0,7.319528791024595e-23,0.1093572713398104,0.0,0.0,1.0,0.0,1.0,30,15.060693599036716,5.0,7.319528791024595e-23,0.1093572713398104,WANDER,0.55,0,0,0,0,circadian_dam
31,0.62,15.062802102043825,5.0,7.597987685880858e-23,0.10542515035545391,0.0,0.0,1.0,0.0,1.0,31,15.062802102043825,5.0,7.597987685880858e-23,0.10542515035545391,WANDER,0.55,0,0,0,0,circadian_dam
32,0.64,15.064855042824927,5.0,7.889326185698774e-23,0.1026470390550514,0.0,0.0,1.0,0.0,1.0,32,15.064855042824927,5.0,7.889326185698774e-23,0.1026470390550514,WANDER,0.55,0,0,0,0,circadian_dam
33,0.66,15.066910490487484,5.0,8.166894716444066e-23,0.10277238312781133,0.0,0.0,1.0,0.0,1.0,33,15.066910490487484,5.0,8.166894716444066e-23,0.10277238312781133,WANDER,0.55,0,0,0,0,circadian_dam
34,0.68,15.069015380571653,5.0,8.431347351647684e-23,0.10524450420849163,0.0,0.0,1.0,0.0,1.0,34,15.069015380571653,5.0,8.431347351647684e-23,0.10524450420849163,WANDER,0.55,0,0,0,0,circadian_dam
35,0.7000000000000001,15.071201791413614,5.0,8.683307096347857e-23,0.10932054209806402,0.0,0.0,1.0,0.0,1.0,35,15.071201791413614,5.0,8.683307096347857e-23,0.10932054209806402,WANDER,0.55,0,0,0,0,circadian_dam
36,0.72,15.07348453250313,5.0,8.923367362843501e-23,0.114137054475821,0.0,0.0,1.0,0.0,1.0,36,15.07348453250313,5.0,8.923367362843501e-23,0.114137054475821,WANDER,0.55,0,0,0,0,circadian_dam
37,0.74,15.075860262379782,5.0,9.178133913534675e-23,0.1187864938326362,0.0,0.0,1.0,0.0,1.0,37,15.075860262379782,5.0,9.178133913534675e-23,0.1187864938326362,WANDER,0.55,0,0,0,0,circadian_dam
38,0.76,15.078308216224563,5.0,9.394829869938148e-23,0.12239769223908242,0.0,0.0,1.0,0.0,1.0,38,15.078308216224563,5.0,9.394829869938148e-23,0.12239769223908242,WANDER,0.55,0,0,0,0,circadian_dam
39,0.78,15.08079247872025,5.0,9.62734191526653e-23,0.12421312478428326,0.0,0.0,1.0,0.0,1.0,39,15.08079247872025,5.0,9.62734191526653e-23,0.12421312478428326,WANDER,0.55,0,0,0,0,circadian_dam
40,0.8,15.083265598957704,5.0,9.822840455311945e-23,0.12365601187268878,0.0,0.0,1.0,0.0,1.0,40,15.083265598957704,5.0,9.822840455311945e-23,0.12365601187268878,WANDER,0.55,0,0,0,0,circadian_dam
41,0.8200000000000001,15.085673223618997,5.0,9.983080887188584e-23,0.12038123306468687,0.0,0.0,1.0,0.0,1.0,41,15.085673223618997,5.0,9.983080887188584e-23,0.12038123306468687,WANDER,0.55,0,0,0,0,circadian_dam
42,0.84,15.087985677144935,5.0,1.0187856838203753e-22,0.11562267629693412,0.0,0.0,1.0,0.0,1.0,42,15.087985677144935,5.0,1.0187856838203753e-22,0.11562267629693412,WANDER,0.55,0,0,0,0,circadian_dam
43,0.86,15.090265026284719,5.0,1.0409017822786525e-22,0.1139674569891342,0.0,0.0,1.0,0.0,1.0,43,15.090265026284719,5.0,1.0409017822786525e-22,0.1139674569891342,WANDER,0.55,0,0,0,0,circadian_dam
44,0.88,15.092564173377324,5.0,1.0645788296229188e-22,0.11495735463031481,0.0,0.0,1.0,0.0,1.0,44,15.092564173377324,5.0,1.0645788296229188e-22,0.11495735463031481,WANDER,0.55,0,0,0,0,circadian_dam
45,0.9,15.094922652216697,5.0,1.08713890150123e-22,0.11792394196861614,0.0,0.0,1.0,0.0,1.0,45,15.094922652216697,5.0,1.08713890150123e-22,0.11792394196861614,WANDER,0.55,0,0,0,0,circadian_dam
46,0.92,15.097363599751178,5.0,1.1086350542482187e-22,0.12204737672401511,0.0,0.0,1.0,0.0,1.0,46,15.097363599751178,5.0,1.1086350542482187e-22,0.12204737672401511,WANDER,0.55,0,0,0,0,circadian_dam
47,0.9400000000000001,15.099892176645609,5.0,1.129117824022623e-22,0.12642884472154078,0.0,0.0,1.0,0.0,1.0,47,15.099892176645609,5.0,1.129117824022623e-22,0.12642884472154078,WANDER,0.55,0,0,0,0,circadian_dam
48,0.96,15.102495579585945,5.0,1.1486353465156407e-22,0.130170147016787,0.0,0.0,1.0,0.0,1.0,48,15.102495579585945,5.0,1.1486353465156407e-22,0.130170147016787,WANDER,0.55,0,0,0,0,circadian_dam
49,0.98,15.10514464523018,5.0,1.164629417254603e-22,0.13245328221173489,0.0,0.0,1.0,0.0,1.0,49,15.10514464523018,5.0,1.164629417254603e-22,0.13245328221173489,WANDER,0.55,0,0,0,0,circadian_dam
50,1.0,15.107796902744134,5.0,1.179871179477687e-22,0.13261287569771993,0.0,0.0,1.0,0.0,1.0,50,15.107796902744134,5.0,1.179871179477687e-22,0.13261287569771993,WANDER,0.55,0,0,0,0,circadian_dam
51,1.02,15.110400801743447,5.0,1.1943963678393971e-22,0.1301949499656576,0.0,0.0,1.0,0.0,1.0,51,15.110400801743447,5.0,1.1943963678393971e-22,0.1301949499656576,WANDER,0.55,0,0,0,0,circadian_dam
52,1.04,15.112900736877602,5.0,1.2108430733166832e-22,0.12499675670780629,0.0,0.0,1.0,0.0,1.0,52,15.112900736877602,5.0,1.2108430733166832e-22,0.12499675670780629,WANDER,0.55,0,0,0,0,circadian_dam
53,1.06,15.11533393114262,5.0,1.2291202982852303e-22,0.12165971325088959,0.0,0.0,1.0,0.0,1.0,53,15.11533393114262,5.0,1.2291202982852303e-22,0.12165971325088959,WANDER,0.55,0,0,0,0,circadian_dam
54,1.08,15.117758247058012,5.0,1.2465373137893438e-22,0.1212157957695753,0.0,0.0,1.0,0.0,1.0,54,15.117758247058012,5.0,1.2465373137893438e-22,0.1212157957695753,WANDER,0.55,0,0,0,0,circadian_dam
55,1.1,15.12021990869772,5.0,1.2631349797785843e-22,0.12308308198546487,0.0,0.0,1.0,0.0,1.0,55,15.12021990869772,5.0,1.2631349797785843e-22,0.12308308198546487,WANDER,0.55,0,0,0,0,circadian_dam
56,1.12,15.12274991066269,5.0,1.2763481616363736e-22,0.12650009824854488,0.0,0.0,1.0,0.0,1.0,56,15.12274991066269,5.0,1.2763481616363736e-22,0.12650009824854488,WANDER,0.55,0,0,0,0,circadian_dam
57,1.1400000000000001,15.125361769382522,5.0,1.2889414016388156e-22,0.1305929359915646,0.0,0.0,1.0,0.0,1.0,57,15.125361769382522,5.0,1.2889414016388156e-22,0.1305929359915646,WANDER,0.55,0,0,0,0,circadian_dam
58,1.16,15.12805081979844,5.0,1.2983400933055044e-22,0.13445252079593317,0.0,0.0,1.0,0.0,1.0,58,15.12805081979844,5.0,1.2983400933055044e-22,0.13445252079593317,WANDER,0.55,0,0,0,0,circadian_dam
59,1.18,15.130795121663263,5.0,1.3099038106807827e-22,0.13721509324116593,0.0,0.0,1.0,0.0,1.0,59,15.130795121663263,5.0,1.3099038106807827e-22,0.13721509324116593,WANDER,0.55,0,0,0,0,circadian_dam
60,1.2,15.133557895111796,5.0,1.3209259357636328e-22,0.1381386724265947,0.0,0.0,1.0,0.0,1.0,60,15.133557895111796,5.0,1.3209259357636328e-22,0.1381386724265947,WANDER,0.55,0,0,0,0,circadian_dam
61,1.22,15.136291267789685,5.0,1.3262240867508757e-22,0.136668633894506,0.0,0.0,1.0,0.0,1.0,61,15.136291267789685,5.0,1.3262240867508757e-22,0.136668633894506,WANDER,0.55,0,0,0,0,circadian_dam
62,1.24,15.138940998014627,5.0,1.333881764690307e-22,0.13248651124710067,0.0,0.0,1.0,0.0,1.0,62,15.138940998014627,5.0,1.333881764690307e-22,0.13248651124710067,WANDER,0.55,0,0,0,0,circadian_dam
63,1.26,15.14149122999913,5.0,1.3411831127718377e-22,0.1275115992251165,0.0,0.0,1.0,0.0,1.0,63,15.14149122999913,5.0,1.3411831127718377e-22,0.1275115992251165,WANDER,0.55,0,0,0,0,circadian_dam
64,1.28,15.14400376760701,5.0,1.3455410029451838e-22,0.12562688039405667,0.0,0.0,1.0,0.0,1.0,64,15.14400376760701,5.0,1.3455410029451838e-22,0.12562688039405667,WANDER,0.55,0,0,0,0,circadian_dam
65,1.3,15.146530713478365,5.0,1.3496990287408436e-22,0.1263472935676991,0.0,0.0,1.0,0.0,1.0,65,15.146530713478365,5.0,1.3496990287408436e-22,0.1263472935676991,WANDER,0.55,0,0,0,0,circadian_dam
66,1.32,15.149110379406162,5.0,1.3536666837167572e-22,0.12898329638984127,0.0,0.0,1.0,0.0,1.0,66,15.149110379406162,5.0,1.3536666837167572e-22,0.12898329638984127,WANDER,0.55,0,0,0,0,circadian_dam
67,1.34,15.15176440854553,5.0,1.3574530104868624e-22,0.13270145696837662,0.0,0.0,1.0,0.0,1.0,67,15.15176440854553,5.0,1.3574530104868624e-22,0.13270145696837662,WANDER,0.55,0,0,0,0,circadian_dam
68,1.36,15.15449636905576,5.0,1.3610666221409354e-22,0.13659802551150688,0.0,0.0,1.0,0.0,1.0,68,15.15449636905576,5.0,1.3610666221409354e-22,0.13659802551150688,WANDER,0.55,0,0,0,0,circadian_dam
69,1.3800000000000001,15.157291946595977,5.0,1.3645157226469877e-22,0.13977887701082578,0.0,0.0,1.0,0.0,1.0,69,15.157291946595977,5.0,1.3645157226469877e-22,0.13977887701082578,WANDER,0.55,0,0,0,0,circadian_dam
70,1.4000000000000001,15.16012071947711,5.0,1.36780812628455e-22,0.1414386440566314,0.0,0.0,1.0,0.0,1.0,70,15.16012071947711,5.0,1.36780812628455e-22,0.1414386440566314,WANDER,0.55,0,0,0,0,circadian_dam
71,1.42,15.162939358111254,5.0,1.370951276154876e-22,0.140931931707182,0.0,0.0,1.0,0.0,1.0,71,15.162939358111254,5.0,1.370951276154876e-22,0.140931931707182,WANDER,0.55,0,0,0,0,circadian_dam
72,1.44,15.165695962459768,5.0,1.3817644229675128e-22,0.1378302174257002,0.0,0.0,1.0,0.0,1.0,72,15.165695962459768,5.0,1.3817644229675128e-22,0.1378302174257002,WANDER,0.55,0,0,0,0,circadian_dam
73,1.46,15.168335148951675,5.0,1.3920719040281219e-22,0.13195932459536633,0.0,0.0,1.0,0.0,1.0,73,15.168335148951675,5.0,1.3920719040281219e-22,0.13195932459536633,WANDER,0.55,0,0,0,0,circadian_dam
74,1.48,15.170907713099337,5.0,1.4018977384599245e-22,0.12862820738312764,0.0,0.0,1.0,0.0,1.0,74,15.170907713099337,5.0,1.4018977384599245e-22,0.12862820738312764,WANDER,0.55,0,0,0,0,circadian_dam
75,1.5,15.173470741355613,5.0,1.4086607507592543e-22,0.12815141281375725,0.0,0.0,1.0,0.0,1.0,75,15.173470741355613,5.0,1.4086607507592543e-22,0.12815141281375725,WANDER,0.55,0,0,0,0,circadian_dam
76,1.52,15.176069212539499,5.0,1.4151102042572633e-22,0.12992355919428242,0.0,0.0,1.0,0.0,1.0,76,15.176069212539499,5.0,1.4151102042572633e-22,0.12992355919428242,WANDER,0.55,0,0,0,0,circadian_dam
77,1.54,15.178732542395212,5.0,1.4186569392784799e-22,0.13316649278564827,0.0,0.0,1.0,0.0,1.0,77,15.178732542395212,5.0,1.4186569392784799e-22,0.13316649278564827,WANDER,0.55,0,0,0,0,circadian_dam
78,1.56,15.181472499366036,5.0,1.422042614230411e-22,0.13699784854121136,0.0,0.0,1.0,0.0,1.0,78,15.181472499366036,5.0,1.422042614230411e-22,0.13699784854121136,WANDER,0.55,0,0,0,0,circadian_dam
79,1.58,15.184282679914734,5.0,1.4304829869034175e-22,0.1405090274348558,0.0,0.0,1.0,0.0,1.0,79,15.184282679914734,5.0,1.4304829869034175e-22,0.1405090274348558,WANDER,0.55,0,0,0,0,circadian_dam
80,1.6,15.187139591631633,5.0,1.4385304005960284e-22,0.14284558584494525,0.0,0.0,1.0,0.0,1.0,80,15.187139591631633,5.0,1.4385304005960284e-22,0.14284558584494525,WANDER,0.55,0,0,0,0,circadian_dam
81,1.62,15.19000524795148,5.0,1.451411628296882e-22,0.14328281599242446,0.0,0.0,1.0,0.0,1.0,81,15.19000524795148,5.0,1.451411628296882e-22,0.14328281599242446,WANDER,0.55,0,0,0,0,circadian_dam
82,1.6400000000000001,15.192831042518657,5.0,1.4636895052808672e-22,0.14128972835883588,0.0,0.0,1.0,0.0,1.0,82,15.192831042518657,5.0,1.4636895052808672e-22,0.14128972835883588,WANDER,0.55,0,0,0,0,circadian_dam
83,1.6600000000000001,15.19556255628963,5.0,1.4753926907070354e-22,0.1365756885486835,0.0,0.0,1.0,0.0,1.0,83,15.19556255628963,5.0,1.4753926907070354e-22,0.1365756885486835,WANDER,0.55,0,0,0,0,circadian_dam
84,1.68,15.198197437218449,5.0,1.4865484824243828e-22,0.13174404644094934,0.0,0.0,1.0,0.0,1.0,84,15.198197437218449,5.0,1.4865484824243828e-22,0.13174404644094934,WANDER,0.55,0,0,0,0,circadian_dam
85,1.7,15.200796838766541,5.0,1.499786935352613e-22,0.12997007740458857,0.0,0.0,1.0,0.0,1.0,85,15.200796838766541,5.0,1.499786935352613e-22,0.12997007740458857,WANDER,0.55,0,0,0,0,circadian_dam
86,1.72,15.203411701504423,5.0,1.5124053438043496e-22,0.1307431368941273,0.0,0.0,1.0,0.0,1.0,86,15.203411701504423,5.0,1.5124053438043496e-22,0.1307431368941273,WANDER,0.55,0,0,0,0,circadian_dam
87,1.74,15.206078781909726,5.0,1.5244331598922257e-22,0.1333540202651258,0.0,0.0,1.0,0.0,1.0,87,15.206078781909726,5.0,1.5244331598922257e-22,0.1333540202651258,WANDER,0.55,0,0,0,0,circadian_dam
88,1.76,15.20881792767553,5.0,1.5385024904720594e-22,0.1369572882902058,0.0,0.0,1.0,0.0,1.0,88,15.20881792767553,5.0,1.5385024904720594e-22,0.1369572882902058,WANDER,0.55,0,0,0,0,circadian_dam
89,1.78,15.21163084541024,5.0,1.5467044768885538e-22,0.14064588673545023,0.0,0.0,1.0,0.0,1.0,89,15.21163084541024,5.0,1.5467044768885538e-22,0.14064588673545023,WANDER,0.55,0,0,0,0,circadian_dam
90,1.8,15.214501472547825,5.0,1.5597334839862563e-22,0.14353135687931523,0.0,0.0,1.0,0.0,1.0,90,15.214501472547825,5.0,1.5597334839862563e-22,0.14353135687931523,WANDER,0.55,0,0,0,0,circadian_dam
91,1.82,15.21739792118679,5.0,1.5773607771601591e-22,0.14482243194818886,0.0,0.0,1.0,0.0,1.0,91,15.21739792118679,5.0,1.5773607771601591e-22,0.14482243194818886,WANDER,0.55,0,0,0,0,circadian_dam
92,1.84,15.220275820376697,5.0,1.588952271824854e-22,0.14389495949536793,0.0,0.0,1.0,0.0,1.0,92,15.220275820376697,5.0,1.588952271824854e-22,0.14389495949536793,WANDER,0.55,0,0,0,0,circadian_dam
93,1.86,15.223082757751476,5.0,1.6000022269692483e-22,0.14034686873893562,0.0,0.0,1.0,0.0,1.0,93,15.223082757751476,5.0,1.6000022269692483e-22,0.14034686873893562,WANDER,0.55,0,0,0,0,circadian_dam
94,1.8800000000000001,15.225763422648491,5.0,1.6105363657205557e-22,0.13403324485074064,0.0,0.0,1.0,0.0,1.0,94,15.225763422648491,5.0,1.6105363657205557e-22,0.13403324485074064,WANDER,0.55,0,0,0,0,circadian_dam
95,1.9000000000000001,15.228381925430535,5.0,1.620579189357448e-22,0.13092513910218537,0.0,0.0,1.0,0.0,1.0,95,15.228381925430535,5.0,1.620579189357448e-22,0.13092513910218537,WANDER,0.55,0,0,0,0,circadian_dam
96,1.92,15.23099432085947,5.0,1.6301540353478602e-22,0.13061977144671214,0.0,0.0,1.0,0.0,1.0,96,15.23099432085947,5.0,1.6301540353478602e-22,0.13061977144671214,WANDER,0.55,0,0,0,0,circadian_dam
97,1.94,15.233644109003047,5.0,1.6392831326299996e-22,0.1324894071788307,0.0,0.0,1.0,0.0,1.0,97,15.233644109003047,5.0,1.6392831326299996e-22,0.1324894071788307,WANDER,0.55,0,0,0,0,circadian_dam
98,1.96,15.236358918840542,5.0,1.6505917079860442e-22,0.13574049187478696,0.0,0.0,1.0,0.0,1.0,98,15.236358918840542,5.0,1.6505917079860442e-22,0.13574049187478696,WANDER,0.55,0,0,0,0,circadian_dam
99,1.98,15.239148590458987,5.0,1.658768403209089e-22,0.1394835809222088,0.0,0.0,1.0,0.0,1.0,99,15.239148590458987,5.0,1.658768403209089e-22,0.1394835809222088,WANDER,0.55,0,0,0,0,circadian_dam
100,2.0,15.242004829240772,5.0,1.6665657618853111e-22,0.14281193908922218,0.0,0.0,1.0,0.0,1.0,100,15.242004829240772,5.0,1.6665657618853111e-22,0.14281193908922218,WANDER,0.55,0,0,0,0,circadian_dam
101,2.02,15.24490246423472,5.0,1.6740018025006848e-22,0.1448817496973644,0.0,0.0,1.0,0.0,1.0,101,15.24490246423472,5.0,1.6740018025006848e-22,0.1448817496973644,WANDER,0.55,0,0,0,0,circadian_dam
102,2.04,15.247802198805744,5.0,1.6784896339445657e-22,0.14498672855117603,0.0,0.0,1.0,0.0,1.0,102,15.247802198805744,5.0,1.6784896339445657e-22,0.14498672855117603,WANDER,0.55,0,0,0,0,circadian_dam
103,2.06,15.250654607611956,5.0,1.6775649679953902e-22,0.14262044031061966,0.0,0.0,1.0,0.0,1.0,103,15.250654607611956,5.0,1.6775649679953902e-22,0.14262044031061966,WANDER,0.55,0,0,0,0,circadian_dam
104,2.08,15.253405021998883,5.0,1.6792965105575824e-22,0.13752071934636106,0.0,0.0,1.0,0.0,1.0,104,15.253405021998883,5.0,1.6792965105575824e-22,0.13752071934636106,WANDER,0.55,0,0,0,0,circadian_dam
105,2.1,15.256064469395342,5.0,1.6783502587284582e-22,0.13297236982292313,0.0,0.0,1.0,0.0,1.0,105,15.256064469395342,5.0,1.6783502587284582e-22,0.13297236982292313,WANDER,0.55,0,0,0,0,circadian_dam
106,2.12,15.258693263566446,5.0,1.6748531333029299e-22,0.13143970855518755,0.0,0.0,1.0,0.0,1.0,106,15.258693263566446,5.0,1.6748531333029299e-22,0.13143970855518755,WANDER,0.55,0,0,0,0,circadian_dam
107,2.14,15.261341010548028,5.0,1.6715300800566865e-22,0.1323873490791308,0.0,0.0,1.0,0.0,1.0,107,15.261341010548028,5.0,1.6715300800566865e-22,0.1323873490791308,WANDER,0.55,0,0,0,0,circadian_dam
108,2.16,15.264042760044115,5.0,1.6683728305612122e-22,0.1350874748043018,0.0,0.0,1.0,0.0,1.0,108,15.264042760044115,5.0,1.6683728305612122e-22,0.1350874748043018,WANDER,0.55,0,0,0,0,circadian_dam
109,2.18,15.266816436634938,5.0,1.66797756285688e-22,0.13868382954122227,0.0,0.0,1.0,0.0,1.0,109,15.266816436634938,5.0,1.66797756285688e-22,0.13868382954122227,WANDER,0.55,0,0,0,0,circadian_dam
110,2.2,15.269661782683508,5.0,1.6676093035287509e-22,0.14226730242853255,0.0,0.0,1.0,0.0,1.0,110,15.269661782683508,5.0,1.6676093035287509e-22,0.14226730242853255,WANDER,0.55,0,0,0,0,circadian_dam
111,2.22,15.272560909032448,5.0,1.6594546085233512e-22,0.14495631744696566,0.0,0.0,1.0,0.0,1.0,111,15.272560909032448,5.0,1.6594546085233512e-22,0.14495631744696566,WANDER,0.55,0,0,0,0,circadian_dam
112,2.24,15.275480405160641,5.0,1.6464865639378614e-22,0.1459748064096103,0.0,0.0,1.0,0.0,1.0,112,15.275480405160641,5.0,1.6464865639378614e-22,0.1459748064096103,WANDER,0.55,0,0,0,0,circadian_dam
113,2.2600000000000002,15.278374820389146,5.0,1.634141362437055e-22,0.1447207614252211,0.0,0.0,1.0,0.0,1.0,113,15.278374820389146,5.0,1.634141362437055e-22,0.1447207614252211,WANDER,0.55,0,0,0,0,circadian_dam
114,2.2800000000000002,15.281191204566126,5.0,1.6223894189744097e-22,0.14081920884892923,0.0,0.0,1.0,0.0,1.0,114,15.281191204566126,5.0,1.6223894189744097e-22,0.14081920884892923,WANDER,0.55,0,0,0,0,circadian_dam
115,2.3000000000000003,15.28388740143024,5.0,1.6112025537931129e-22,0.13480984320570147,0.0,0.0,1.0,0.0,1.0,115,15.28388740143024,5.0,1.6112025537931129e-22,0.13480984320570147,WANDER,0.55,0,0,0,0,circadian_dam
116,2.32,15.286526998872676,5.0,1.603157979393335e-22,0.13197987212178772,0.0,0.0,1.0,0.0,1.0,116,15.286526998872676,5.0,1.603157979393335e-22,0.13197987212178772,WANDER,0.55,0,0,0,0,circadian_dam
117,2.34,15.289164911031381,5.0,1.5955026576830944e-22,0.13189560793526373,0.0,0.0,1.0,0.0,1.0,117,15.289164911031381,5.0,1.5955026576830944e-22,0.13189560793526373,WANDER,0.55,0,0,0,0,circadian_dam
118,2.36,15.291843066366551,5.0,1.5830099917225685e-22,0.1339077667585246,0.0,0.0,1.0,0.0,1.0,118,15.291843066366551,5.0,1.5830099917225685e-22,0.1339077667585246,WANDER,0.55,0,0,0,0,circadian_dam
119,2.38,15.29458723391271,5.0,1.5685132602048309e-22,0.13720837730795038,0.0,0.0,1.0,0.0,1.0,119,15.29458723391271,5.0,1.5685132602048309e-22,0.13720837730795038,WANDER,0.55,0,0,0,0,circadian_dam
120,2.4,15.297405273943589,5.0,1.5547114355237087e-22,0.14090200154395474,0.0,0.0,1.0,0.0,1.0,120,15.297405273943589,5.0,1.5547114355237087e-22,0.14090200154395474,WANDER,0.55,0,0,0,0,circadian_dam
121,2.42,15.300286971326258,5.0,1.5415715096044627e-22,0.1440848691334977,0.0,0.0,1.0,0.0,1.0,121,15.300286971326258,5.0,1.5415715096044627e-22,0.1440848691334977,WANDER,0.55,0,0,0,0,circadian_dam
122,2.44,15.303205467671505,5.0,1.529062042255904e-22,0.1459248172623602,0.0,0.0,1.0,0.0,1.0,122,15.303205467671505,5.0,1.529062042255904e-22,0.1459248172623602,WANDER,0.55,0,0,0,0,circadian_dam
123,2.46,15.306120164774113,5.0,1.5171530866959245e-22,0.1457348551303206,0.0,0.0,1.0,0.0,1.0,123,15.306120164774113,5.0,1.5171530866959245e-22,0.1457348551303206,WANDER,0.55,0,0,0,0,circadian_dam
124,2.48,15.308980839674946,5.0,1.513628279770171e-22,0.143033745041679,0.0,0.0,1.0,0.0,1.0,124,15.308980839674946,5.0,1.513628279770171e-22,0.143033745041679,WANDER,0.55,0,0,0,0,circadian_dam
125,2.5,15.311732602833798,5.0,1.5050699291418692e-22,0.13758815794255863,0.0,0.0,1.0,0.0,1.0,125,15.311732602833798,5.0,1.5050699291418692e-22,0.13758815794255863,WANDER,0.55,0,0,0,0,circadian_dam
126,2.52,15.314399818149978,5.0,1.4969246866966096e-22,0.13336076580900372,0.0,0.0,1.0,0.0,1.0,126,15.314399818149978,5.0,1.4969246866966096e-22,0.13336076580900372,WANDER,0.55,0,0,0,0,circadian_dam
127,2.54,15.317041863171761,5.0,1.4891729297956978e-22,0.13210225108916582,0.0,0.0,1.0,0.0,1.0,127,15.317041863171761,5.0,1.4891729297956978e-22,0.13210225108916582,WANDER,0.55,0,0,0,0,circadian_dam
128,2.56,15.319706926127058,5.0,1.481795967875777e-22,0.13325314776483807,0.0,0.0,1.0,0.0,1.0,128,15.319706926127058,5.0,1.481795967875777e-22,0.13325314776483807,WANDER,0.55,0,0,0,0,circadian_dam
129,2.58,15.32242828414778,5.0,1.4747759981752504e-22,0.13606790103604496,0.0,0.0,1.0,0.0,1.0,129,15.32242828414778,5.0,1.4747759981752504e-22,0.13606790103604496,WANDER,0.55,0,0,0,0,circadian_dam
130,2.6,15.325221893182103,5.0,1.4680960635636966e-22,0.13968045171618965,0.0,0.0,1.0,0.0,1.0,130,15.325221893182103,5.0,1.4680960635636966e-22,0.13968045171618965,WANDER,0.55,0,0,0,0,circadian_dam
131,2.62,15.328085507231016,5.0,1.4617400123743894e-22,0.14318070244561926,0.0,0.0,1.0,0.0,1.0,131,15.328085507231016,5.0,1.4617400123743894e-22,0.14318070244561926,WANDER,0.55,0,0,0,0,circadian_dam
132,2.64,15.330999407166594,5.0,1.4661086750189108e-22,0.14569499677889192,0.0,0.0,1.0,0.0,1.0,132,15.330999407166594,5.0,1.4661086750189108e-22,0.14569499677889192,WANDER,0.55,0,0,0,0,circadian_dam
133,2.66,15.333928674806478,5.0,1.4702775104707147e-22,0.14646338199418826,0.0,0.0,1.0,0.0,1.0,133,15.333928674806478,5.0,1.4702775104707147e-22,0.14646338199418826,WANDER,0.55,0,0,0,0,circadian_dam
134,2.68,15.336826809114346,5.0,1.4742560105214556e-22,0.14490671539342817,0.0,0.0,1.0,0.0,1.0,134,15.336826809114346,5.0,1.4742560105214556e-22,0.14490671539342817,WANDER,0.55,0,0,0,0,circadian_dam
135,2.7,15.339640360833661,5.0,1.483261323539753e-22,0.1406775859657626,0.0,0.0,1.0,0.0,1.0,135,15.339640360833661,5.0,1.483261323539753e-22,0.1406775859657626,WANDER,0.55,0,0,0,0,circadian_dam
136,2.72,15.342340435084068,5.0,1.4918471173499285e-22,0.13500371252039195,0.0,0.0,1.0,0.0,1.0,136,15.342340435084068,5.0,1.4918471173499285e-22,0.13500371252039195,WANDER,0.55,0,0,0,0,circadian_dam
137,2.74,15.344989924961876,5.0,1.500033319114368e-22,0.13247449389034036,0.0,0.0,1.0,0.0,1.0,137,15.344989924961876,5.0,1.500033319114368e-22,0.13247449389034036,WANDER,0.55,0,0,0,0,circadian_dam
138,2.7600000000000002,15.347642525294752,5.0,1.507838909455244e-22,0.13263001664380206,0.0,0.0,1.0,0.0,1.0,138,15.347642525294752,5.0,1.507838909455244e-22,0.13263001664380206,WANDER,0.55,0,0,0,0,circadian_dam
139,2.7800000000000002,15.35033852950172,5.0,1.5152819674151756e-22,0.13480021034840525,0.0,0.0,1.0,0.0,1.0,139,15.35033852950172,5.0,1.5152819674151756e-22,0.13480021034840525,WANDER,0.55,0,0,0,0,circadian_dam
140,2.8000000000000003,15.353101801991356,5.0,1.5275878207193273e-22,0.1381636244817682,0.0,0.0,1.0,0.0,1.0,140,15.353101801991356,5.0,1.5275878207193273e-22,0.1381636244817682,WANDER,0.55,0,0,0,0,circadian_dam
141,2.82,15.355938199209977,5.0,1.5393179280291287e-22,0.1418198609310458,0.0,0.0,1.0,0.0,1.0,141,15.355938199209977,5.0,1.5393179280291287e-22,0.1418198609310458,WANDER,0.55,0,0,0,0,circadian_dam
142,2.84,15.358835582315564,5.0,1.5452915298422423e-22,0.1448691552793526,0.0,0.0,1.0,0.0,1.0,142,15.358835582315564,5.0,1.5452915298422423e-22,0.1448691552793526,WANDER,0.55,0,0,0,0,circadian_dam
143,2.86,15.361765421481312,5.0,1.5509896187294805e-22,0.14649195828742403,0.0,0.0,1.0,0.0,1.0,143,15.361765421481312,5.0,1.5509896187294805e-22,0.14649195828742403,WANDER,0.55,0,0,0,0,circadian_dam
144,2.88,15.36468584886296,5.0,1.5564252815548222e-22,0.14602136908241836,0.0,0.0,1.0,0.0,1.0,144,15.36468584886296,5.0,1.5564252815548222e-22,0.14602136908241836,WANDER,0.55,0,0,0,0,circadian_dam
145,2.9,15.367545887134026,5.0,1.5590069298376727e-22,0.14300191355331968,0.0,0.0,1.0,0.0,1.0,145,15.367545887134026,5.0,1.5590069298376727e-22,0.14300191355331968,WANDER,0.55,0,0,0,0,circadian_dam
146,2.92,15.370290474887582,5.0,1.5666820159857295e-22,0.13722938767776416,0.0,0.0,1.0,0.0,1.0,146,15.370290474887582,5.0,1.5666820159857295e-22,0.13722938767776416,WANDER,0.55,0,0,0,0,circadian_dam
147,2.94,15.37295727377965,5.0,1.5792091505777452e-22,0.13333994460337803,0.0,0.0,1.0,0.0,1.0,147,15.37295727377965,5.0,1.5792091505777452e-22,0.13333994460337803,WANDER,0.55,0,0,0,0,circadian_dam
148,2.96,15.37560464794803,5.0,1.5885462490343776e-22,0.1323687084191058,0.0,0.0,1.0,0.0,1.0,148,15.37560464794803,5.0,1.5885462490343776e-22,0.1323687084191058,WANDER,0.55,0,0,0,0,circadian_dam
149,2.98,15.378279303580017,5.0,1.597448617351917e-22,0.13373278159932908,0.0,0.0,1.0,0.0,1.0,149,15.378279303580017,5.0,1.597448617351917e-22,0.13373278159932908,WANDER,0.55,0,0,0,0,circadian_dam
150,3.0,15.381012698086842,5.0,1.6059369052119706e-22,0.13666972534125182,0.0,0.0,1.0,0.0,1.0,150,15.381012698086842,5.0,1.6059369052119706e-22,0.13666972534125182,WANDER,0.55,0,0,0,0,circadian_dam
151,3.02,15.383818791383352,5.0,1.611426727717734e-22,0.1403046648254955,0.0,0.0,1.0,0.0,1.0,151,15.383818791383352,5.0,1.611426727717734e-22,0.1403046648254955,WANDER,0.55,0,0,0,0,circadian_dam
152,3.04,15.386693342415162,5.0,1.616664291253396e-22,0.14372755159055903,0.0,0.0,1.0,0.0,1.0,152,15.386693342415162,5.0,1.616664291253396e-22,0.14372755159055903,WANDER,0.55,0,0,0,0,circadian_dam
153,3.06,15.389614815267079,5.0,1.621661578120036e-22,0.14607364259585798,0.0,0.0,1.0,0.0,1.0,153,15.389614815267079,5.0,1.621661578120036e-22,0.14607364259585798,WANDER,0.55,0,0,0,0,circadian_dam
154,3.08,15.392546814603744,5.0,1.6212218940223638e-22,0.14659996683322152,0.0,0.0,1.0,0.0,1.0,154,15.392546814603744,5.0,1.6212218940223638e-22,0.14659996683322152,WANDER,0.55,0,0,0,0,circadian_dam
155,3.1,15.3954418328189,5.0,1.6129988924852993e-22,0.14475091075783603,0.0,0.0,1.0,0.0,1.0,155,15.3954418328189,5.0,1.6129988924852993e-22,0.14475091075783603,WANDER,0.55,0,0,0,0,circadian_dam
156,3.12,15.398245973438586,5.0,1.6051736189267931e-22,0.14020703098427853,0.0,0.0,1.0,0.0,1.0,156,15.398245973438586,5.0,1.6051736189267931e-22,0.14020703098427853,WANDER,0.55,0,0,0,0,circadian_dam
157,3.14,15.400943627844434,5.0,1.5977271812678638e-22,0.13488272029242218,0.0,0.0,1.0,0.0,1.0,157,15.400943627844434,5.0,1.5977271812678638e-22,0.13488272029242218,WANDER,0.55,0,0,0,0,circadian_dam
158,3.16,15.403596917307445,5.0,1.5932456385218159e-22,0.1326644731505606,0.0,0.0,1.0,0.0,1.0,158,15.403596917307445,5.0,1.5932456385218159e-22,0.1326644731505606,WANDER,0.55,0,0,0,0,circadian_dam
159,3.18,15.406258250874183,5.0,1.5889843789004278e-22,0.13306667833694472,0.0,0.0,1.0,0.0,1.0,159,15.406258250874183,5.0,1.5889843789004278e-22,0.13306667833694472,WANDER,0.55,0,0,0,0,circadian_dam
160,3.2,15.408966235678907,5.0,1.587536992673813e-22,0.13539924023624447,0.0,0.0,1.0,0.0,1.0,160,15.408966235678907,5.0,1.587536992673813e-22,0.13539924023624447,WANDER,0.55,0,0,0,0,circadian_dam
161,3.22,15.411742798846763,5.0,1.5861660415758596e-22,0.13882815839278181,0.0,0.0,1.0,0.0,1.0,161,15.411742798846763,5.0,1.5861660415758596e-22,0.13882815839278181,WANDER,0.55,0,0,0,0,circadian_dam
162,3.24,15.41459178067115,5.0,1.5848678949379567e-22,0.14244909121934543,0.0,0.0,1.0,0.0,1.0,162,15.41459178067115,5.0,1.5848678949379567e-22,0.14244909121934543,WANDER,0.55,0,0,0,0,circadian_dam
163,3.2600000000000002,15.417499126581012,5.0,1.5836390945482515e-22,0.14536729549308866,0.0,0.0,1.0,0.0,1.0,163,15.417499126581012,5.0,1.5836390945482515e-22,0.14536729549308866,WANDER,0.55,0,0,0,0,circadian_dam
164,3.2800000000000002,15.420434661798824,5.0,1.587684453897024e-22,0.146776760890621,0.0,0.0,1.0,0.0,1.0,164,15.420434661798824,5.0,1.587684453897024e-22,0.146776760890621,WANDER,0.55,0,0,0,0,circadian_dam
165,3.3000000000000003,15.423355290423135,5.0,1.5915458918369773e-22,0.1460314312155217,0.0,0.0,1.0,0.0,1.0,165,15.423355290423135,5.0,1.5915458918369773e-22,0.1460314312155217,WANDER,0.55,0,0,0,0,circadian_dam
166,3.3200000000000003,15.42620933271618,5.0,1.59523214463503e-22,0.14270211465221846,0.0,0.0,1.0,0.0,1.0,166,15.42620933271618,5.0,1.59523214463503e-22,0.14270211465221846,WANDER,0.55,0,0,0,0,circadian_dam
167,3.34,15.428941612126701,5.0,1.5987515335854226e-22,0.13661397052605592,0.0,0.0,1.0,0.0,1.0,167,15.428941612126701,5.0,1.5987515335854226e-22,0.13661397052605592,WANDER,0.55,0,0,0,0,circadian_dam
168,3.36,15.431603041715544,5.0,1.6021119847209188e-22,0.13307147944216366,0.0,0.0,1.0,0.0,1.0,168,15.431603041715544,5.0,1.6021119847209188e-22,0.13307147944216366,WANDER,0.55,0,0,0,0,circadian_dam
169,3.38,15.434250902996293,5.0,1.6053210475877263e-22,0.13239306403743462,0.0,0.0,1.0,0.0,1.0,169,15.434250902996293,5.0,1.6053210475877263e-22,0.13239306403743462,WANDER,0.55,0,0,0,0,circadian_dam
170,3.4,15.4369303640765,5.0,1.6109899668471423e-22,0.13397305401040763,0.0,0.0,1.0,0.0,1.0,170,15.4369303640765,5.0,1.6109899668471423e-22,0.13397305401040763,WANDER,0.55,0,0,0,0,circadian_dam
171,3.42,15.439671023773451,5.0,1.6163981200406582e-22,0.13703298484755147,0.0,0.0,1.0,0.0,1.0,171,15.439671023773451,5.0,1.6163981200406582e-22,0.13703298484755147,WANDER,0.55,0,0,0,0,circadian_dam
172,3.44,15.442484826757886,5.0,1.6215578935564044e-22,0.14069014922174403,0.0,0.0,1.0,0.0,1.0,172,15.442484826757886,5.0,1.6215578935564044e-22,0.14069014922174403,WANDER,0.55,0,0,0,0,circadian_dam
173,3.46,15.445365538147595,5.0,1.6316891928661442e-22,0.14403556948546845,0.0,0.0,1.0,0.0,1.0,173,15.445365538147595,5.0,1.6316891928661442e-22,0.14403556948546845,WANDER,0.55,0,0,0,0,circadian_dam
174,3.48,15.448289825889267,5.0,1.6413483119349434e-22,0.14621438708366266,0.0,0.0,1.0,0.0,1.0,174,15.448289825889267,5.0,1.6413483119349434e-22,0.14621438708366266,WANDER,0.55,0,0,0,0,circadian_dam
175,3.5,15.451219854845466,5.0,1.6505576793242467e-22,0.1465014478099132,0.0,0.0,1.0,0.0,1.0,175,15.451219854845466,5.0,1.6505576793242467e-22,0.1465014478099132,WANDER,0.55,0,0,0,0,circadian_dam
176,3.52,15.454107160712072,5.0,1.6645467656758993e-22,0.1443652933303365,0.0,0.0,1.0,0.0,1.0,176,15.454107160712072,5.0,1.6645467656758993e-22,0.1443652933303365,WANDER,0.55,0,0,0,0,circadian_dam
177,3.54,15.456897456923196,5.0,1.6778809757794704e-22,0.13951481055623946,0.0,0.0,1.0,0.0,1.0,177,15.456897456923196,5.0,1.6778809757794704e-22,0.13951481055623946,WANDER,0.55,0,0,0,0,circadian_dam
178,3.56,15.459588435731037,5.0,1.6905914162567436e-22,0.13454894039204876,0.0,0.0,1.0,0.0,1.0,178,15.459588435731037,5.0,1.6905914162567436e-22,0.13454894039204876,WANDER,0.55,0,0,0,0,circadian_dam
179,3.58,15.462241374733647,5.0,1.7027077161649683e-22,0.13264695013054495,0.0,0.0,1.0,0.0,1.0,179,15.462241374733647,5.0,1.7027077161649683e-22,0.13264695013054495,WANDER,0.55,0,0,0,0,circadian_dam
180,3.6,15.46490733628639,5.0,1.7142580971811741e-22,0.13329807763712895,0.0,0.0,1.0,0.0,1.0,180,15.46490733628639,5.0,1.7142580971811741e-22,0.13329807763712895,WANDER,0.55,0,0,0,0,circadian_dam
181,3.62,15.467623195816222,5.0,1.7278734941712666e-22,0.13579297649162436,0.0,0.0,1.0,0.0,1.0,181,15.467623195816222,5.0,1.7278734941712666e-22,0.13579297649162436,WANDER,0.55,0,0,0,0,circadian_dam
182,3.64,15.47040891643059,5.0,1.7408520395966265e-22,0.13928603071836398,0.0,0.0,1.0,0.0,1.0,182,15.47040891643059,5.0,1.7408520395966265e-22,0.13928603071836398,WANDER,0.55,0,0,0,0,circadian_dam
183,3.66,15.473266315786093,5.0,1.7532239839065787e-22,0.14286996777520786,0.0,0.0,1.0,0.0,1.0,183,15.473266315786093,5.0,1.7532239839065787e-22,0.14286996777520786,WANDER,0.55,0,0,0,0,circadian_dam
184,3.68,15.476179437130643,5.0,1.7650181406541047e-22,0.14565606722751773,0.0,0.0,1.0,0.0,1.0,184,15.476179437130643,5.0,1.7650181406541047e-22,0.14565606722751773,WANDER,0.55,0,0,0,0,circadian_dam
185,3.7,15.47911649233467,5.0,1.77626195474842e-22,0.146852760201408,0.0,0.0,1.0,0.0,1.0,185,15.47911649233467,5.0,1.77626195474842e-22,0.146852760201408,WANDER,0.55,0,0,0,0,circadian_dam
186,3.72,15.482033203521244,5.0,1.7843775137470176e-22,0.14583555932864342,0.0,0.0,1.0,0.0,1.0,186,15.482033203521244,5.0,1.7843775137470176e-22,0.14583555932864342,WANDER,0.55,0,0,0,0,circadian_dam
187,3.74,15.4848772442708,5.0,1.7921171890468036e-22,0.14220203747781665,0.0,0.0,1.0,0.0,1.0,187,15.4848772442708,5.0,1.7921171890468036e-22,0.14220203747781665,WANDER,0.55,0,0,0,0,circadian_dam
188,3.7600000000000002,15.487593382594827,5.0,1.7994988351234717e-22,0.13580691620134897,0.0,0.0,1.0,0.0,1.0,188,15.487593382594827,5.0,1.7994988351234717e-22,0.13580691620134897,WANDER,0.55,0,0,0,0,circadian_dam
189,3.7800000000000002,15.49024572457461,5.0,1.8091435120836546e-22,0.13261709898914129,0.0,0.0,1.0,0.0,1.0,189,15.49024572457461,5.0,1.8091435120836546e-22,0.13261709898914129,WANDER,0.55,0,0,0,0,circadian_dam
190,3.8000000000000003,15.492890403696801,5.0,1.8209440003990603e-22,0.13223395610961614,0.0,0.0,1.0,0.0,1.0,190,15.492890403696801,5.0,1.8209440003990603e-22,0.13223395610961614,WANDER,0.55,0,0,0,0,circadian_dam
191,3.8200000000000003,15.49557099815123,5.0,1.8269860123133866e-22,0.13402972272146702,0.0,0.0,1.0,0.0,1.0,191,15.49557099815123,5.0,1.8269860123133866e-22,0.13402972272146702,WANDER,0.55,0,0,0,0,circadian_dam
192,3.84,15.498315213734136,5.0,1.8327506340154043e-22,0.13721077914533958,0.0,0.0,1.0,0.0,1.0,192,15.498315213734136,5.0,1.8327506340154043e-22,0.13721077914533958,WANDER,0.55,0,0,0,0,circadian_dam
193,3.86,15.501132965175135,5.0,1.843459148977267e-22,0.14088757204994745,0.0,0.0,1.0,0.0,1.0,193,15.501132965175135,5.0,1.843459148977267e-22,0.14088757204994745,WANDER,0.55,0,0,0,0,circadian_dam
194,3.88,15.504016029379525,5.0,1.8588772711464825e-22,0.14415321021952957,0.0,0.0,1.0,0.0,1.0,194,15.504016029379525,5.0,1.8588772711464825e-22,0.14415321021952957,WANDER,0.55,0,0,0,0,circadian_dam
195,3.9,15.506939302875116,5.0,1.863157520746843e-22,0.14616367477958112,0.0,0.0,1.0,0.0,1.0,195,15.506939302875116,5.0,1.863157520746843e-22,0.14616367477958112,WANDER,0.55,0,0,0,0,circadian_dam
196,3.92,15.509863551653352,5.0,1.8672440638448085e-22,0.14621243891173508,0.0,0.0,1.0,0.0,1.0,196,15.509863551653352,5.0,1.8672440638448085e-22,0.14621243891173508,WANDER,0.55,0,0,0,0,circadian_dam
197,3.94,15.512739407537316,5.0,1.8633339403436383e-22,0.14379279419822896,0.0,0.0,1.0,0.0,1.0,197,15.512739407537316,5.0,1.8633339403436383e-22,0.14379279419822896,WANDER,0.55,0,0,0,0,circadian_dam
198,3.96,15.515512253231625,5.0,1.859618329746371e-22,0.13864228471551499,0.0,0.0,1.0,0.0,1.0,198,15.515512253231625,5.0,1.859618329746371e-22,0.13864228471551499,WANDER,0.55,0,0,0,0,circadian_dam
199,3.98,15.518193083373456,5.0,1.8508798852530017e-22,0.13404150709154936,0.0,0.0,1.0,0.0,1.0,199,15.518193083373456,5.0,1.8508798852530017e-22,0.13404150709154936,WANDER,0.55,0,0,0,0,circadian_dam
200,4.0,15.520842262623873,5.0,1.8425647500333148e-22,0.13245896252089323,0.0,0.0,1.0,0.0,1.0,200,15.520842262623873,5.0,1.8425647500333148e-22,0.13245896252089323,WANDER,0.55,0,0,0,0,circadian_dam
