step,sim_time,pos_x,pos_y,heading,speed,reward,punishment,floor_temp,epg_bump,pam_burst,time_step,fly_x,fly_y,fly_heading,fly_speed,state,satiety,food_collected,hazard_encounters,predator_kills,escapes,paradigm
1,0.02,70.0,17.99,1.5707963267948966,-0.5,0.0,0.0,36.499999992823746,0.0003589224475812891,0.0,1,70.0,17.99,1.5707963267948966,-0.5,REVERSE,0.55,0,0,0,0,heat_maze
2,0.04,70.0,17.979999999999997,1.5707963267948966,-0.5,0.0,0.0,36.4999999928809,0.0007178082856924561,0.0,2,70.0,17.979999999999997,1.5707963267948966,-0.5,REVERSE,0.55,0,0,0,0,heat_maze
3,0.06,70.0,17.969999999999995,1.5707963267948966,-0.5,0.0,0.0,36.49999999293762,0.0010766575217613372,0.0,3,70.0,17.969999999999995,1.5707963267948966,-0.5,REVERSE,0.55,0,0,0,0,heat_maze
4,0.08,70.0,17.959999999999994,1.5707963267948966,-0.5,0.0,0.0,36.49999999299389,0.001435470163213548,0.0,4,70.0,17.959999999999994,1.5707963267948966,-0.5,REVERSE,0.55,0,0,0,0,heat_maze
5,0.1,70.0,17.949999999999992,1.5707963267948966,-0.5,0.0,0.0,36.49999999304973,0.0017942462174720397,0.0,5,70.0,17.949999999999992,1.5707963267948966,-0.5,REVERSE,0.55,0,0,0,0,heat_maze
6,0.12,70.0,17.93999999999999,1.5707963267948966,-0.5,0.0,0.0,36.49999999310513,0.002152985691957987,0.0,6,70.0,17.93999999999999,1.5707963267948966,-0.5,REVERSE,0.55,0,0,0,0,heat_maze
7,0.14,70.0,17.92999999999999,1.5707963267948966,-0.5,0.0,0.0,36.4999999931601,0.0025116885940903444,0.0,7,70.0,17.92999999999999,1.5707963267948966,-0.5,REVERSE,0.55,0,0,0,0,heat_maze
8,0.16,70.0,17.919999999999987,1.5707963267948966,-0.5,0.0,0.0,36.499999993214644,0.0028703549312854015,0.0,8,70.0,17.919999999999987,1.5707963267948966,-0.5,REVERSE,0.55,0,0,0,0,heat_maze
9,0.18,70.0,17.909999999999986,1.5707963267948966,-0.5,0.0,0.0,36.49999999326876,0.003228984710957672,0.0,9,70.0,17.909999999999986,1.5707963267948966,-0.5,REVERSE,0.55,0,0,0,0,heat_maze
10,0.2,70.0,17.899999999999984,1.5707963267948966,-0.5,0.0,0.0,36.49999999332246,0.0035875779405190045,0.0,10,70.0,17.899999999999984,1.5707963267948966,-0.5,REVERSE,0.55,0,0,0,0,heat_maze
11,0.22,70.0,17.889999999999983,1.5707963267948966,-0.5,0.0,0.0,36.49999999337574,0.003946134627379472,0.0,11,70.0,17.889999999999983,1.5707963267948966,-0.5,REVERSE,0.55,0,0,0,0,heat_maze
12,0.24,70.0,17.87999999999998,1.5707963267948966,-0.5,0.0,0.0,36.4999999934286,0.004304654778946482,0.0,12,70.0,17.87999999999998,1.5707963267948966,-0.5,REVERSE,0.55,0,0,0,0,heat_maze
13,0.26,70.0,17.86999999999998,1.5707963267948966,-0.5,0.0,0.0,36.499999993481055,0.004663138402625222,0.0,13,70.0,17.86999999999998,1.5707963267948966,-0.5,REVERSE,0.55,0,0,0,0,heat_maze
14,0.28,70.0,17.859999999999978,1.5707963267948966,-0.5,0.0,0.0,36.499999993533095,0.005021585505819104,0.0,14,70.0,17.859999999999978,1.5707963267948966,-0.5,REVERSE,0.55,0,0,0,0,heat_maze
15,0.3,70.0,17.849999999999977,1.5707963267948966,-0.5,0.0,0.0,36.49999999358474,0.005379996095928874,0.0,15,70.0,17.849999999999977,1.5707963267948966,-0.5,REVERSE,0.55,0,0,0,0,heat_maze
16,0.32,70.0,17.839999999999975,1.5707963267948966,-0.5,0.0,0.0,36.49999999363597,0.0057383701803530585,0.0,16,70.0,17.839999999999975,1.5707963267948966,-0.5,REVERSE,0.55,0,0,0,0,heat_maze
17,0.34,70.0,17.829999999999973,1.5707963267948966,-0.5,0.0,0.0,36.49999999368681,0.006096707766487963,0.0,17,70.0,17.829999999999973,1.5707963267948966,-0.5,REVERSE,0.55,0,0,0,0,heat_maze
18,0.36,70.0,17.819999999999972,1.5707963267948966,-0.5,0.0,0.0,36.49999999373725,0.006455008861728118,0.0,18,70.0,17.819999999999972,1.5707963267948966,-0.5,REVERSE,0.55,0,0,0,0,heat_maze
19,0.38,70.0,17.80999999999997,1.5707963267948966,-0.5,0.0,0.0,36.49999999378729,0.0068132734734649425,0.0,19,70.0,17.80999999999997,1.5707963267948966,-0.5,REVERSE,0.55,0,0,0,0,heat_maze
20,0.4,70.0,17.79999999999997,1.5707963267948966,-0.5,0.0,0.0,36.49999999383695,0.007171501609088526,0.0,20,70.0,17.79999999999997,1.5707963267948966,-0.5,REVERSE,0.55,0,0,0,0,heat_maze
21,0.42,70.0,17.789999999999967,1.5707963267948966,-0.5,0.0,0.0,36.49999999388622,0.007529693275986293,0.0,21,70.0,17.789999999999967,1.5707963267948966,-0.5,REVERSE,0.55,0,0,0,0,heat_maze
22,0.44,70.0,17.779999999999966,1.5707963267948966,-0.5,0.0,0.0,36.499999993935106,0.007887848481543447,0.0,22,70.0,17.779999999999966,1.5707963267948966,-0.5,REVERSE,0.55,0,0,0,0,heat_maze
23,0.46,70.0,17.769999999999964,1.5707963267948966,-0.5,0.0,0.0,36.49999999398361,0.008245967233142526,0.0,23,70.0,17.769999999999964,1.5707963267948966,-0.5,REVERSE,0.55,0,0,0,0,heat_maze
24,0.48,70.0,17.759999999999962,1.5707963267948966,-0.5,0.0,0.0,36.49999999403173,0.008604049538164737,0.0,24,70.0,17.759999999999962,1.5707963267948966,-0.5,REVERSE,0.55,0,0,0,0,heat_maze
25,0.5,70.0,17.74999999999996,1.5707963267948966,-0.5,0.0,0.0,36.49999999407948,0.008962095403988624,0.0,25,70.0,17.74999999999996,1.5707963267948966,-0.5,REVERSE,0.55,0,0,0,0,heat_maze
26,0.52,70.0,17.73999999999996,1.5707963267948966,-0.5,0.0,0.0,36.49999999412685,0.009320104837990506,0.0,26,70.0,17.73999999999996,1.5707963267948966,-0.5,REVERSE,0.55,0,0,0,0,heat_maze
27,0.54,70.0,17.729999999999958,1.5707963267948966,-0.5,0.0,0.0,36.49999999417386,0.009678077847544042,0.0,27,70.0,17.729999999999958,1.5707963267948966,-0.5,REVERSE,0.55,0,0,0,0,heat_maze
28,0.56,70.0,17.719999999999956,1.5707963267948966,-0.5,0.0,0.0,36.499999994220495,0.010036014440021557,0.0,28,70.0,17.719999999999956,1.5707963267948966,-0.5,REVERSE,0.55,0,0,0,0,heat_maze
29,0.58,70.0,17.709999999999955,1.5707963267948966,-0.5,0.0,0.0,36.49999999426677,0.010393914622792266,0.0,29,70.0,17.709999999999955,1.5707963267948966,-0.5,REVERSE,0.55,0,0,0,0,heat_maze
30,0.6,70.0,17.699999999999953,1.5707963267948966,-0.5,0.0,0.0,36.49999999431268,0.01075177840322361,0.0,30,70.0,17.699999999999953,1.5707963267948966,-0.5,REVERSE,0.55,0,0,0,0,heat_maze
31,0.62,70.0,17.68999999999995,1.5707963267948966,-0.5,0.0,0.0,36.49999999435824,0.011109605788681254,0.0,31,70.0,17.68999999999995,1.5707963267948966,-0.5,REVERSE,0.55,0,0,0,0,heat_maze
32,0.64,70.0,17.67999999999995,1.5707963267948966,-0.5,0.0,0.0,36.49999999440343,0.01146739678652775,0.0,32,70.0,17.67999999999995,1.5707963267948966,-0.5,REVERSE,0.55,0,0,0,0,heat_maze
33,0.66,70.0,17.66999999999995,1.5707963267948966,-0.5,0.0,0.0,36.49999999444828,0.01182515140412388,0.0,33,70.0,17.66999999999995,1.5707963267948966,-0.5,REVERSE,0.55,0,0,0,0,heat_maze
34,0.68,70.0,17.659999999999947,1.5707963267948966,-0.5,0.0,0.0,36.499999994492775,0.012182869648827754,0.0,34,70.0,17.659999999999947,1.5707963267948966,-0.5,REVERSE,0.55,0,0,0,0,heat_maze
35,0.7000000000000001,70.0,17.649999999999945,1.5707963267948966,-0.5,0.0,0.0,36.499999994536914,0.012540551527996158,0.0,35,70.0,17.649999999999945,1.5707963267948966,-0.5,REVERSE,0.55,0,0,0,0,heat_maze
36,0.72,70.0,17.639999999999944,1.5707963267948966,-0.5,0.0,0.0,36.49999999458072,0.012898197048983207,0.0,36,70.0,17.639999999999944,1.5707963267948966,-0.5,REVERSE,0.55,0,0,0,0,heat_maze
37,0.74,70.0,17.629999999999942,1.5707963267948966,-0.5,0.0,0.0,36.499999994624176,0.013255806219140354,0.0,37,70.0,17.629999999999942,1.5707963267948966,-0.5,REVERSE,0.55,0,0,0,0,heat_maze
38,0.76,70.0,17.61999999999994,1.5707963267948966,-0.5,0.0,0.0,36.49999999466729,0.01361337904581772,0.0,38,70.0,17.61999999999994,1.5707963267948966,-0.5,REVERSE,0.55,0,0,0,0,heat_maze
39,0.78,70.0,17.60999999999994,1.5707963267948966,-0.5,0.0,0.0,36.499999994710066,0.013970915536362316,0.0,39,70.0,17.60999999999994,1.5707963267948966,-0.5,REVERSE,0.55,0,0,0,0,heat_maze
40,0.8,70.0,17.599999999999937,1.5707963267948966,-0.5,0.0,0.0,36.499999994752514,0.014328415698119379,0.0,40,70.0,17.599999999999937,1.5707963267948966,-0.5,REVERSE,0.55,0,0,0,0,heat_maze
41,0.8200000000000001,70.0,17.589999999999936,1.5707963267948966,-0.5,0.0,0.0,36.49999999479462,0.014685879538431923,0.0,41,70.0,17.589999999999936,1.5707963267948966,-0.5,REVERSE,0.55,0,0,0,0,heat_maze
42,0.84,70.0,17.579999999999934,1.5707963267948966,-0.5,0.0,0.0,36.49999999483641,0.015043307064640743,0.0,42,70.0,17.579999999999934,1.5707963267948966,-0.5,REVERSE,0.55,0,0,0,0,heat_maze
43,0.86,70.0,17.569999999999933,1.5707963267948966,-0.5,0.0,0.0,36.49999999487786,0.015400698284084413,0.0,43,70.0,17.569999999999933,1.5707963267948966,-0.5,REVERSE,0.55,0,0,0,0,heat_maze
44,0.88,70.0,17.55999999999993,1.5707963267948966,-0.5,0.0,0.0,36.49999999491899,0.015758053204099287,0.0,44,70.0,17.55999999999993,1.5707963267948966,-0.5,REVERSE,0.55,0,0,0,0,heat_maze
45,0.9,70.0,17.54999999999993,1.5707963267948966,-0.5,0.0,0.0,36.49999999495979,0.0161153718320195,0.0,45,70.0,17.54999999999993,1.5707963267948966,-0.5,REVERSE,0.55,0,0,0,0,heat_maze
46,0.92,70.0,17.539999999999928,1.5707963267948966,-0.5,0.0,0.0,36.49999999500028,0.01647265417517696,0.0,46,70.0,17.539999999999928,1.5707963267948966,-0.5,REVERSE,0.55,0,0,0,0,heat_maze
47,0.9400000000000001,70.0,17.529999999999927,1.5707963267948966,-0.5,0.0,0.0,36.49999999504045,0.016829900240901363,0.0,47,70.0,17.529999999999927,1.5707963267948966,-0.5,REVERSE,0.55,0,0,0,0,heat_maze
48,0.96,70.0,17.519999999999925,1.5707963267948966,-0.5,0.0,0.0,36.4999999950803,0.01718711003652018,0.0,48,70.0,17.519999999999925,1.5707963267948966,-0.5,REVERSE,0.55,0,0,0,0,heat_maze
49,0.98,70.0,17.509999999999923,1.5707963267948966,-0.5,0.0,0.0,36.49999999511984,0.017544283569358665,0.0,49,70.0,17.509999999999923,1.5707963267948966,-0.5,REVERSE,0.55,0,0,0,0,heat_maze
50,1.0,70.0,17.499999999999922,1.5707963267948966,-0.5,0.0,0.0,36.49999999515908,0.017901420846739846,0.0,50,70.0,17.499999999999922,1.5707963267948966,-0.5,REVERSE,0.55,0,0,0,0,heat_maze
51,1.02,70.0,17.48999999999992,1.5707963267948966,-0.5,0.0,0.0,36.499999995198,0.01825852187598498,0.0,51,70.0,17.48999999999992,1.5707963267948966,-0.5,REVERSE,0.55,0,0,0,0,heat_maze
52,1.04,70.0,17.47999999999992,1.5707963267948966,-0.5,0.0,0.0,36.49999999523662,0.01861558666441221,0.0,52,70.0,17.47999999999992,1.5707963267948966,-0.5,REVERSE,0.55,0,0,0,0,heat_maze
53,1.06,70.0,17.469999999999917,1.5707963267948966,-0.5,0.0,0.0,36.49999999527493,0.01897261521933835,0.0,53,70.0,17.469999999999917,1.5707963267948966,-0.5,REVERSE,0.55,0,0,0,0,heat_maze
54,1.08,70.0,17.459999999999916,1.5707963267948966,-0.5,0.0,0.0,36.49999999531295,0.019329607548077554,0.0,54,70.0,17.459999999999916,1.5707963267948966,-0.5,REVERSE,0.55,0,0,0,0,heat_maze
55,1.1,70.0,17.449999999999914,1.5707963267948966,-0.5,0.0,0.0,36.49999999535066,0.019686563657941747,0.0,55,70.0,17.449999999999914,1.5707963267948966,-0.5,REVERSE,0.55,0,0,0,0,heat_maze
56,1.12,70.0,17.439999999999912,1.5707963267948966,-0.5,0.0,0.0,36.49999999538808,0.020043483556241082,0.0,56,70.0,17.439999999999912,1.5707963267948966,-0.5,REVERSE,0.55,0,0,0,0,heat_maze
57,1.1400000000000001,70.0,17.42999999999991,1.5707963267948966,-0.5,0.0,0.0,36.499999995425206,0.020400367250283047,0.0,57,70.0,17.42999999999991,1.5707963267948966,-0.5,REVERSE,0.55,0,0,0,0,heat_maze
58,1.16,70.0,17.41999999999991,1.5707963267948966,-0.5,0.0,0.0,36.49999999546204,0.020757214747373354,0.0,58,70.0,17.41999999999991,1.5707963267948966,-0.5,REVERSE,0.55,0,0,0,0,heat_maze
59,1.18,70.0,17.409999999999908,1.5707963267948966,-0.5,0.0,0.0,36.499999995498584,0.02111402605481505,0.0,59,70.0,17.409999999999908,1.5707963267948966,-0.5,REVERSE,0.55,0,0,0,0,heat_maze
60,1.2,70.0,17.399999999999906,1.5707963267948966,-0.5,0.0,0.0,36.499999995534836,0.02147080117990896,0.0,60,70.0,17.399999999999906,1.5707963267948966,-0.5,REVERSE,0.55,0,0,0,0,heat_maze
61,1.22,70.0,17.389999999999905,1.5707963267948966,-0.5,0.0,0.0,36.49999999557081,0.021827540129954137,0.0,61,70.0,17.389999999999905,1.5707963267948966,-0.5,REVERSE,0.55,0,0,0,0,heat_maze
62,1.24,70.0,17.379999999999903,1.5707963267948966,-0.5,0.0,0.0,36.499999995606494,0.02218424291224741,0.0,62,70.0,17.379999999999903,1.5707963267948966,-0.5,REVERSE,0.55,0,0,0,0,heat_maze
63,1.26,70.0,17.3699999999999,1.5707963267948966,-0.5,0.0,0.0,36.4999999956419,0.022540909534082942,0.0,63,70.0,17.3699999999999,1.5707963267948966,-0.5,REVERSE,0.55,0,0,0,0,heat_maze
64,1.28,70.0,17.3599999999999,1.5707963267948966,-0.5,0.0,0.0,36.49999999567703,0.02289754000275357,0.0,64,70.0,17.3599999999999,1.5707963267948966,-0.5,REVERSE,0.55,0,0,0,0,heat_maze
65,1.3,70.0,17.3499999999999,1.5707963267948966,-0.5,0.0,0.0,36.49999999571188,0.02325413432554857,0.0,65,70.0,17.3499999999999,1.5707963267948966,-0.5,REVERSE,0.55,0,0,0,0,heat_maze
66,1.32,70.0,17.339999999999897,1.5707963267948966,-0.5,0.0,0.0,36.499999995746464,0.023610692509756337,0.0,66,70.0,17.339999999999897,1.5707963267948966,-0.5,REVERSE,0.55,0,0,0,0,heat_maze
67,1.34,70.0,17.329999999999895,1.5707963267948966,-0.5,0.0,0.0,36.49999999578077,0.023967214562662598,0.0,67,70.0,17.329999999999895,1.5707963267948966,-0.5,REVERSE,0.55,0,0,0,0,heat_maze
68,1.36,70.0,17.319999999999894,1.5707963267948966,-0.5,0.0,0.0,36.499999995814804,0.02432370049155086,0.0,68,70.0,17.319999999999894,1.5707963267948966,-0.5,REVERSE,0.55,0,0,0,0,heat_maze
69,1.3800000000000001,70.0,17.309999999999892,1.5707963267948966,-0.5,0.0,0.0,36.49999999584857,0.02468015030370241,0.0,69,70.0,17.309999999999892,1.5707963267948966,-0.5,REVERSE,0.55,0,0,0,0,heat_maze
70,1.4000000000000001,70.0,17.29999999999989,1.5707963267948966,-0.5,0.0,0.0,36.49999999588207,0.02503656400639631,0.0,70,70.0,17.29999999999989,1.5707963267948966,-0.5,REVERSE,0.55,0,0,0,0,heat_maze
71,1.42,70.0,17.28999999999989,1.5707963267948966,-0.5,0.0,0.0,36.49999999591531,0.025392941606909414,0.0,71,70.0,17.28999999999989,1.5707963267948966,-0.5,REVERSE,0.55,0,0,0,0,heat_maze
72,1.44,70.0,17.279999999999887,1.5707963267948966,-0.5,0.0,0.0,36.49999999594828,0.02574928311251634,0.0,72,70.0,17.279999999999887,1.5707963267948966,-0.5,REVERSE,0.55,0,0,0,0,heat_maze
73,1.46,70.0,17.269999999999886,1.5707963267948966,-0.5,0.0,0.0,36.499999995981,0.026105588530489943,0.0,73,70.0,17.269999999999886,1.5707963267948966,-0.5,REVERSE,0.55,0,0,0,0,heat_maze
74,1.48,70.0,17.259999999999884,1.5707963267948966,-0.5,0.0,0.0,36.49999999601346,0.026461857868100402,0.0,74,70.0,17.259999999999884,1.5707963267948966,-0.5,REVERSE,0.55,0,0,0,0,heat_maze
75,1.5,70.0,17.249999999999883,1.5707963267948966,-0.5,0.0,0.0,36.49999999604565,0.02681809113261613,0.0,75,70.0,17.249999999999883,1.5707963267948966,-0.5,REVERSE,0.55,0,0,0,0,heat_maze
76,1.52,70.0,17.23999999999988,1.5707963267948966,-0.5,0.0,0.0,36.499999996077605,0.027174288331302865,0.0,76,70.0,17.23999999999988,1.5707963267948966,-0.5,REVERSE,0.55,0,0,0,0,heat_maze
77,1.54,70.0,17.22999999999988,1.5707963267948966,-0.5,0.0,0.0,36.499999996109295,0.02753044947142458,0.0,77,70.0,17.22999999999988,1.5707963267948966,-0.5,REVERSE,0.55,0,0,0,0,heat_maze
78,1.56,70.0,17.219999999999878,1.5707963267948966,-0.5,0.0,0.0,36.499999996140744,0.027886574560243016,0.0,78,70.0,17.219999999999878,1.5707963267948966,-0.5,REVERSE,0.55,0,0,0,0,heat_maze
79,1.58,70.0,17.209999999999877,1.5707963267948966,-0.5,0.0,0.0,36.49999999617194,0.028242663605017704,0.0,79,70.0,17.209999999999877,1.5707963267948966,-0.5,REVERSE,0.55,0,0,0,0,heat_maze
80,1.6,70.0,17.199999999999875,1.5707963267948966,-0.5,0.0,0.0,36.49999999620289,0.028598716613005504,0.0,80,70.0,17.199999999999875,1.5707963267948966,-0.5,REVERSE,0.55,0,0,0,0,heat_maze
81,1.62,70.0,17.189999999999873,1.5707963267948966,-0.5,0.0,0.0,36.4999999962336,0.028954733591461945,0.0,81,70.0,17.189999999999873,1.5707963267948966,-0.5,REVERSE,0.55,0,0,0,0,heat_maze
82,1.6400000000000001,70.0,17.179999999999872,1.5707963267948966,-0.5,0.0,0.0,36.49999999626406,0.029310714547639893,0.0,82,70.0,17.179999999999872,1.5707963267948966,-0.5,REVERSE,0.55,0,0,0,0,heat_maze
83,1.6600000000000001,70.0,17.16999999999987,1.5707963267948966,-0.5,0.0,0.0,36.499999996294285,0.029666659488789993,0.0,83,70.0,17.16999999999987,1.5707963267948966,-0.5,REVERSE,0.55,0,0,0,0,heat_maze
84,1.68,70.0,17.15999999999987,1.5707963267948966,-0.5,0.0,0.0,36.49999999632427,0.030022568422160667,0.0,84,70.0,17.15999999999987,1.5707963267948966,-0.5,REVERSE,0.55,0,0,0,0,heat_maze
85,1.7,70.0,17.149999999999867,1.5707963267948966,-0.5,0.0,0.0,36.49999999635401,0.03037844135499812,0.0,85,70.0,17.149999999999867,1.5707963267948966,-0.5,REVERSE,0.55,0,0,0,0,heat_maze
86,1.72,70.0,17.139999999999866,1.5707963267948966,-0.5,0.0,0.0,36.49999999638353,0.030734278294547224,0.0,86,70.0,17.139999999999866,1.5707963267948966,-0.5,REVERSE,0.55,0,0,0,0,heat_maze
87,1.74,70.0,17.129999999999864,1.5707963267948966,-0.5,0.0,0.0,36.499999996412804,0.031090079248049296,0.0,87,70.0,17.129999999999864,1.5707963267948966,-0.5,REVERSE,0.55,0,0,0,0,heat_maze
88,1.76,70.0,17.119999999999862,1.5707963267948966,-0.5,0.0,0.0,36.49999999644185,0.03144584422274477,0.0,88,70.0,17.119999999999862,1.5707963267948966,-0.5,REVERSE,0.55,0,0,0,0,heat_maze
89,1.78,70.0,17.10999999999986,1.5707963267948966,-0.5,0.0,0.0,36.49999999647067,0.03180157322587096,0.0,89,70.0,17.10999999999986,1.5707963267948966,-0.5,REVERSE,0.55,0,0,0,0,heat_maze
90,1.8,70.0,17.09999999999986,1.5707963267948966,-0.5,0.0,0.0,36.49999999649926,0.032157266264663864,0.0,90,70.0,17.09999999999986,1.5707963267948966,-0.5,REVERSE,0.55,0,0,0,0,heat_maze
91,1.82,70.0,17.089999999999858,1.5707963267948966,-0.5,0.0,0.0,36.49999999652762,0.03251292334635636,0.0,91,70.0,17.089999999999858,1.5707963267948966,-0.5,REVERSE,0.55,0,0,0,0,heat_maze
92,1.84,70.0,17.079999999999856,1.5707963267948966,-0.5,0.0,0.0,36.499999996555765,0.03286854447817955,0.0,92,70.0,17.079999999999856,1.5707963267948966,-0.5,REVERSE,0.55,0,0,0,0,heat_maze
93,1.86,70.0,17.069999999999855,1.5707963267948966,-0.5,0.0,0.0,36.499999996583675,0.03322412966736277,0.0,93,70.0,17.069999999999855,1.5707963267948966,-0.5,REVERSE,0.55,0,0,0,0,heat_maze
94,1.8800000000000001,70.0,17.059999999999853,1.5707963267948966,-0.5,0.0,0.0,36.49999999661137,0.03357967892113267,0.0,94,70.0,17.059999999999853,1.5707963267948966,-0.5,REVERSE,0.55,0,0,0,0,heat_maze
95,1.9000000000000001,70.0,17.04999999999985,1.5707963267948966,-0.5,0.0,0.0,36.49999999663885,0.03393519224671415,0.0,95,70.0,17.04999999999985,1.5707963267948966,-0.5,REVERSE,0.55,0,0,0,0,heat_maze
96,1.92,70.0,17.03999999999985,1.5707963267948966,-0.5,0.0,0.0,36.499999996666105,0.03429066965132943,0.0,96,70.0,17.03999999999985,1.5707963267948966,-0.5,REVERSE,0.55,0,0,0,0,heat_maze
97,1.94,70.0,17.02999999999985,1.5707963267948966,-0.5,0.0,0.0,36.49999999669315,0.034646111142198954,0.0,97,70.0,17.02999999999985,1.5707963267948966,-0.5,REVERSE,0.55,0,0,0,0,heat_maze
98,1.96,70.0,17.019999999999847,1.5707963267948966,-0.5,0.0,0.0,36.49999999671998,0.03500151672654095,0.0,98,70.0,17.019999999999847,1.5707963267948966,-0.5,REVERSE,0.55,0,0,0,0,heat_maze
99,1.98,70.0,17.009999999999845,1.5707963267948966,-0.5,0.0,0.0,36.499999996746595,0.03535688641157142,0.0,99,70.0,17.009999999999845,1.5707963267948966,-0.5,REVERSE,0.55,0,0,0,0,heat_maze
100,2.0,70.0,16.999999999999844,1.5707963267948966,-0.5,0.0,0.0,36.499999996773,0.03571222020450415,0.0,100,70.0,16.999999999999844,1.5707963267948966,-0.5,REVERSE,0.55,0,0,0,0,heat_maze
101,2.02,70.0,16.989999999999842,1.5707963267948966,-0.5,0.0,0.0,36.4999999967992,0.036067518112551156,0.0,101,70.0,16.989999999999842,1.5707963267948966,-0.5,REVERSE,0.55,0,0,0,0,heat_maze
102,2.04,70.0,16.97999999999984,1.5707963267948966,-0.5,0.0,0.0,36.49999999682518,0.03642278014292133,0.0,102,70.0,16.97999999999984,1.5707963267948966,-0.5,REVERSE,0.55,0,0,0,0,heat_maze
103,2.06,70.0,16.96999999999984,1.5707963267948966,-0.5,0.0,0.0,36.49999999685096,0.036778006302822686,0.0,103,70.0,16.96999999999984,1.5707963267948966,-0.5,REVERSE,0.55,0,0,0,0,heat_maze
104,2.08,70.0,16.959999999999837,1.5707963267948966,-0.5,0.0,0.0,36.49999999687654,0.03713319659946013,0.0,104,70.0,16.959999999999837,1.5707963267948966,-0.5,REVERSE,0.55,0,0,0,0,heat_maze
105,2.1,70.0,16.949999999999836,1.5707963267948966,-0.5,0.0,0.0,36.49999999690191,0.03748835104003634,0.0,105,70.0,16.949999999999836,1.5707963267948966,-0.5,REVERSE,0.55,0,0,0,0,heat_maze
106,2.12,70.0,16.939999999999834,1.5707963267948966,-0.5,0.0,0.0,36.49999999692709,0.03784346963175267,0.0,106,70.0,16.939999999999834,1.5707963267948966,-0.5,REVERSE,0.55,0,0,0,0,heat_maze
107,2.14,70.0,16.929999999999833,1.5707963267948966,-0.5,0.0,0.0,36.49999999695206,0.038198552381807804,0.0,107,70.0,16.929999999999833,1.5707963267948966,-0.5,REVERSE,0.55,0,0,0,0,heat_maze
108,2.16,70.0,16.91999999999983,1.5707963267948966,-0.5,0.0,0.0,36.49999999697683,0.03855359929739821,0.0,108,70.0,16.91999999999983,1.5707963267948966,-0.5,REVERSE,0.55,0,0,0,0,heat_maze
109,2.18,70.0,16.90999999999983,1.5707963267948966,-0.5,0.0,0.0,36.49999999700141,0.038908610385718134,0.0,109,70.0,16.90999999999983,1.5707963267948966,-0.5,REVERSE,0.55,0,0,0,0,heat_maze
110,2.2,70.0,16.899999999999828,1.5707963267948966,-0.5,0.0,0.0,36.499999997025796,0.03926358565396004,0.0,110,70.0,16.899999999999828,1.5707963267948966,-0.5,REVERSE,0.55,0,0,0,0,heat_maze
111,2.22,70.0,16.889999999999826,1.5707963267948966,-0.5,0.0,0.0,36.49999999704998,0.039618525109314184,0.0,111,70.0,16.889999999999826,1.5707963267948966,-0.5,REVERSE,0.55,0,0,0,0,heat_maze
112,2.24,70.0,16.879999999999825,1.5707963267948966,-0.5,0.0,0.0,36.49999999707398,0.039973428758968144,0.0,112,70.0,16.879999999999825,1.5707963267948966,-0.5,REVERSE,0.55,0,0,0,0,heat_maze
113,2.2600000000000002,70.0,16.869999999999823,1.5707963267948966,-0.5,0.0,0.0,36.49999999709779,0.04032829661010773,0.0,113,70.0,16.869999999999823,1.5707963267948966,-0.5,REVERSE,0.55,0,0,0,0,heat_maze
114,2.2800000000000002,70.0,16.859999999999822,1.5707963267948966,-0.5,0.0,0.0,36.49999999712141,0.04068312866991697,0.0,114,70.0,16.859999999999822,1.5707963267948966,-0.5,REVERSE,0.55,0,0,0,0,heat_maze
115,2.3000000000000003,70.0,16.84999999999982,1.5707963267948966,-0.5,0.0,0.0,36.49999999714483,0.04103792494557679,0.0,115,70.0,16.84999999999982,1.5707963267948966,-0.5,REVERSE,0.55,0,0,0,0,heat_maze
116,2.32,70.0,16.83999999999982,1.5707963267948966,-0.5,0.0,0.0,36.499999997168075,0.04139268544426722,0.0,116,70.0,16.83999999999982,1.5707963267948966,-0.5,REVERSE,0.55,0,0,0,0,heat_maze
117,2.34,70.0,16.829999999999817,1.5707963267948966,-0.5,0.0,0.0,36.49999999719113,0.041747410173164745,0.0,117,70.0,16.829999999999817,1.5707963267948966,-0.5,REVERSE,0.55,0,0,0,0,heat_maze
118,2.36,70.0,16.819999999999816,1.5707963267948966,-0.5,0.0,0.0,36.49999999721401,0.04210209913944496,0.0,118,70.0,16.819999999999816,1.5707963267948966,-0.5,REVERSE,0.55,0,0,0,0,heat_maze
119,2.38,70.0,16.809999999999814,1.5707963267948966,-0.5,0.0,0.0,36.4999999972367,0.04245675235028079,0.0,119,70.0,16.809999999999814,1.5707963267948966,-0.5,REVERSE,0.55,0,0,0,0,heat_maze
120,2.4,70.0,16.799999999999812,1.5707963267948966,-0.5,0.0,0.0,36.499999997259216,0.042811369812842504,0.0,120,70.0,16.799999999999812,1.5707963267948966,-0.5,REVERSE,0.55,0,0,0,0,heat_maze
121,2.42,70.0,16.78999999999981,1.5707963267948966,-0.5,0.0,0.0,36.49999999728155,0.04316595153429903,0.0,121,70.0,16.78999999999981,1.5707963267948966,-0.5,REVERSE,0.55,0,0,0,0,heat_maze
122,2.44,70.0,16.77999999999981,1.5707963267948966,-0.5,0.0,0.0,36.4999999973037,0.04352049752181664,0.0,122,70.0,16.77999999999981,1.5707963267948966,-0.5,REVERSE,0.55,0,0,0,0,heat_maze
123,2.46,70.0,16.769999999999808,1.5707963267948966,-0.5,0.0,0.0,36.49999999732568,0.043875007782559816,0.0,123,70.0,16.769999999999808,1.5707963267948966,-0.5,REVERSE,0.55,0,0,0,0,heat_maze
124,2.48,70.0,16.759999999999806,1.5707963267948966,-0.5,0.0,0.0,36.49999999734749,0.04422948232369084,0.0,124,70.0,16.759999999999806,1.5707963267948966,-0.5,REVERSE,0.55,0,0,0,0,heat_maze
125,2.5,70.0,16.749999999999805,1.5707963267948966,-0.5,0.0,0.0,36.499999997369116,0.044583921152369754,0.0,125,70.0,16.749999999999805,1.5707963267948966,-0.5,REVERSE,0.55,0,0,0,0,heat_maze
126,2.52,70.0,16.739999999999803,1.5707963267948966,-0.5,0.0,0.0,36.499999997390574,0.04493832427575395,0.0,126,70.0,16.739999999999803,1.5707963267948966,-0.5,REVERSE,0.55,0,0,0,0,heat_maze
127,2.54,70.0,16.7299999999998,1.5707963267948966,-0.5,0.0,0.0,36.49999999741186,0.04529269170099992,0.0,127,70.0,16.7299999999998,1.5707963267948966,-0.5,REVERSE,0.55,0,0,0,0,heat_maze
128,2.56,70.0,16.7199999999998,1.5707963267948966,-0.5,0.0,0.0,36.49999999743298,0.045647023435260614,0.0,128,70.0,16.7199999999998,1.5707963267948966,-0.5,REVERSE,0.55,0,0,0,0,heat_maze
129,2.58,70.0,16.7099999999998,1.5707963267948966,-0.5,0.0,0.0,36.499999997453926,0.046001319485688086,0.0,129,70.0,16.7099999999998,1.5707963267948966,-0.5,REVERSE,0.55,0,0,0,0,heat_maze
130,2.6,70.0,16.699999999999797,1.5707963267948966,-0.5,0.0,0.0,36.49999999747471,0.046355579859431284,0.0,130,70.0,16.699999999999797,1.5707963267948966,-0.5,REVERSE,0.55,0,0,0,0,heat_maze
131,2.62,70.0,16.689999999999795,1.5707963267948966,-0.5,0.0,0.0,36.49999999749532,0.04670980456363738,0.0,131,70.0,16.689999999999795,1.5707963267948966,-0.5,REVERSE,0.55,0,0,0,0,heat_maze
132,2.64,70.0,16.679999999999794,1.5707963267948966,-0.5,0.0,0.0,36.49999999751577,0.04706399360545177,0.0,132,70.0,16.679999999999794,1.5707963267948966,-0.5,REVERSE,0.55,0,0,0,0,heat_maze
133,2.66,70.0,16.669999999999792,1.5707963267948966,-0.5,0.0,0.0,36.499999997536065,0.047418146992017185,0.0,133,70.0,16.669999999999792,1.5707963267948966,-0.5,REVERSE,0.55,0,0,0,0,heat_maze
134,2.68,70.0,16.65999999999979,1.5707963267948966,-0.5,0.0,0.0,36.49999999755619,0.047772264730474134,0.0,134,70.0,16.65999999999979,1.5707963267948966,-0.5,REVERSE,0.55,0,0,0,0,heat_maze
135,2.7,70.0,16.64999999999979,1.5707963267948966,-0.5,0.0,0.0,36.499999997576154,0.0481263468279618,0.0,135,70.0,16.64999999999979,1.5707963267948966,-0.5,REVERSE,0.55,0,0,0,0,heat_maze
136,2.72,70.0,16.639999999999787,1.5707963267948966,-0.5,0.0,0.0,36.499999997595964,0.04848039329161624,0.0,136,70.0,16.639999999999787,1.5707963267948966,-0.5,REVERSE,0.55,0,0,0,0,heat_maze
137,2.74,70.0,16.629999999999786,1.5707963267948966,-0.5,0.0,0.0,36.49999999761561,0.048834404128572206,0.0,137,70.0,16.629999999999786,1.5707963267948966,-0.5,REVERSE,0.55,0,0,0,0,heat_maze
138,2.7600000000000002,70.0,16.619999999999784,1.5707963267948966,-0.5,0.0,0.0,36.4999999976351,0.049188379345961764,0.0,138,70.0,16.619999999999784,1.5707963267948966,-0.5,REVERSE,0.55,0,0,0,0,heat_maze
139,2.7800000000000002,70.0,16.609999999999783,1.5707963267948966,-0.5,0.0,0.0,36.499999997654434,0.049542318950914765,0.0,139,70.0,16.609999999999783,1.5707963267948966,-0.5,REVERSE,0.55,0,0,0,0,heat_maze
140,2.8000000000000003,70.0,16.59999999999978,1.5707963267948966,-0.5,0.0,0.0,36.49999999767362,0.04989622295055973,0.0,140,70.0,16.59999999999978,1.5707963267948966,-0.5,REVERSE,0.55,0,0,0,0,heat_maze
141,2.82,70.0,16.58999999999978,1.5707963267948966,-0.5,0.0,0.0,36.49999999769265,0.05025009135202252,0.0,141,70.0,16.58999999999978,1.5707963267948966,-0.5,REVERSE,0.55,0,0,0,0,heat_maze
142,2.84,70.0,16.579999999999778,1.5707963267948966,-0.5,0.0,0.0,36.49999999771152,0.05060392416242676,0.0,142,70.0,16.579999999999778,1.5707963267948966,-0.5,REVERSE,0.55,0,0,0,0,heat_maze
143,2.86,70.0,16.569999999999776,1.5707963267948966,-0.5,0.0,0.0,36.49999999773025,0.05095772138889387,0.0,143,70.0,16.569999999999776,1.5707963267948966,-0.5,REVERSE,0.55,0,0,0,0,heat_maze
144,2.88,70.0,16.559999999999775,1.5707963267948966,-0.5,0.0,0.0,36.49999999774882,0.05131148303854349,0.0,144,70.0,16.559999999999775,1.5707963267948966,-0.5,REVERSE,0.55,0,0,0,0,heat_maze
145,2.9,70.0,16.549999999999773,1.5707963267948966,-0.5,0.0,0.0,36.49999999776725,0.05166520911849304,0.0,145,70.0,16.549999999999773,1.5707963267948966,-0.5,REVERSE,0.55,0,0,0,0,heat_maze
146,2.92,70.0,16.53999999999977,1.5707963267948966,-0.5,0.0,0.0,36.49999999778553,0.05201889963585771,0.0,146,70.0,16.53999999999977,1.5707963267948966,-0.5,REVERSE,0.55,0,0,0,0,heat_maze
147,2.94,70.0,16.52999999999977,1.5707963267948966,-0.5,0.0,0.0,36.49999999780366,0.052372554597750476,0.0,147,70.0,16.52999999999977,1.5707963267948966,-0.5,REVERSE,0.55,0,0,0,0,heat_maze
148,2.96,70.0,16.51999999999977,1.5707963267948966,-0.5,0.0,0.0,36.49999999782165,0.052726174011282545,0.0,148,70.0,16.51999999999977,1.5707963267948966,-0.5,REVERSE,0.55,0,0,0,0,heat_maze
149,2.98,70.0,16.509999999999767,1.5707963267948966,-0.5,0.0,0.0,36.499999997839495,0.053079757883562895,0.0,149,70.0,16.509999999999767,1.5707963267948966,-0.5,REVERSE,0.55,0,0,0,0,heat_maze
150,3.0,70.0,16.499999999999766,1.5707963267948966,-0.5,0.0,0.0,36.499999997857195,0.05343330622169784,0.0,150,70.0,16.499999999999766,1.5707963267948966,-0.5,REVERSE,0.55,0,0,0,0,heat_maze
151,3.02,70.0,16.489999999999764,1.5707963267948966,-0.5,0.0,0.0,36.49999999787475,0.053786819032792366,0.0,151,70.0,16.489999999999764,1.5707963267948966,-0.5,REVERSE,0.55,0,0,0,0,heat_maze
152,3.04,70.0,16.479999999999762,1.5707963267948966,-0.5,0.0,0.0,36.499999997892175,0.05414029632394879,0.0,152,70.0,16.479999999999762,1.5707963267948966,-0.5,REVERSE,0.55,0,0,0,0,heat_maze
153,3.06,70.0,16.46999999999976,1.5707963267948966,-0.5,0.0,0.0,36.499999997909455,0.05449373810226765,0.0,153,70.0,16.46999999999976,1.5707963267948966,-0.5,REVERSE,0.55,0,0,0,0,heat_maze
154,3.08,70.0,16.45999999999976,1.5707963267948966,-0.5,0.0,0.0,36.499999997926594,0.05484714437484728,0.0,154,70.0,16.45999999999976,1.5707963267948966,-0.5,REVERSE,0.55,0,0,0,0,heat_maze
155,3.1,70.0,16.449999999999758,1.5707963267948966,-0.5,0.0,0.0,36.4999999979436,0.05520051514878377,0.0,155,70.0,16.449999999999758,1.5707963267948966,-0.5,REVERSE,0.55,0,0,0,0,heat_maze
156,3.12,70.0,16.439999999999756,1.5707963267948966,-0.5,0.0,0.0,36.499999997960465,0.055553850431171004,0.0,156,70.0,16.439999999999756,1.5707963267948966,-0.5,REVERSE,0.55,0,0,0,0,heat_maze
157,3.14,70.0,16.429999999999755,1.5707963267948966,-0.5,0.0,0.0,36.4999999979772,0.05590715022910109,0.0,157,70.0,16.429999999999755,1.5707963267948966,-0.5,REVERSE,0.55,0,0,0,0,heat_maze
158,3.16,70.0,16.419999999999753,1.5707963267948966,-0.5,0.0,0.0,36.4999999979938,0.056260414549663906,0.0,158,70.0,16.419999999999753,1.5707963267948966,-0.5,REVERSE,0.55,0,0,0,0,heat_maze
159,3.18,70.0,16.40999999999975,1.5707963267948966,-0.5,0.0,0.0,36.49999999801026,0.05661364339994712,0.0,159,70.0,16.40999999999975,1.5707963267948966,-0.5,REVERSE,0.55,0,0,0,0,heat_maze
160,3.2,70.0,16.39999999999975,1.5707963267948966,-0.5,0.0,0.0,36.49999999802659,0.05696683678703618,0.0,160,70.0,16.39999999999975,1.5707963267948966,-0.5,REVERSE,0.55,0,0,0,0,heat_maze
161,3.22,70.0,16.38999999999975,1.5707963267948966,-0.5,0.0,0.0,36.499999998042796,0.057319994718014744,0.0,161,70.0,16.38999999999975,1.5707963267948966,-0.5,REVERSE,0.55,0,0,0,0,heat_maze
162,3.24,70.0,16.379999999999747,1.5707963267948966,-0.5,0.0,0.0,36.49999999805887,0.05767311719996426,0.0,162,70.0,16.379999999999747,1.5707963267948966,-0.5,REVERSE,0.55,0,0,0,0,heat_maze
163,3.2600000000000002,70.0,16.369999999999745,1.5707963267948966,-0.5,0.0,0.0,36.499999998074806,0.05802620423996352,0.0,163,70.0,16.369999999999745,1.5707963267948966,-0.5,REVERSE,0.55,0,0,0,0,heat_maze
164,3.2800000000000002,70.0,16.359999999999744,1.5707963267948966,-0.5,0.0,0.0,36.49999999809062,0.05837925584508996,0.0,164,70.0,16.359999999999744,1.5707963267948966,-0.5,REVERSE,0.55,0,0,0,0,heat_maze
165,3.3000000000000003,70.0,16.349999999999742,1.5707963267948966,-0.5,0.0,0.0,36.49999999810631,0.05873227202241882,0.0,165,70.0,16.349999999999742,1.5707963267948966,-0.5,REVERSE,0.55,0,0,0,0,heat_maze
166,3.3200000000000003,70.0,16.33999999999974,1.5707963267948966,-0.5,0.0,0.0,36.49999999812187,0.05908525277902266,0.0,166,70.0,16.33999999999974,1.5707963267948966,-0.5,REVERSE,0.55,0,0,0,0,heat_maze
167,3.34,70.0,16.32999999999974,1.5707963267948966,-0.5,0.0,0.0,36.49999999813731,0.05943819812197271,0.0,167,70.0,16.32999999999974,1.5707963267948966,-0.5,REVERSE,0.55,0,0,0,0,heat_maze
168,3.36,70.0,16.319999999999737,1.5707963267948966,-0.5,0.0,0.0,36.499999998152624,0.05979110805833754,0.0,168,70.0,16.319999999999737,1.5707963267948966,-0.5,REVERSE,0.55,0,0,0,0,heat_maze
169,3.38,70.0,16.309999999999736,1.5707963267948966,-0.5,0.0,0.0,36.49999999816781,0.0601439825951835,0.0,169,70.0,16.309999999999736,1.5707963267948966,-0.5,REVERSE,0.55,0,0,0,0,heat_maze
170,3.4,70.0,16.299999999999734,1.5707963267948966,-0.5,0.0,0.0,36.49999999818288,0.0604968217395756,0.0,170,70.0,16.299999999999734,1.5707963267948966,-0.5,REVERSE,0.55,0,0,0,0,heat_maze
171,3.42,70.0,16.289999999999733,1.5707963267948966,-0.5,0.0,0.0,36.49999999819783,0.060849625498575755,0.0,171,70.0,16.289999999999733,1.5707963267948966,-0.5,REVERSE,0.55,0,0,0,0,heat_maze
172,3.44,70.0,16.27999999999973,1.5707963267948966,-0.5,0.0,0.0,36.49999999821265,0.06120239387924453,0.0,172,70.0,16.27999999999973,1.5707963267948966,-0.5,REVERSE,0.55,0,0,0,0,heat_maze
173,3.46,70.0,16.26999999999973,1.5707963267948966,-0.5,0.0,0.0,36.49999999822736,0.061555126888639844,0.0,173,70.0,16.26999999999973,1.5707963267948966,-0.5,REVERSE,0.55,0,0,0,0,heat_maze
174,3.48,70.0,16.259999999999728,1.5707963267948966,-0.5,0.0,0.0,36.49999999824195,0.06190782453381827,0.0,174,70.0,16.259999999999728,1.5707963267948966,-0.5,REVERSE,0.55,0,0,0,0,heat_maze
175,3.5,70.0,16.249999999999726,1.5707963267948966,-0.5,0.0,0.0,36.49999999825642,0.06226048682183327,0.0,175,70.0,16.249999999999726,1.5707963267948966,-0.5,REVERSE,0.55,0,0,0,0,heat_maze
176,3.52,70.0,16.239999999999725,1.5707963267948966,-0.5,0.0,0.0,36.49999999827077,0.062613113759737,0.0,176,70.0,16.239999999999725,1.5707963267948966,-0.5,REVERSE,0.55,0,0,0,0,heat_maze
177,3.54,70.0,16.229999999999723,1.5707963267948966,-0.5,0.0,0.0,36.49999999828501,0.06296570535457935,0.0,177,70.0,16.229999999999723,1.5707963267948966,-0.5,REVERSE,0.55,0,0,0,0,heat_maze
178,3.56,70.0,16.21999999999972,1.5707963267948966,-0.5,0.0,0.0,36.49999999829914,0.06331826161340803,0.0,178,70.0,16.21999999999972,1.5707963267948966,-0.5,REVERSE,0.55,0,0,0,0,heat_maze
179,3.58,70.0,16.20999999999972,1.5707963267948966,-0.5,0.0,0.0,36.49999999831315,0.06367078254326852,0.0,179,70.0,16.20999999999972,1.5707963267948966,-0.5,REVERSE,0.55,0,0,0,0,heat_maze
180,3.6,70.0,16.19999999999972,1.5707963267948966,-0.5,0.0,0.0,36.49999999832705,0.06402326815120452,0.0,180,70.0,16.19999999999972,1.5707963267948966,-0.5,REVERSE,0.55,0,0,0,0,heat_maze
181,3.62,70.0,16.189999999999717,1.5707963267948966,-0.5,0.0,0.0,36.49999999834083,0.06437571844425705,0.0,181,70.0,16.189999999999717,1.5707963267948966,-0.5,REVERSE,0.55,0,0,0,0,heat_maze
182,3.64,70.0,16.179999999999715,1.5707963267948966,-0.5,0.0,0.0,36.49999999835451,0.06472813342946582,0.0,182,70.0,16.179999999999715,1.5707963267948966,-0.5,REVERSE,0.55,0,0,0,0,heat_maze
183,3.66,70.0,16.169999999999714,1.5707963267948966,-0.5,0.0,0.0,36.499999998368075,0.06508051311386787,0.0,183,70.0,16.169999999999714,1.5707963267948966,-0.5,REVERSE,0.55,0,0,0,0,heat_maze
184,3.68,70.0,16.159999999999712,1.5707963267948966,-0.5,0.0,0.0,36.49999999838153,0.06543285750449845,0.0,184,70.0,16.159999999999712,1.5707963267948966,-0.5,REVERSE,0.55,0,0,0,0,heat_maze
185,3.7,70.0,16.14999999999971,1.5707963267948966,-0.5,0.0,0.0,36.499999998394884,0.06578516660839062,0.0,185,70.0,16.14999999999971,1.5707963267948966,-0.5,REVERSE,0.55,0,0,0,0,heat_maze
186,3.72,70.0,16.13999999999971,1.5707963267948966,-0.5,0.0,0.0,36.49999999840812,0.06613744043257519,0.0,186,70.0,16.13999999999971,1.5707963267948966,-0.5,REVERSE,0.55,0,0,0,0,heat_maze
187,3.74,70.0,16.129999999999708,1.5707963267948966,-0.5,0.0,0.0,36.49999999842125,0.0664896789840812,0.0,187,70.0,16.129999999999708,1.5707963267948966,-0.5,REVERSE,0.55,0,0,0,0,heat_maze
188,3.7600000000000002,70.0,16.119999999999706,1.5707963267948966,-0.5,0.0,0.0,36.499999998434284,0.06684188226993504,0.0,188,70.0,16.119999999999706,1.5707963267948966,-0.5,REVERSE,0.55,0,0,0,0,heat_maze
189,3.7800000000000002,70.0,16.109999999999705,1.5707963267948966,-0.5,0.0,0.0,36.4999999984472,0.06719405029716174,0.0,189,70.0,16.109999999999705,1.5707963267948966,-0.5,REVERSE,0.55,0,0,0,0,heat_maze
190,3.8000000000000003,70.0,16.099999999999703,1.5707963267948966,-0.5,0.0,0.0,36.49999999846002,0.06754618307278415,0.0,190,70.0,16.099999999999703,1.5707963267948966,-0.5,REVERSE,0.55,0,0,0,0,heat_maze
191,3.8200000000000003,70.0,16.0899999999997,1.5707963267948966,-0.5,0.0,0.0,36.49999999847274,0.06789828060382241,0.0,191,70.0,16.0899999999997,1.5707963267948966,-0.5,REVERSE,0.55,0,0,0,0,heat_maze
192,3.84,70.0,16.0799999999997,1.5707963267948966,-0.5,0.0,0.0,36.49999999848535,0.06825034289729492,0.0,192,70.0,16.0799999999997,1.5707963267948966,-0.5,REVERSE,0.55,0,0,0,0,heat_maze
193,3.86,70.0,16.0699999999997,1.5707963267948966,-0.5,0.0,0.0,36.499999998497856,0.06860236996021785,0.0,193,70.0,16.0699999999997,1.5707963267948966,-0.5,REVERSE,0.55,0,0,0,0,heat_maze
194,3.88,70.0,16.059999999999697,1.5707963267948966,-0.5,0.0,0.0,36.49999999851027,0.06895436179960601,0.0,194,70.0,16.059999999999697,1.5707963267948966,-0.5,REVERSE,0.55,0,0,0,0,heat_maze
195,3.9,70.0,16.049999999999695,1.5707963267948966,-0.5,0.0,0.0,36.499999998522576,0.06930631842247115,0.0,195,70.0,16.049999999999695,1.5707963267948966,-0.5,REVERSE,0.55,0,0,0,0,heat_maze
196,3.92,70.0,16.039999999999694,1.5707963267948966,-0.5,0.0,0.0,36.49999999853478,0.0696582398358232,0.0,196,70.0,16.039999999999694,1.5707963267948966,-0.5,REVERSE,0.55,0,0,0,0,heat_maze
197,3.94,70.0,16.029999999999692,1.5707963267948966,-0.5,0.0,0.0,36.4999999985469,0.07001012604667078,0.0,197,70.0,16.029999999999692,1.5707963267948966,-0.5,REVERSE,0.55,0,0,0,0,heat_maze
198,3.96,70.0,16.01999999999969,1.5707963267948966,-0.5,0.0,0.0,36.499999998558906,0.07036197706201941,0.0,198,70.0,16.01999999999969,1.5707963267948966,-0.5,REVERSE,0.55,0,0,0,0,heat_maze
199,3.98,70.0,16.00999999999969,1.5707963267948966,-0.5,0.0,0.0,36.49999999857082,0.0707137928888728,0.0,199,70.0,16.00999999999969,1.5707963267948966,-0.5,REVERSE,0.55,0,0,0,0,heat_maze
200,4.0,70.0,15.99999999999969,1.5707963267948966,-0.5,0.0,0.0,36.499999998582645,0.07106557353423293,0.0,200,70.0,15.99999999999969,1.5707963267948966,-0.5,REVERSE,0.55,0,0,0,0,heat_maze
