step,sim_time,pos_x,pos_y,heading,speed,reward,punishment,odor_a,odor_b,active_arm,time_step,fly_x,fly_y,fly_heading,fly_speed,state,satiety,food_collected,hazard_encounters,predator_kills,escapes,paradigm
1,0.02,70.0,18.002,1.5707963267948966,0.1,0.0,0.0,0.015254949981134983,0.015254949981134983,stem,1,70.0,18.002,1.5707963267948966,0.1,WANDER,0.55,0,0,0,0,t_maze
2,0.04,70.0,18.003999999999998,1.5707963267948966,0.1,0.0,0.0,0.015256967234931628,0.015256967234931628,stem,2,70.0,18.003999999999998,1.5707963267948966,0.1,WANDER,0.55,0,0,0,0,t_maze
3,0.06,70.0,18.005999999999997,1.5707963267948966,0.1,0.0,0.0,0.01525898462937455,0.01525898462937455,stem,3,70.0,18.005999999999997,1.5707963267948966,0.1,WANDER,0.55,0,0,0,0,t_maze
4,0.08,70.0,18.007999999999996,1.5707963267948966,0.1,0.0,0.0,0.015261002164449027,0.015261002164449027,stem,4,70.0,18.007999999999996,1.5707963267948966,0.1,WANDER,0.55,0,0,0,0,t_maze
5,0.1,70.0,18.009999999999994,1.5707963267948966,0.1,0.0,0.0,0.015263019840140302,0.015263019840140302,stem,5,70.0,18.009999999999994,1.5707963267948966,0.1,WANDER,0.55,0,0,0,0,t_maze
6,0.12,70.0,18.011999999999993,1.5707963267948966,0.1,0.0,0.0,0.015265037656433588,0.015265037656433588,stem,6,70.0,18.011999999999993,1.5707963267948966,0.1,WANDER,0.55,0,0,0,0,t_maze
7,0.14,70.0,18.013999999999992,1.5707963267948966,0.1,0.0,0.0,0.015267055613314118,0.015267055613314118,stem,7,70.0,18.013999999999992,1.5707963267948966,0.1,WANDER,0.55,0,0,0,0,t_maze
8,0.16,70.0,18.01599999999999,1.5707963267948966,0.1,0.0,0.0,0.01526907371076716,0.01526907371076716,stem,8,70.0,18.01599999999999,1.5707963267948966,0.1,WANDER,0.55,0,0,0,0,t_maze
9,0.18,70.0,18.01799999999999,1.5707963267948966,0.1,0.0,0.0,0.015271091948777881,0.015271091948777881,stem,9,70.0,18.01799999999999,1.5707963267948966,0.1,WANDER,0.55,0,0,0,0,t_maze
10,0.2,70.0,18.01999999999999,1.5707963267948966,0.1,0.0,0.0,0.015273110327331543,0.015273110327331543,stem,10,70.0,18.01999999999999,1.5707963267948966,0.1,WANDER,0.55,0,0,0,0,t_maze
11,0.22,70.0,18.021999999999988,1.5707963267948966,0.1,0.0,0.0,0.015275128846413369,0.015275128846413369,stem,11,70.0,18.021999999999988,1.5707963267948966,0.1,WANDER,0.55,0,0,0,0,t_maze
12,0.24,70.0,18.023999999999987,1.5707963267948966,0.1,0.0,0.0,0.015277147506008509,0.015277147506008509,stem,12,70.0,18.023999999999987,1.5707963267948966,0.1,WANDER,0.55,0,0,0,0,t_maze
13,0.26,70.0,18.025999999999986,1.5707963267948966,0.1,0.0,0.0,0.015279166306102208,0.015279166306102208,stem,13,70.0,18.025999999999986,1.5707963267948966,0.1,WANDER,0.55,0,0,0,0,t_maze
14,0.28,70.0,18.027999999999984,1.5707963267948966,0.1,0.0,0.0,0.015281185246679633,0.015281185246679633,stem,14,70.0,18.027999999999984,1.5707963267948966,0.1,WANDER,0.55,0,0,0,0,t_maze
15,0.3,70.0,18.029999999999983,1.5707963267948966,0.1,0.0,0.0,0.015283204327725999,0.015283204327725999,stem,15,70.0,18.029999999999983,1.5707963267948966,0.1,WANDER,0.55,0,0,0,0,t_maze
16,0.32,70.0,18.031999999999982,1.5707963267948966,0.1,0.0,0.0,0.015285223549226495,0.015285223549226495,stem,16,70.0,18.031999999999982,1.5707963267948966,0.1,WANDER,0.55,0,0,0,0,t_maze
17,0.34,70.0,18.03399999999998,1.5707963267948966,0.1,0.0,0.0,0.015287242911166255,0.015287242911166255,stem,17,70.0,18.03399999999998,1.5707963267948966,0.1,WANDER,0.55,0,0,0,0,t_maze
18,0.36,70.0,18.03599999999998,1.5707963267948966,0.1,0.0,0.0,0.01528926241353048,0.01528926241353048,stem,18,70.0,18.03599999999998,1.5707963267948966,0.1,WANDER,0.55,0,0,0,0,t_maze
19,0.38,70.0,18.03799999999998,1.5707963267948966,0.1,0.0,0.0,0.015291282056304369,0.015291282056304369,stem,19,70.0,18.03799999999998,1.5707963267948966,0.1,WANDER,0.55,0,0,0,0,t_maze
20,0.4,70.0,18.039999999999978,1.5707963267948966,0.1,0.0,0.0,0.015293301839473054,0.015293301839473054,stem,20,70.0,18.039999999999978,1.5707963267948966,0.1,WANDER,0.55,0,0,0,0,t_maze
21,0.42,70.0,18.041999999999977,1.5707963267948966,0.1,0.0,0.0,0.015295321763021681,0.015295321763021681,stem,21,70.0,18.041999999999977,1.5707963267948966,0.1,WANDER,0.55,0,0,0,0,t_maze
22,0.44,70.0,18.043999999999976,1.5707963267948966,0.1,0.0,0.0,0.015297341826935415,0.015297341826935415,stem,22,70.0,18.043999999999976,1.5707963267948966,0.1,WANDER,0.55,0,0,0,0,t_maze
23,0.46,70.0,18.045999999999975,1.5707963267948966,0.1,0.0,0.0,0.015299362031199415,0.015299362031199415,stem,23,70.0,18.045999999999975,1.5707963267948966,0.1,WANDER,0.55,0,0,0,0,t_maze
24,0.48,70.0,18.047999999999973,1.5707963267948966,0.1,0.0,0.0,0.015301382375798795,0.015301382375798795,stem,24,70.0,18.047999999999973,1.5707963267948966,0.1,WANDER,0.55,0,0,0,0,t_maze
25,0.5,70.0,18.049999999999972,1.5707963267948966,0.1,0.0,0.0,0.01530340286071872,0.01530340286071872,stem,25,70.0,18.049999999999972,1.5707963267948966,0.1,WANDER,0.55,0,0,0,0,t_maze
26,0.52,70.0,18.052008417789764,1.5707963267948966,0.10042088948955014,0.0,0.0,0.015305423485944302,0.015305423485944302,stem,26,70.0,18.052008417789764,1.5707963267948966,0.10042088948955014,WANDER,0.55,0,0,0,0,t_maze
27,0.54,70.0,18.054116915448617,1.5707963267948966,0.1054248829425565,0.0,0.0,0.015307452756946796,0.015307452756946796,stem,27,70.0,18.054116915448617,1.5707963267948966,0.1054248829425565,WANDER,0.55,0,0,0,0,t_maze
28,0.56,70.0,18.05629698469891,1.5707963267948966,0.10900346251464704,0.0,0.0,0.015309583299146107,0.015309583299146107,stem,28,70.0,18.05629698469891,1.5707963267948966,0.10900346251464704,WANDER,0.55,0,0,0,0,t_maze
29,0.58,70.0,18.05850645360988,1.5707963267948966,0.11047344554841908,0.0,0.0,0.015311786325142374,0.015311786325142374,stem,29,70.0,18.05850645360988,1.5707963267948966,0.11047344554841908,WANDER,0.55,0,0,0,0,t_maze
30,0.6,70.0,18.060693599036675,1.5707963267948966,0.1093572713398104,0.0,0.0,0.015314019230406286,0.015314019230406286,stem,30,70.0,18.060693599036675,1.5707963267948966,0.1093572713398104,WANDER,0.55,0,0,0,0,t_maze
31,0.62,70.0,18.062802102043783,1.5707963267948966,0.10542515035545391,0.0,0.0,0.015316229743949689,0.015316229743949689,stem,31,70.0,18.062802102043783,1.5707963267948966,0.10542515035545391,WANDER,0.55,0,0,0,0,t_maze
32,0.64,70.0,18.064855042824885,1.5707963267948966,0.1026470390550514,0.0,0.0,0.015318360933577826,0.015318360933577826,stem,32,70.0,18.064855042824885,1.5707963267948966,0.1026470390550514,WANDER,0.55,0,0,0,0,t_maze
33,0.66,70.0,18.06691049048744,1.5707963267948966,0.10277238312781133,0.0,0.0,0.015320436112868178,0.015320436112868178,stem,33,70.0,18.06691049048744,1.5707963267948966,0.10277238312781133,WANDER,0.55,0,0,0,0,t_maze
34,0.68,70.0,18.06901538057161,1.5707963267948966,0.10524450420849163,0.0,0.0,0.01532251397416604,0.01532251397416604,stem,34,70.0,18.06901538057161,1.5707963267948966,0.10524450420849163,WANDER,0.55,0,0,0,0,t_maze
35,0.7000000000000001,70.0,18.07120179141357,1.5707963267948966,0.10932054209806402,0.0,0.0,0.015324641970459234,0.015324641970459234,stem,35,70.0,18.07120179141357,1.5707963267948966,0.10932054209806402,WANDER,0.55,0,0,0,0,t_maze
36,0.72,70.0,18.073484532503088,1.5707963267948966,0.114137054475821,0.0,0.0,0.015326852546764956,0.015326852546764956,stem,36,70.0,18.073484532503088,1.5707963267948966,0.114137054475821,WANDER,0.55,0,0,0,0,t_maze
37,0.74,70.0,18.07586026237974,1.5707963267948966,0.1187864938326362,0.0,0.0,0.015329160696717766,0.015329160696717766,stem,37,70.0,18.07586026237974,1.5707963267948966,0.1187864938326362,WANDER,0.55,0,0,0,0,t_maze
38,0.76,70.0,18.078308216224524,1.5707963267948966,0.12239769223908242,0.0,0.0,0.015331563064339523,0.015331563064339523,stem,38,70.0,18.078308216224524,1.5707963267948966,0.12239769223908242,WANDER,0.55,0,0,0,0,t_maze
39,0.78,70.0,18.08079247872021,1.5707963267948966,0.12421312478428326,0.0,0.0,0.015334038672523849,0.015334038672523849,stem,39,70.0,18.08079247872021,1.5707963267948966,0.12421312478428326,WANDER,0.55,0,0,0,0,t_maze
40,0.8,70.0,18.083265598957663,1.5707963267948966,0.12365601187268878,0.0,0.0,0.015336551214082962,0.015336551214082962,stem,40,70.0,18.083265598957663,1.5707963267948966,0.12365601187268878,WANDER,0.55,0,0,0,0,t_maze
41,0.8200000000000001,70.0,18.085673223618958,1.5707963267948966,0.12038123306468687,0.0,0.0,0.015339052701195559,0.015339052701195559,stem,41,70.0,18.085673223618958,1.5707963267948966,0.12038123306468687,WANDER,0.55,0,0,0,0,t_maze
42,0.84,70.0,18.087985677144896,1.5707963267948966,0.11562267629693412,0.0,0.0,0.015341488147198136,0.015341488147198136,stem,42,70.0,18.087985677144896,1.5707963267948966,0.11562267629693412,WANDER,0.55,0,0,0,0,t_maze
43,0.86,70.0,18.09026502628468,1.5707963267948966,0.1139674569891342,0.0,0.0,0.015343827513359555,0.015343827513359555,stem,43,70.0,18.09026502628468,1.5707963267948966,0.1139674569891342,WANDER,0.55,0,0,0,0,t_maze
44,0.88,70.0,18.092564173377287,1.5707963267948966,0.11495735463031481,0.0,0.0,0.01534613357303185,0.01534613357303185,stem,44,70.0,18.092564173377287,1.5707963267948966,0.11495735463031481,WANDER,0.55,0,0,0,0,t_maze
45,0.9,70.0,18.09492265221666,1.5707963267948966,0.11792394196861614,0.0,0.0,0.015348459846862218,0.015348459846862218,stem,45,70.0,18.09492265221666,1.5707963267948966,0.11792394196861614,WANDER,0.55,0,0,0,0,t_maze
46,0.92,70.0,18.09736359975114,1.5707963267948966,0.12204737672401511,0.0,0.0,0.015350846344670004,0.015350846344670004,stem,46,70.0,18.09736359975114,1.5707963267948966,0.12204737672401511,WANDER,0.55,0,0,0,0,t_maze
47,0.9400000000000001,70.0,18.09989217664557,1.5707963267948966,0.12642884472154078,0.0,0.0,0.015353316495858593,0.015353316495858593,stem,47,70.0,18.09989217664557,1.5707963267948966,0.12642884472154078,WANDER,0.55,0,0,0,0,t_maze
48,0.96,70.0,18.102495579585906,1.5707963267948966,0.130170147016787,0.0,0.0,0.015355875544612993,0.015355875544612993,stem,48,70.0,18.102495579585906,1.5707963267948966,0.130170147016787,WANDER,0.55,0,0,0,0,t_maze
49,0.98,70.0,18.10514464523014,1.5707963267948966,0.13245328221173489,0.0,0.0,0.015358510554814714,0.015358510554814714,stem,49,70.0,18.10514464523014,1.5707963267948966,0.13245328221173489,WANDER,0.55,0,0,0,0,t_maze
50,1.0,70.0,18.107796902744095,1.5707963267948966,0.13261287569771993,0.0,0.0,0.015361192025420184,0.015361192025420184,stem,50,70.0,18.107796902744095,1.5707963267948966,0.13261287569771993,WANDER,0.55,0,0,0,0,t_maze
51,1.02,70.0,18.11040080174341,1.5707963267948966,0.1301949499656576,0.0,0.0,0.015363876972784966,0.015363876972784966,stem,51,70.0,18.11040080174341,1.5707963267948966,0.1301949499656576,WANDER,0.55,0,0,0,0,t_maze
52,1.04,70.0,18.112900736877567,1.5707963267948966,0.12499675670780629,0.0,0.0,0.015366513204874241,0.015366513204874241,stem,52,70.0,18.112900736877567,1.5707963267948966,0.12499675670780629,WANDER,0.55,0,0,0,0,t_maze
53,1.06,70.0,18.115333931142583,1.5707963267948966,0.12165971325088959,0.0,0.0,0.01536904440519059,0.01536904440519059,stem,53,70.0,18.115333931142583,1.5707963267948966,0.12165971325088959,WANDER,0.55,0,0,0,0,t_maze
54,1.08,70.0,18.117758247057974,1.5707963267948966,0.1212157957695753,0.0,0.0,0.015371508239737467,0.015371508239737467,stem,54,70.0,18.117758247057974,1.5707963267948966,0.1212157957695753,WANDER,0.55,0,0,0,0,t_maze
55,1.1,70.0,18.120219908697685,1.5707963267948966,0.12308308198546487,0.0,0.0,0.015373963289923886,0.015373963289923886,stem,55,70.0,18.120219908697685,1.5707963267948966,0.12308308198546487,WANDER,0.55,0,0,0,0,t_maze
56,1.12,70.0,18.122749910662655,1.5707963267948966,0.12650009824854488,0.0,0.0,0.015376456369443075,0.015376456369443075,stem,56,70.0,18.122749910662655,1.5707963267948966,0.12650009824854488,WANDER,0.55,0,0,0,0,t_maze
57,1.1400000000000001,70.0,18.125361769382486,1.5707963267948966,0.1305929359915646,0.0,0.0,0.015379018882141476,0.015379018882141476,stem,57,70.0,18.125361769382486,1.5707963267948966,0.1305929359915646,WANDER,0.55,0,0,0,0,t_maze
58,1.16,70.0,18.128050819798403,1.5707963267948966,0.13445252079593317,0.0,0.0,0.015381664538055742,0.015381664538055742,stem,58,70.0,18.128050819798403,1.5707963267948966,0.13445252079593317,WANDER,0.55,0,0,0,0,t_maze
59,1.18,70.0,18.130795121663226,1.5707963267948966,0.13721509324116593,0.0,0.0,0.015384388633483228,0.015384388633483228,stem,59,70.0,18.130795121663226,1.5707963267948966,0.13721509324116593,WANDER,0.55,0,0,0,0,t_maze
60,1.2,70.0,18.133557895111757,1.5707963267948966,0.1381386724265947,0.0,0.0,0.01538716896081344,0.01538716896081344,stem,60,70.0,18.133557895111757,1.5707963267948966,0.1381386724265947,WANDER,0.55,0,0,0,0,t_maze
61,1.22,70.0,18.136291267789648,1.5707963267948966,0.136668633894506,0.0,0.0,0.015389968267871087,0.015389968267871087,stem,61,70.0,18.136291267789648,1.5707963267948966,0.136668633894506,WANDER,0.55,0,0,0,0,t_maze
62,1.24,70.0,18.13894099801459,1.5707963267948966,0.13248651124710067,0.0,0.0,0.015392738047648992,0.015392738047648992,stem,62,70.0,18.13894099801459,1.5707963267948966,0.13248651124710067,WANDER,0.55,0,0,0,0,t_maze
63,1.26,70.0,18.141491229999094,1.5707963267948966,0.1275115992251165,0.0,0.0,0.015395423319881313,0.015395423319881313,stem,63,70.0,18.141491229999094,1.5707963267948966,0.1275115992251165,WANDER,0.55,0,0,0,0,t_maze
64,1.28,70.0,18.144003767606975,1.5707963267948966,0.12562688039405667,0.0,0.0,0.01539800799070531,0.01539800799070531,stem,64,70.0,18.144003767606975,1.5707963267948966,0.12562688039405667,WANDER,0.55,0,0,0,0,t_maze
65,1.3,70.0,18.146530713478327,1.5707963267948966,0.1263472935676991,0.0,0.0,0.015400554680098573,0.015400554680098573,stem,65,70.0,18.146530713478327,1.5707963267948966,0.1263472935676991,WANDER,0.55,0,0,0,0,t_maze
66,1.32,70.0,18.149110379406125,1.5707963267948966,0.12898329638984127,0.0,0.0,0.015403116195794191,0.015403116195794191,stem,66,70.0,18.149110379406125,1.5707963267948966,0.12898329638984127,WANDER,0.55,0,0,0,0,t_maze
67,1.34,70.0,18.151764408545493,1.5707963267948966,0.13270145696837662,0.0,0.0,0.015405731382601108,0.015405731382601108,stem,67,70.0,18.151764408545493,1.5707963267948966,0.13270145696837662,WANDER,0.55,0,0,0,0,t_maze
68,1.36,70.0,18.15449636905572,1.5707963267948966,0.13659802551150688,0.0,0.0,0.015408422198863172,0.015408422198863172,stem,68,70.0,18.15449636905572,1.5707963267948966,0.13659802551150688,WANDER,0.55,0,0,0,0,t_maze
69,1.3800000000000001,70.0,18.157291946595937,1.5707963267948966,0.13977887701082578,0.0,0.0,0.015411192283321351,0.015411192283321351,stem,69,70.0,18.157291946595937,1.5707963267948966,0.13977887701082578,WANDER,0.55,0,0,0,0,t_maze
70,1.4000000000000001,70.0,18.16012071947707,1.5707963267948966,0.1414386440566314,0.0,0.0,0.015414027142039188,0.015414027142039188,stem,70,70.0,18.16012071947707,1.5707963267948966,0.1414386440566314,WANDER,0.55,0,0,0,0,t_maze
71,1.42,70.0,18.162939358111213,1.5707963267948966,0.140931931707182,0.0,0.0,0.015416895939932219,0.015416895939932219,stem,71,70.0,18.162939358111213,1.5707963267948966,0.140931931707182,WANDER,0.55,0,0,0,0,t_maze
72,1.44,70.0,18.165695962459726,1.5707963267948966,0.1378302174257002,0.0,0.0,0.015419754737683698,0.015419754737683698,stem,72,70.0,18.165695962459726,1.5707963267948966,0.1378302174257002,WANDER,0.55,0,0,0,0,t_maze
73,1.46,70.0,18.168335148951634,1.5707963267948966,0.13195932459536633,0.0,0.0,0.015422550885184835,0.015422550885184835,stem,73,70.0,18.168335148951634,1.5707963267948966,0.13195932459536633,WANDER,0.55,0,0,0,0,t_maze
74,1.48,70.0,18.170907713099297,1.5707963267948966,0.12862820738312764,0.0,0.0,0.015425228178663151,0.015425228178663151,stem,74,70.0,18.170907713099297,1.5707963267948966,0.12862820738312764,WANDER,0.55,0,0,0,0,t_maze
75,1.5,70.0,18.173470741355572,1.5707963267948966,0.12815141281375725,0.0,0.0,0.0154278381214716,0.0154278381214716,stem,75,70.0,18.173470741355572,1.5707963267948966,0.12815141281375725,WANDER,0.55,0,0,0,0,t_maze
76,1.52,70.0,18.17606921253946,1.5707963267948966,0.12992355919428242,0.0,0.0,0.015430438619163675,0.015430438619163675,stem,76,70.0,18.17606921253946,1.5707963267948966,0.12992355919428242,WANDER,0.55,0,0,0,0,t_maze
77,1.54,70.0,18.178732542395174,1.5707963267948966,0.13316649278564827,0.0,0.0,0.015433075311570982,0.015433075311570982,stem,77,70.0,18.178732542395174,1.5707963267948966,0.13316649278564827,WANDER,0.55,0,0,0,0,t_maze
78,1.56,70.0,18.181472499366,1.5707963267948966,0.13699784854121136,0.0,0.0,0.015435778060754834,0.015435778060754834,stem,78,70.0,18.181472499366,1.5707963267948966,0.13699784854121136,WANDER,0.55,0,0,0,0,t_maze
79,1.58,70.0,18.184282679914695,1.5707963267948966,0.1405090274348558,0.0,0.0,0.015438558829022187,0.015438558829022187,stem,79,70.0,18.184282679914695,1.5707963267948966,0.1405090274348558,WANDER,0.55,0,0,0,0,t_maze
80,1.6,70.0,18.187139591631595,1.5707963267948966,0.14284558584494525,0.0,0.0,0.015441411138420714,0.015441411138420714,stem,80,70.0,18.187139591631595,1.5707963267948966,0.14284558584494525,WANDER,0.55,0,0,0,0,t_maze
81,1.62,70.0,18.190005247951444,1.5707963267948966,0.14328281599242446,0.0,0.0,0.015444311161431657,0.015444311161431657,stem,81,70.0,18.190005247951444,1.5707963267948966,0.14328281599242446,WANDER,0.55,0,0,0,0,t_maze
82,1.6400000000000001,70.0,18.19283104251862,1.5707963267948966,0.14128972835883588,0.0,0.0,0.015447220346462641,0.015447220346462641,stem,82,70.0,18.19283104251862,1.5707963267948966,0.14128972835883588,WANDER,0.55,0,0,0,0,t_maze
83,1.6600000000000001,70.0,18.195562556289595,1.5707963267948966,0.1365756885486835,0.0,0.0,0.015450089344163784,0.015450089344163784,stem,83,70.0,18.195562556289595,1.5707963267948966,0.1365756885486835,WANDER,0.55,0,0,0,0,t_maze
84,1.68,70.0,18.198197437218415,1.5707963267948966,0.13174404644094934,0.0,0.0,0.015452862883781657,0.015452862883781657,stem,84,70.0,18.198197437218415,1.5707963267948966,0.13174404644094934,WANDER,0.55,0,0,0,0,t_maze
85,1.7,70.0,18.200796838766507,1.5707963267948966,0.12997007740458857,0.0,0.0,0.015455538549829445,0.015455538549829445,stem,85,70.0,18.200796838766507,1.5707963267948966,0.12997007740458857,WANDER,0.55,0,0,0,0,t_maze
86,1.72,70.0,18.20341170150439,1.5707963267948966,0.1307431368941273,0.0,0.0,0.015458178424013213,0.015458178424013213,stem,86,70.0,18.20341170150439,1.5707963267948966,0.1307431368941273,WANDER,0.55,0,0,0,0,t_maze
87,1.74,70.0,18.206078781909692,1.5707963267948966,0.1333540202651258,0.0,0.0,0.015460834237279725,0.015460834237279725,stem,87,70.0,18.206078781909692,1.5707963267948966,0.1333540202651258,WANDER,0.55,0,0,0,0,t_maze
88,1.76,70.0,18.208817927675497,1.5707963267948966,0.1369572882902058,0.0,0.0,0.015463543330980727,0.015463543330980727,stem,88,70.0,18.208817927675497,1.5707963267948966,0.1369572882902058,WANDER,0.55,0,0,0,0,t_maze
89,1.78,70.0,18.211630845410205,1.5707963267948966,0.14064588673545023,0.0,0.0,0.015466325882760555,0.015466325882760555,stem,89,70.0,18.211630845410205,1.5707963267948966,0.14064588673545023,WANDER,0.55,0,0,0,0,t_maze
90,1.8,70.0,18.21450147254779,1.5707963267948966,0.14353135687931523,0.0,0.0,0.015469183647074152,0.015469183647074152,stem,90,70.0,18.21450147254779,1.5707963267948966,0.14353135687931523,WANDER,0.55,0,0,0,0,t_maze
91,1.82,70.0,18.217397921186755,1.5707963267948966,0.14482243194818886,0.0,0.0,0.015472100324479094,0.015472100324479094,stem,91,70.0,18.217397921186755,1.5707963267948966,0.14482243194818886,WANDER,0.55,0,0,0,0,t_maze
92,1.84,70.0,18.220275820376663,1.5707963267948966,0.14389495949536793,0.0,0.0,0.015475043527944985,0.015475043527944985,stem,92,70.0,18.220275820376663,1.5707963267948966,0.14389495949536793,WANDER,0.55,0,0,0,0,t_maze
93,1.86,70.0,18.223082757751442,1.5707963267948966,0.14034686873893562,0.0,0.0,0.015477968171326968,0.015477968171326968,stem,93,70.0,18.223082757751442,1.5707963267948966,0.14034686873893562,WANDER,0.55,0,0,0,0,t_maze
94,1.8800000000000001,70.0,18.225763422648456,1.5707963267948966,0.13403324485074064,0.0,0.0,0.015480820977560194,0.015480820977560194,stem,94,70.0,18.225763422648456,1.5707963267948966,0.13403324485074064,WANDER,0.55,0,0,0,0,t_maze
95,1.9000000000000001,70.0,18.2283819254305,1.5707963267948966,0.13092513910218537,0.0,0.0,0.015483545703428409,0.015483545703428409,stem,95,70.0,18.2283819254305,1.5707963267948966,0.13092513910218537,WANDER,0.55,0,0,0,0,t_maze
96,1.92,70.0,18.230994320859434,1.5707963267948966,0.13061977144671214,0.0,0.0,0.015486207486477197,0.015486207486477197,stem,96,70.0,18.230994320859434,1.5707963267948966,0.13061977144671214,WANDER,0.55,0,0,0,0,t_maze
97,1.94,70.0,18.23364410900301,1.5707963267948966,0.1324894071788307,0.0,0.0,0.015488863298560232,0.015488863298560232,stem,97,70.0,18.23364410900301,1.5707963267948966,0.1324894071788307,WANDER,0.55,0,0,0,0,t_maze
98,1.96,70.0,18.236358918840505,1.5707963267948966,0.13574049187478696,0.0,0.0,0.015491557366940667,0.015491557366940667,stem,98,70.0,18.236358918840505,1.5707963267948966,0.13574049187478696,WANDER,0.55,0,0,0,0,t_maze
99,1.98,70.0,18.23914859045895,1.5707963267948966,0.1394835809222088,0.0,0.0,0.015494317796451232,0.015494317796451232,stem,99,70.0,18.23914859045895,1.5707963267948966,0.1394835809222088,WANDER,0.55,0,0,0,0,t_maze
100,2.0,70.0,18.242004829240734,1.5707963267948966,0.14281193908922218,0.0,0.0,0.015497154612296383,0.015497154612296383,stem,100,70.0,18.242004829240734,1.5707963267948966,0.14281193908922218,WANDER,0.55,0,0,0,0,t_maze
101,2.02,70.0,18.24490246423468,1.5707963267948966,0.1448817496973644,0.0,0.0,0.01550005940016728,0.01550005940016728,stem,101,70.0,18.24490246423468,1.5707963267948966,0.1448817496973644,WANDER,0.55,0,0,0,0,t_maze
102,2.04,70.0,18.247802198805704,1.5707963267948966,0.14498672855117603,0.0,0.0,0.01550300657723259,0.01550300657723259,stem,102,70.0,18.247802198805704,1.5707963267948966,0.14498672855117603,WANDER,0.55,0,0,0,0,t_maze
103,2.06,70.0,18.250654607611917,1.5707963267948966,0.14262044031061966,0.0,0.0,0.015505956181471822,0.015505956181471822,stem,103,70.0,18.250654607611917,1.5707963267948966,0.14262044031061966,WANDER,0.55,0,0,0,0,t_maze
104,2.08,70.0,18.253405021998844,1.5707963267948966,0.13752071934636106,0.0,0.0,0.015508857930691932,0.015508857930691932,stem,104,70.0,18.253405021998844,1.5707963267948966,0.13752071934636106,WANDER,0.55,0,0,0,0,t_maze
105,2.1,70.0,18.2560644693953,1.5707963267948966,0.13297236982292313,0.0,0.0,0.015511656188522108,0.015511656188522108,stem,105,70.0,18.2560644693953,1.5707963267948966,0.13297236982292313,WANDER,0.55,0,0,0,0,t_maze
106,2.12,70.0,18.258693263566407,1.5707963267948966,0.13143970855518755,0.0,0.0,0.015514362146519715,0.015514362146519715,stem,106,70.0,18.258693263566407,1.5707963267948966,0.13143970855518755,WANDER,0.55,0,0,0,0,t_maze
107,2.14,70.0,18.26134101054799,1.5707963267948966,0.1323873490791308,0.0,0.0,0.015517037156274274,0.015517037156274274,stem,107,70.0,18.26134101054799,1.5707963267948966,0.1323873490791308,WANDER,0.55,0,0,0,0,t_maze
108,2.16,70.0,18.264042760044077,1.5707963267948966,0.1350874748043018,0.0,0.0,0.015519731694275962,0.015519731694275962,stem,108,70.0,18.264042760044077,1.5707963267948966,0.1350874748043018,WANDER,0.55,0,0,0,0,t_maze
109,2.18,70.0,18.2668164366349,1.5707963267948966,0.13868382954122227,0.0,0.0,0.015522481439682599,0.015522481439682599,stem,109,70.0,18.2668164366349,1.5707963267948966,0.13868382954122227,WANDER,0.55,0,0,0,0,t_maze
110,2.2,70.0,18.26966178268347,1.5707963267948966,0.14226730242853255,0.0,0.0,0.015525304653194247,0.015525304653194247,stem,110,70.0,18.26966178268347,1.5707963267948966,0.14226730242853255,WANDER,0.55,0,0,0,0,t_maze
111,2.22,70.0,18.27256090903241,1.5707963267948966,0.14495631744696566,0.0,0.0,0.015528201093240249,0.015528201093240249,stem,111,70.0,18.27256090903241,1.5707963267948966,0.14495631744696566,WANDER,0.55,0,0,0,0,t_maze
112,2.24,70.0,18.275480405160604,1.5707963267948966,0.1459748064096103,0.0,0.0,0.01553115256790078,0.01553115256790078,stem,112,70.0,18.275480405160604,1.5707963267948966,0.1459748064096103,WANDER,0.55,0,0,0,0,t_maze
113,2.2600000000000002,70.0,18.278374820389107,1.5707963267948966,0.1447207614252211,0.0,0.0,0.015534125074459488,0.015534125074459488,stem,113,70.0,18.278374820389107,1.5707963267948966,0.1447207614252211,WANDER,0.55,0,0,0,0,t_maze
114,2.2800000000000002,70.0,18.281191204566085,1.5707963267948966,0.14081920884892923,0.0,0.0,0.01553707233621325,0.01553707233621325,stem,114,70.0,18.281191204566085,1.5707963267948966,0.14081920884892923,WANDER,0.55,0,0,0,0,t_maze
115,2.3000000000000003,70.0,18.2838874014302,1.5707963267948966,0.13480984320570147,0.0,0.0,0.015539940420781249,0.015539940420781249,stem,115,70.0,18.2838874014302,1.5707963267948966,0.13480984320570147,WANDER,0.55,0,0,0,0,t_maze
116,2.32,70.0,18.286526998872635,1.5707963267948966,0.13197987212178772,0.0,0.0,0.015542686369137235,0.015542686369137235,stem,116,70.0,18.286526998872635,1.5707963267948966,0.13197987212178772,WANDER,0.55,0,0,0,0,t_maze
117,2.34,70.0,18.28916491103134,1.5707963267948966,0.13189560793526373,0.0,0.0,0.01554537491753193,0.01554537491753193,stem,117,70.0,18.28916491103134,1.5707963267948966,0.13189560793526373,WANDER,0.55,0,0,0,0,t_maze
118,2.36,70.0,18.29184306636651,1.5707963267948966,0.1339077667585246,0.0,0.0,0.015548061990395413,0.015548061990395413,stem,118,70.0,18.29184306636651,1.5707963267948966,0.1339077667585246,WANDER,0.55,0,0,0,0,t_maze
119,2.38,70.0,18.29458723391267,1.5707963267948966,0.13720837730795038,0.0,0.0,0.015550790302849591,0.015550790302849591,stem,119,70.0,18.29458723391267,1.5707963267948966,0.13720837730795038,WANDER,0.55,0,0,0,0,t_maze
120,2.4,70.0,18.297405273943546,1.5707963267948966,0.14090200154395474,0.0,0.0,0.015553586121322873,0.015553586121322873,stem,120,70.0,18.297405273943546,1.5707963267948966,0.14090200154395474,WANDER,0.55,0,0,0,0,t_maze
121,2.42,70.0,18.300286971326216,1.5707963267948966,0.1440848691334977,0.0,0.0,0.01555645747394301,0.01555645747394301,stem,121,70.0,18.300286971326216,1.5707963267948966,0.1440848691334977,WANDER,0.55,0,0,0,0,t_maze
122,2.44,70.0,18.303205467671464,1.5707963267948966,0.1459248172623602,0.0,0.0,0.015559393972373674,0.015559393972373674,stem,122,70.0,18.303205467671464,1.5707963267948966,0.1459248172623602,WANDER,0.55,0,0,0,0,t_maze
123,2.46,70.0,18.30612016477407,1.5707963267948966,0.1457348551303206,0.0,0.0,0.01556236826239267,0.01556236826239267,stem,123,70.0,18.30612016477407,1.5707963267948966,0.1457348551303206,WANDER,0.55,0,0,0,0,t_maze
124,2.48,70.0,18.308980839674906,1.5707963267948966,0.143033745041679,0.0,0.0,0.015565338974594752,0.015565338974594752,stem,124,70.0,18.308980839674906,1.5707963267948966,0.143033745041679,WANDER,0.55,0,0,0,0,t_maze
125,2.5,70.0,18.311732602833757,1.5707963267948966,0.13758815794255863,0.0,0.0,0.015568254912087357,0.015568254912087357,stem,125,70.0,18.311732602833757,1.5707963267948966,0.13758815794255863,WANDER,0.55,0,0,0,0,t_maze
126,2.52,70.0,18.314399818149937,1.5707963267948966,0.13336076580900372,0.0,0.0,0.015571060100904295,0.015571060100904295,stem,126,70.0,18.314399818149937,1.5707963267948966,0.13336076580900372,WANDER,0.55,0,0,0,0,t_maze
127,2.54,70.0,18.31704186317172,1.5707963267948966,0.13210225108916582,0.0,0.0,0.015573779350238164,0.015573779350238164,stem,127,70.0,18.31704186317172,1.5707963267948966,0.13210225108916582,WANDER,0.55,0,0,0,0,t_maze
128,2.56,70.0,18.31970692612702,1.5707963267948966,0.13325314776483807,0.0,0.0,0.015576473180692363,0.015576473180692363,stem,128,70.0,18.31970692612702,1.5707963267948966,0.13325314776483807,WANDER,0.55,0,0,0,0,t_maze
129,2.58,70.0,18.32242828414774,1.5707963267948966,0.13606790103604496,0.0,0.0,0.015579190724675375,0.015579190724675375,stem,129,70.0,18.32242828414774,1.5707963267948966,0.13606790103604496,WANDER,0.55,0,0,0,0,t_maze
130,2.6,70.0,18.325221893182064,1.5707963267948966,0.13968045171618965,0.0,0.0,0.01558196592558617,0.01558196592558617,stem,130,70.0,18.325221893182064,1.5707963267948966,0.13968045171618965,WANDER,0.55,0,0,0,0,t_maze
131,2.62,70.0,18.328085507230977,1.5707963267948966,0.14318070244561926,0.0,0.0,0.015584815073194588,0.015584815073194588,stem,131,70.0,18.328085507230977,1.5707963267948966,0.14318070244561926,WANDER,0.55,0,0,0,0,t_maze
132,2.64,70.0,18.330999407166555,1.5707963267948966,0.14569499677889192,0.0,0.0,0.015587735897397806,0.015587735897397806,stem,132,70.0,18.330999407166555,1.5707963267948966,0.14569499677889192,WANDER,0.55,0,0,0,0,t_maze
133,2.66,70.0,18.33392867480644,1.5707963267948966,0.14646338199418826,0.0,0.0,0.01559070830287609,0.01559070830287609,stem,133,70.0,18.33392867480644,1.5707963267948966,0.14646338199418826,WANDER,0.55,0,0,0,0,t_maze
134,2.68,70.0,18.33682680911431,1.5707963267948966,0.14490671539342817,0.0,0.0,0.015593696680180867,0.015593696680180867,stem,134,70.0,18.33682680911431,1.5707963267948966,0.14490671539342817,WANDER,0.55,0,0,0,0,t_maze
135,2.7,70.0,18.339640360833624,1.5707963267948966,0.1406775859657626,0.0,0.0,0.015596653587503914,0.015596653587503914,stem,135,70.0,18.339640360833624,1.5707963267948966,0.1406775859657626,WANDER,0.55,0,0,0,0,t_maze
136,2.72,70.0,18.342340435084033,1.5707963267948966,0.13500371252039195,0.0,0.0,0.015599524474349999,0.015599524474349999,stem,136,70.0,18.342340435084033,1.5707963267948966,0.13500371252039195,WANDER,0.55,0,0,0,0,t_maze
137,2.74,70.0,18.34498992496184,1.5707963267948966,0.13247449389034036,0.0,0.0,0.015602279828211985,0.015602279828211985,stem,137,70.0,18.34498992496184,1.5707963267948966,0.13247449389034036,WANDER,0.55,0,0,0,0,t_maze
138,2.7600000000000002,70.0,18.347642525294717,1.5707963267948966,0.13263001664380206,0.0,0.0,0.015604983806666478,0.015604983806666478,stem,138,70.0,18.347642525294717,1.5707963267948966,0.13263001664380206,WANDER,0.55,0,0,0,0,t_maze
139,2.7800000000000002,70.0,18.350338529501684,1.5707963267948966,0.13480021034840525,0.0,0.0,0.015607691202219364,0.015607691202219364,stem,139,70.0,18.350338529501684,1.5707963267948966,0.13480021034840525,WANDER,0.55,0,0,0,0,t_maze
140,2.8000000000000003,70.0,18.35310180199132,1.5707963267948966,0.1381636244817682,0.0,0.0,0.01561044314701925,0.01561044314701925,stem,140,70.0,18.35310180199132,1.5707963267948966,0.1381636244817682,WANDER,0.55,0,0,0,0,t_maze
141,2.82,70.0,18.355938199209938,1.5707963267948966,0.1418198609310458,0.0,0.0,0.0156132640160961,0.0156132640160961,stem,141,70.0,18.355938199209938,1.5707963267948966,0.1418198609310458,WANDER,0.55,0,0,0,0,t_maze
142,2.84,70.0,18.358835582315525,1.5707963267948966,0.1448691552793526,0.0,0.0,0.015616159808012169,0.015616159808012169,stem,142,70.0,18.358835582315525,1.5707963267948966,0.1448691552793526,WANDER,0.55,0,0,0,0,t_maze
143,2.86,70.0,18.361765421481273,1.5707963267948966,0.14649195828742403,0.0,0.0,0.01561911814934293,0.01561911814934293,stem,143,70.0,18.361765421481273,1.5707963267948966,0.14649195828742403,WANDER,0.55,0,0,0,0,t_maze
144,2.88,70.0,18.364685848862923,1.5707963267948966,0.14602136908241836,0.0,0.0,0.015622109923932008,0.015622109923932008,stem,144,70.0,18.364685848862923,1.5707963267948966,0.14602136908241836,WANDER,0.55,0,0,0,0,t_maze
145,2.9,70.0,18.36754588713399,1.5707963267948966,0.14300191355331968,0.0,0.0,0.015625092382295126,0.015625092382295126,stem,145,70.0,18.36754588713399,1.5707963267948966,0.14300191355331968,WANDER,0.55,0,0,0,0,t_maze
146,2.92,70.0,18.370290474887543,1.5707963267948966,0.13722938767776416,0.0,0.0,0.015628013453800358,0.015628013453800358,stem,146,70.0,18.370290474887543,1.5707963267948966,0.13722938767776416,WANDER,0.55,0,0,0,0,t_maze
147,2.94,70.0,18.372957273779612,1.5707963267948966,0.13333994460337803,0.0,0.0,0.015630816876150522,0.015630816876150522,stem,147,70.0,18.372957273779612,1.5707963267948966,0.13333994460337803,WANDER,0.55,0,0,0,0,t_maze
148,2.96,70.0,18.375604647947995,1.5707963267948966,0.1323687084191058,0.0,0.0,0.01563354109075604,0.01563354109075604,stem,148,70.0,18.375604647947995,1.5707963267948966,0.1323687084191058,WANDER,0.55,0,0,0,0,t_maze
149,2.98,70.0,18.37827930357998,1.5707963267948966,0.13373278159932908,0.0,0.0,0.01563624570478901,0.01563624570478901,stem,149,70.0,18.37827930357998,1.5707963267948966,0.13373278159932908,WANDER,0.55,0,0,0,0,t_maze
150,3.0,70.0,18.381012698086806,1.5707963267948966,0.13666972534125182,0.0,0.0,0.015638978435332542,0.015638978435332542,stem,150,70.0,18.381012698086806,1.5707963267948966,0.13666972534125182,WANDER,0.55,0,0,0,0,t_maze
151,3.02,70.0,18.383818791383316,1.5707963267948966,0.1403046648254955,0.0,0.0,0.015641771434730254,0.015641771434730254,stem,151,70.0,18.383818791383316,1.5707963267948966,0.1403046648254955,WANDER,0.55,0,0,0,0,t_maze
152,3.04,70.0,18.38669334241513,1.5707963267948966,0.14372755159055903,0.0,0.0,0.015644638985860996,0.015644638985860996,stem,152,70.0,18.38669334241513,1.5707963267948966,0.14372755159055903,WANDER,0.55,0,0,0,0,t_maze
153,3.06,70.0,18.389614815267045,1.5707963267948966,0.14607364259585798,0.0,0.0,0.015647576775190623,0.015647576775190623,stem,153,70.0,18.389614815267045,1.5707963267948966,0.14607364259585798,WANDER,0.55,0,0,0,0,t_maze
154,3.08,70.0,18.39254681460371,1.5707963267948966,0.14659996683322152,0.0,0.0,0.01565056281006702,0.01565056281006702,stem,154,70.0,18.39254681460371,1.5707963267948966,0.14659996683322152,WANDER,0.55,0,0,0,0,t_maze
155,3.1,70.0,18.395441832818864,1.5707963267948966,0.14475091075783603,0.0,0.0,0.015653559899431124,0.015653559899431124,stem,155,70.0,18.395441832818864,1.5707963267948966,0.14475091075783603,WANDER,0.55,0,0,0,0,t_maze
156,3.12,70.0,18.39824597343855,1.5707963267948966,0.14020703098427853,0.0,0.0,0.015656519476981795,0.015656519476981795,stem,156,70.0,18.39824597343855,1.5707963267948966,0.14020703098427853,WANDER,0.55,0,0,0,0,t_maze
157,3.14,70.0,18.4009436278444,1.5707963267948966,0.13488272029242218,0.0,0.0,0.015659386425310222,0.015659386425310222,stem,157,70.0,18.4009436278444,1.5707963267948966,0.13488272029242218,WANDER,0.55,0,0,0,0,t_maze
158,3.16,70.0,18.40359691730741,1.5707963267948966,0.1326644731505606,0.0,0.0,0.0156621447576394,0.0156621447576394,stem,158,70.0,18.40359691730741,1.5707963267948966,0.1326644731505606,WANDER,0.55,0,0,0,0,t_maze
159,3.18,70.0,18.40625825087415,1.5707963267948966,0.13306667833694472,0.0,0.0,0.015664857971324032,0.015664857971324032,stem,159,70.0,18.40625825087415,1.5707963267948966,0.13306667833694472,WANDER,0.55,0,0,0,0,t_maze
160,3.2,70.0,18.408966235678875,1.5707963267948966,0.13539924023624447,0.0,0.0,0.015667579654019975,0.015667579654019975,stem,160,70.0,18.408966235678875,1.5707963267948966,0.13539924023624447,WANDER,0.55,0,0,0,0,t_maze
161,3.22,70.0,18.41174279884673,1.5707963267948966,0.13882815839278181,0.0,0.0,0.01567034929583494,0.01567034929583494,stem,161,70.0,18.41174279884673,1.5707963267948966,0.13882815839278181,WANDER,0.55,0,0,0,0,t_maze
162,3.24,70.0,18.414591780671117,1.5707963267948966,0.14244909121934543,0.0,0.0,0.01567318933924222,0.01567318933924222,stem,162,70.0,18.414591780671117,1.5707963267948966,0.14244909121934543,WANDER,0.55,0,0,0,0,t_maze
163,3.2600000000000002,70.0,18.417499126580978,1.5707963267948966,0.14536729549308866,0.0,0.0,0.015676103732491398,0.015676103732491398,stem,163,70.0,18.417499126580978,1.5707963267948966,0.14536729549308866,WANDER,0.55,0,0,0,0,t_maze
164,3.2800000000000002,70.0,18.42043466179879,1.5707963267948966,0.146776760890621,0.0,0.0,0.015679078117459073,0.015679078117459073,stem,164,70.0,18.42043466179879,1.5707963267948966,0.146776760890621,WANDER,0.55,0,0,0,0,t_maze
165,3.3000000000000003,70.0,18.4233552904231,1.5707963267948966,0.1460314312155217,0.0,0.0,0.015682081636462234,0.015682081636462234,stem,165,70.0,18.4233552904231,1.5707963267948966,0.1460314312155217,WANDER,0.55,0,0,0,0,t_maze
166,3.3200000000000003,70.0,18.426209332716144,1.5707963267948966,0.14270211465221846,0.0,0.0,0.01568507019749605,0.01568507019749605,stem,166,70.0,18.426209332716144,1.5707963267948966,0.14270211465221846,WANDER,0.55,0,0,0,0,t_maze
167,3.34,70.0,18.428941612126664,1.5707963267948966,0.13661397052605592,0.0,0.0,0.01568799090653467,0.01568799090653467,stem,167,70.0,18.428941612126664,1.5707963267948966,0.13661397052605592,WANDER,0.55,0,0,0,0,t_maze
168,3.36,70.0,18.43160304171551,1.5707963267948966,0.13307147944216366,0.0,0.0,0.015690787270607937,0.015690787270607937,stem,168,70.0,18.43160304171551,1.5707963267948966,0.13307147944216366,WANDER,0.55,0,0,0,0,t_maze
169,3.38,70.0,18.434250902996258,1.5707963267948966,0.13239306403743462,0.0,0.0,0.015693511369601842,0.015693511369601842,stem,169,70.0,18.434250902996258,1.5707963267948966,0.13239306403743462,WANDER,0.55,0,0,0,0,t_maze
170,3.4,70.0,18.436930364076467,1.5707963267948966,0.13397305401040763,0.0,0.0,0.01569622182215869,0.01569622182215869,stem,170,70.0,18.436930364076467,1.5707963267948966,0.13397305401040763,WANDER,0.55,0,0,0,0,t_maze
171,3.42,70.0,18.439671023773418,1.5707963267948966,0.13703298484755147,0.0,0.0,0.01569896486652441,0.01569896486652441,stem,171,70.0,18.439671023773418,1.5707963267948966,0.13703298484755147,WANDER,0.55,0,0,0,0,t_maze
172,3.44,70.0,18.442484826757852,1.5707963267948966,0.14069014922174403,0.0,0.0,0.0157017708167053,0.0157017708167053,stem,172,70.0,18.442484826757852,1.5707963267948966,0.14069014922174403,WANDER,0.55,0,0,0,0,t_maze
173,3.46,70.0,18.445365538147563,1.5707963267948966,0.14403556948546845,0.0,0.0,0.01570465192087205,0.01570465192087205,stem,173,70.0,18.445365538147563,1.5707963267948966,0.14403556948546845,WANDER,0.55,0,0,0,0,t_maze
174,3.48,70.0,18.448289825889237,1.5707963267948966,0.14621438708366266,0.0,0.0,0.015707601815242493,0.015707601815242493,stem,174,70.0,18.448289825889237,1.5707963267948966,0.14621438708366266,WANDER,0.55,0,0,0,0,t_maze
175,3.5,70.0,18.451219854845434,1.5707963267948966,0.1465014478099132,0.0,0.0,0.01571059662371245,0.01571059662371245,stem,175,70.0,18.451219854845434,1.5707963267948966,0.1465014478099132,WANDER,0.55,0,0,0,0,t_maze
176,3.52,70.0,18.45410716071204,1.5707963267948966,0.1443652933303365,0.0,0.0,0.0157135976060709,0.0157135976060709,stem,176,70.0,18.45410716071204,1.5707963267948966,0.1443652933303365,WANDER,0.55,0,0,0,0,t_maze
177,3.54,70.0,18.456897456923166,1.5707963267948966,0.13951481055623946,0.0,0.0,0.015716555118811162,0.015716555118811162,stem,177,70.0,18.456897456923166,1.5707963267948966,0.13951481055623946,WANDER,0.55,0,0,0,0,t_maze
178,3.56,70.0,18.459588435731007,1.5707963267948966,0.13454894039204876,0.0,0.0,0.015719413534679004,0.015719413534679004,stem,178,70.0,18.459588435731007,1.5707963267948966,0.13454894039204876,WANDER,0.55,0,0,0,0,t_maze
179,3.58,70.0,18.46224137473362,1.5707963267948966,0.13264695013054495,0.0,0.0,0.015722170461374654,0.015722170461374654,stem,179,70.0,18.46224137473362,1.5707963267948966,0.13264695013054495,WANDER,0.55,0,0,0,0,t_maze
180,3.6,70.0,18.464907336286362,1.5707963267948966,0.13329807763712895,0.0,0.0,0.01572488865903473,0.01572488865903473,stem,180,70.0,18.464907336286362,1.5707963267948966,0.13329807763712895,WANDER,0.55,0,0,0,0,t_maze
181,3.62,70.0,18.467623195816195,1.5707963267948966,0.13579297649162436,0.0,0.0,0.01572762044260569,0.01572762044260569,stem,181,70.0,18.467623195816195,1.5707963267948966,0.13579297649162436,WANDER,0.55,0,0,0,0,t_maze
182,3.64,70.0,18.47040891643056,1.5707963267948966,0.13928603071836398,0.0,0.0,0.01573040360658611,0.01573040360658611,stem,182,70.0,18.47040891643056,1.5707963267948966,0.13928603071836398,WANDER,0.55,0,0,0,0,t_maze
183,3.66,70.0,18.473266315786066,1.5707963267948966,0.14286996777520786,0.0,0.0,0.015733258625528775,0.015733258625528775,stem,183,70.0,18.473266315786066,1.5707963267948966,0.14286996777520786,WANDER,0.55,0,0,0,0,t_maze
184,3.68,70.0,18.476179437130618,1.5707963267948966,0.14565606722751773,0.0,0.0,0.015736187382532445,0.015736187382532445,stem,184,70.0,18.476179437130618,1.5707963267948966,0.14565606722751773,WANDER,0.55,0,0,0,0,t_maze
185,3.7,70.0,18.479116492334647,1.5707963267948966,0.146852760201408,0.0,0.0,0.015739173540983354,0.015739173540983354,stem,185,70.0,18.479116492334647,1.5707963267948966,0.146852760201408,WANDER,0.55,0,0,0,0,t_maze
186,3.72,70.0,18.48203320352122,1.5707963267948966,0.14583555932864342,0.0,0.0,0.01574218452759702,0.01574218452759702,stem,186,70.0,18.48203320352122,1.5707963267948966,0.14583555932864342,WANDER,0.55,0,0,0,0,t_maze
187,3.74,70.0,18.484877244270777,1.5707963267948966,0.14220203747781665,0.0,0.0,0.015745174950424923,0.015745174950424923,stem,187,70.0,18.484877244270777,1.5707963267948966,0.14220203747781665,WANDER,0.55,0,0,0,0,t_maze
188,3.7600000000000002,70.0,18.487593382594802,1.5707963267948966,0.13580691620134897,0.0,0.0,0.015748091146745483,0.015748091146745483,stem,188,70.0,18.487593382594802,1.5707963267948966,0.13580691620134897,WANDER,0.55,0,0,0,0,t_maze
189,3.7800000000000002,70.0,18.490245724574585,1.5707963267948966,0.13261709898914129,0.0,0.0,0.01575087645414216,0.01575087645414216,stem,189,70.0,18.490245724574585,1.5707963267948966,0.13261709898914129,WANDER,0.55,0,0,0,0,t_maze
190,3.8000000000000003,70.0,18.492890403696777,1.5707963267948966,0.13223395610961614,0.0,0.0,0.01575359658423402,0.01575359658423402,stem,190,70.0,18.492890403696777,1.5707963267948966,0.13223395610961614,WANDER,0.55,0,0,0,0,t_maze
191,3.8200000000000003,70.0,18.495570998151205,1.5707963267948966,0.13402972272146702,0.0,0.0,0.015756309095321122,0.015756309095321122,stem,191,70.0,18.495570998151205,1.5707963267948966,0.13402972272146702,WANDER,0.55,0,0,0,0,t_maze
192,3.84,70.0,18.498315213734113,1.5707963267948966,0.13721077914533958,0.0,0.0,0.0157590586871254,0.0157590586871254,stem,192,70.0,18.498315213734113,1.5707963267948966,0.13721077914533958,WANDER,0.55,0,0,0,0,t_maze
193,3.86,70.0,18.501132965175113,1.5707963267948966,0.14088757204994745,0.0,0.0,0.01576187379227923,0.01576187379227923,stem,193,70.0,18.501132965175113,1.5707963267948966,0.14088757204994745,WANDER,0.55,0,0,0,0,t_maze
194,3.88,70.0,18.504016029379503,1.5707963267948966,0.14415321021952957,0.0,0.0,0.015764764600927426,0.015764764600927426,stem,194,70.0,18.504016029379503,1.5707963267948966,0.14415321021952957,WANDER,0.55,0,0,0,0,t_maze
195,3.9,70.0,18.506939302875097,1.5707963267948966,0.14616367477958112,0.0,0.0,0.015767722696778456,0.015767722696778456,stem,195,70.0,18.506939302875097,1.5707963267948966,0.14616367477958112,WANDER,0.55,0,0,0,0,t_maze
196,3.92,70.0,18.509863551653332,1.5707963267948966,0.14621243891173508,0.0,0.0,0.01577072233855499,0.01577072233855499,stem,196,70.0,18.509863551653332,1.5707963267948966,0.14621243891173508,WANDER,0.55,0,0,0,0,t_maze
197,3.94,70.0,18.512739407537296,1.5707963267948966,0.14379279419822896,0.0,0.0,0.015773723273387264,0.015773723273387264,stem,197,70.0,18.512739407537296,1.5707963267948966,0.14379279419822896,WANDER,0.55,0,0,0,0,t_maze
198,3.96,70.0,18.515512253231606,1.5707963267948966,0.13864228471551499,0.0,0.0,0.015776674831338402,0.015776674831338402,stem,198,70.0,18.515512253231606,1.5707963267948966,0.13864228471551499,WANDER,0.55,0,0,0,0,t_maze
199,3.98,70.0,18.518193083373436,1.5707963267948966,0.13404150709154936,0.0,0.0,0.015779520935176185,0.015779520935176185,stem,199,70.0,18.518193083373436,1.5707963267948966,0.13404150709154936,WANDER,0.55,0,0,0,0,t_maze
200,4.0,70.0,18.520842262623855,1.5707963267948966,0.13245896252089323,0.0,0.0,0.015782272842214735,0.015782272842214735,stem,200,70.0,18.520842262623855,1.5707963267948966,0.13245896252089323,WANDER,0.55,0,0,0,0,t_maze
