step,sim_time,pos_x,pos_y,heading,speed,reward,punishment,current_zone,alternation_rate,time_step,fly_x,fly_y,fly_heading,fly_speed,state,satiety,food_collected,hazard_encounters,predator_kills,escapes,paradigm
1,0.02,60.002,60.0,0.0,0.1,0.0,0.0,hub,0.0,1,60.002,60.0,0.0,0.1,WANDER,0.55,0,0,0,0,y_maze
2,0.04,60.004000000000005,60.0,2.60405371853463e-25,0.1,0.0,0.0,hub,0.0,2,60.004000000000005,60.0,2.60405371853463e-25,0.1,WANDER,0.55,0,0,0,0,y_maze
3,0.06,60.00600000000001,60.0,7.688743042648405e-25,0.1,0.0,0.0,hub,0.0,3,60.00600000000001,60.0,7.688743042648405e-25,0.1,WANDER,0.55,0,0,0,0,y_maze
4,0.08,60.00800000000001,60.0,1.5136512219751228e-24,0.1,0.0,0.0,hub,0.0,4,60.00800000000001,60.0,1.5136512219751228e-24,0.1,WANDER,0.55,0,0,0,0,y_maze
5,0.1,60.01000000000001,60.0,2.483538939550103e-24,0.1,0.0,0.0,hub,0.0,5,60.01000000000001,60.0,2.483538939550103e-24,0.1,WANDER,0.55,0,0,0,0,y_maze
6,0.12,60.012000000000015,60.0,3.6678721378636984e-24,0.1,0.0,0.0,hub,0.0,6,60.012000000000015,60.0,3.6678721378636984e-24,0.1,WANDER,0.55,0,0,0,0,y_maze
7,0.14,60.01400000000002,60.0,5.056492100448316e-24,0.1,0.0,0.0,hub,0.0,7,60.01400000000002,60.0,5.056492100448316e-24,0.1,WANDER,0.55,0,0,0,0,y_maze
8,0.16,60.01600000000002,60.0,6.639722649868574e-24,0.1,0.0,0.0,hub,0.0,8,60.01600000000002,60.0,6.639722649868574e-24,0.1,WANDER,0.55,0,0,0,0,y_maze
9,0.18,60.01800000000002,60.0,8.40834722711727e-24,0.1,0.0,0.0,hub,0.0,9,60.01800000000002,60.0,8.40834722711727e-24,0.1,WANDER,0.55,0,0,0,0,y_maze
10,0.2,60.020000000000024,60.0,1.0353587059740044e-23,0.1,0.0,0.0,hub,0.0,10,60.020000000000024,60.0,1.0353587059740044e-23,0.1,WANDER,0.55,0,0,0,0,y_maze
11,0.22,60.02200000000003,60.0,1.2467080366974118e-23,0.1,0.0,0.0,hub,0.0,11,60.02200000000003,60.0,1.2467080366974118e-23,0.1,WANDER,0.55,0,0,0,0,y_maze
12,0.24,60.02400000000003,60.0,1.4740862552642947e-23,0.1,0.0,0.0,hub,0.0,12,60.02400000000003,60.0,1.4740862552642947e-23,0.1,WANDER,0.55,0,0,0,0,y_maze
13,0.26,60.02600000000003,60.0,1.7167347338888373e-23,0.1,0.0,0.0,hub,0.0,13,60.02600000000003,60.0,1.7167347338888373e-23,0.1,WANDER,0.55,0,0,0,0,y_maze
14,0.28,60.028000000000034,60.0,1.9739308796050496e-23,0.1,0.0,0.0,hub,0.0,14,60.028000000000034,60.0,1.9739308796050496e-23,0.1,WANDER,0.55,0,0,0,0,y_maze
15,0.3,60.03000000000004,60.0,2.2449864226128264e-23,0.1,0.0,0.0,hub,0.0,15,60.03000000000004,60.0,2.2449864226128264e-23,0.1,WANDER,0.55,0,0,0,0,y_maze
16,0.32,60.03200000000004,60.0,2.5292457859275675e-23,0.1,0.0,0.0,hub,0.0,16,60.03200000000004,60.0,2.5292457859275675e-23,0.1,WANDER,0.55,0,0,0,0,y_maze
17,0.34,60.03400000000004,60.0,2.826084532471441e-23,0.1,0.0,0.0,hub,0.0,17,60.03400000000004,60.0,2.826084532471441e-23,0.1,WANDER,0.55,0,0,0,0,y_maze
18,0.36,60.036000000000044,60.0,3.134907885927813e-23,0.1,0.0,0.0,hub,0.0,18,60.036000000000044,60.0,3.134907885927813e-23,0.1,WANDER,0.55,0,0,0,0,y_maze
19,0.38,60.038000000000046,60.0,3.455149321855088e-23,0.1,0.0,0.0,hub,0.0,19,60.038000000000046,60.0,3.455149321855088e-23,0.1,WANDER,0.55,0,0,0,0,y_maze
20,0.4,60.04000000000005,60.0,3.786269225722648e-23,0.1,0.0,0.0,hub,0.0,20,60.04000000000005,60.0,3.786269225722648e-23,0.1,WANDER,0.55,0,0,0,0,y_maze
21,0.42,60.04200000000005,60.0,4.1277536146900775e-23,0.1,0.0,0.0,hub,0.0,21,60.04200000000005,60.0,4.1277536146900775e-23,0.1,WANDER,0.55,0,0,0,0,y_maze
22,0.44,60.044000000000054,60.0,4.479112920101883e-23,0.1,0.0,0.0,hub,0.0,22,60.044000000000054,60.0,4.479112920101883e-23,0.1,WANDER,0.55,0,0,0,0,y_maze
23,0.46,60.046000000000056,60.0,4.839880827813705e-23,0.1,0.0,0.0,hub,0.0,23,60.046000000000056,60.0,4.839880827813705e-23,0.1,WANDER,0.55,0,0,0,0,y_maze
24,0.48,60.04800000000006,60.0,5.2096131736030425e-23,0.1,0.0,0.0,hub,0.0,24,60.04800000000006,60.0,5.2096131736030425e-23,0.1,WANDER,0.55,0,0,0,0,y_maze
25,0.5,60.05000000000006,60.0,5.587886891047962e-23,0.1,0.0,0.0,hub,0.0,25,60.05000000000006,60.0,5.587886891047962e-23,0.1,WANDER,0.55,0,0,0,0,y_maze
26,0.52,60.05200841778985,60.0,5.974299009381573e-23,0.10042088948955014,0.0,0.0,hub,0.0,26,60.05200841778985,60.0,5.974299009381573e-23,0.10042088948955014,WANDER,0.55,0,0,0,0,y_maze
27,0.54,60.0541169154487,60.0,6.342425161763064e-23,0.1054248829425565,0.0,0.0,hub,0.0,27,60.0541169154487,60.0,6.342425161763064e-23,0.1054248829425565,WANDER,0.55,0,0,0,0,y_maze
28,0.56,60.056296984698996,60.0,6.693133931575162e-23,0.10900346251464704,0.0,0.0,hub,0.0,28,60.056296984698996,60.0,6.693133931575162e-23,0.10900346251464704,WANDER,0.55,0,0,0,0,y_maze
29,0.58,60.058506453609965,60.0,7.027252644489914e-23,0.11047344554841908,0.0,0.0,hub,0.0,29,60.058506453609965,60.0,7.027252644489914e-23,0.11047344554841908,WANDER,0.55,0,0,0,0,y_maze
30,0.6,60.06069359903676,60.0,7.319528791024595e-23,0.1093572713398104,0.0,0.0,hub,0.0,30,60.06069359903676,60.0,7.319528791024595e-23,0.1093572713398104,WANDER,0.55,0,0,0,0,y_maze
31,0.62,60.06280210204387,60.0,7.597987685880858e-23,0.10542515035545391,0.0,0.0,hub,0.0,31,60.06280210204387,60.0,7.597987685880858e-23,0.10542515035545391,WANDER,0.55,0,0,0,0,y_maze
32,0.64,60.064855042824966,60.0,7.889326185698774e-23,0.1026470390550514,0.0,0.0,hub,0.0,32,60.064855042824966,60.0,7.889326185698774e-23,0.1026470390550514,WANDER,0.55,0,0,0,0,y_maze
33,0.66,60.06691049048752,60.0,8.166894716444066e-23,0.10277238312781133,0.0,0.0,hub,0.0,33,60.06691049048752,60.0,8.166894716444066e-23,0.10277238312781133,WANDER,0.55,0,0,0,0,y_maze
34,0.68,60.06901538057169,60.0,8.431347351647684e-23,0.10524450420849163,0.0,0.0,hub,0.0,34,60.06901538057169,60.0,8.431347351647684e-23,0.10524450420849163,WANDER,0.55,0,0,0,0,y_maze
35,0.7000000000000001,60.07120179141365,60.0,8.683307096347857e-23,0.10932054209806402,0.0,0.0,hub,0.0,35,60.07120179141365,60.0,8.683307096347857e-23,0.10932054209806402,WANDER,0.55,0,0,0,0,y_maze
36,0.72,60.073484532503166,60.0,8.923367362843501e-23,0.114137054475821,0.0,0.0,hub,0.0,36,60.073484532503166,60.0,8.923367362843501e-23,0.114137054475821,WANDER,0.55,0,0,0,0,y_maze
37,0.74,60.07586026237982,60.0,9.178133913534675e-23,0.1187864938326362,0.0,0.0,hub,0.0,37,60.07586026237982,60.0,9.178133913534675e-23,0.1187864938326362,WANDER,0.55,0,0,0,0,y_maze
38,0.76,60.0783082162246,60.0,9.394829869938148e-23,0.12239769223908242,0.0,0.0,hub,0.0,38,60.0783082162246,60.0,9.394829869938148e-23,0.12239769223908242,WANDER,0.55,0,0,0,0,y_maze
39,0.78,60.080792478720284,60.0,9.62734191526653e-23,0.12421312478428326,0.0,0.0,hub,0.0,39,60.080792478720284,60.0,9.62734191526653e-23,0.12421312478428326,WANDER,0.55,0,0,0,0,y_maze
40,0.8,60.08326559895774,60.0,9.822840455311945e-23,0.12365601187268878,0.0,0.0,hub,0.0,40,60.08326559895774,60.0,9.822840455311945e-23,0.12365601187268878,WANDER,0.55,0,0,0,0,y_maze
41,0.8200000000000001,60.08567322361903,60.0,9.983080887188584e-23,0.12038123306468687,0.0,0.0,hub,0.0,41,60.08567322361903,60.0,9.983080887188584e-23,0.12038123306468687,WANDER,0.55,0,0,0,0,y_maze
42,0.84,60.08798567714497,60.0,1.0187856838203753e-22,0.11562267629693412,0.0,0.0,hub,0.0,42,60.08798567714497,60.0,1.0187856838203753e-22,0.11562267629693412,WANDER,0.55,0,0,0,0,y_maze
43,0.86,60.090265026284754,60.0,1.0409017822786525e-22,0.1139674569891342,0.0,0.0,hub,0.0,43,60.090265026284754,60.0,1.0409017822786525e-22,0.1139674569891342,WANDER,0.55,0,0,0,0,y_maze
44,0.88,60.09256417337736,60.0,1.0645788296229188e-22,0.11495735463031481,0.0,0.0,hub,0.0,44,60.09256417337736,60.0,1.0645788296229188e-22,0.11495735463031481,WANDER,0.55,0,0,0,0,y_maze
45,0.9,60.09492265221673,60.0,1.08713890150123e-22,0.11792394196861614,0.0,0.0,hub,0.0,45,60.09492265221673,60.0,1.08713890150123e-22,0.11792394196861614,WANDER,0.55,0,0,0,0,y_maze
46,0.92,60.09736359975121,60.0,1.1086350542482187e-22,0.12204737672401511,0.0,0.0,hub,0.0,46,60.09736359975121,60.0,1.1086350542482187e-22,0.12204737672401511,WANDER,0.55,0,0,0,0,y_maze
47,0.9400000000000001,60.099892176645646,60.0,1.129117824022623e-22,0.12642884472154078,0.0,0.0,hub,0.0,47,60.099892176645646,60.0,1.129117824022623e-22,0.12642884472154078,WANDER,0.55,0,0,0,0,y_maze
48,0.96,60.102495579585984,60.0,1.1486353465156407e-22,0.130170147016787,0.0,0.0,hub,0.0,48,60.102495579585984,60.0,1.1486353465156407e-22,0.130170147016787,WANDER,0.55,0,0,0,0,y_maze
49,0.98,60.10514464523022,60.0,1.164629417254603e-22,0.13245328221173489,0.0,0.0,hub,0.0,49,60.10514464523022,60.0,1.164629417254603e-22,0.13245328221173489,WANDER,0.55,0,0,0,0,y_maze
50,1.0,60.10779690274417,60.0,1.179871179477687e-22,0.13261287569771993,0.0,0.0,hub,0.0,50,60.10779690274417,60.0,1.179871179477687e-22,0.13261287569771993,WANDER,0.55,0,0,0,0,y_maze
51,1.02,60.11040080174348,60.0,1.1943963678393971e-22,0.1301949499656576,0.0,0.0,hub,0.0,51,60.11040080174348,60.0,1.1943963678393971e-22,0.1301949499656576,WANDER,0.55,0,0,0,0,y_maze
52,1.04,60.112900736877634,60.0,1.2108430733166832e-22,0.12499675670780629,0.0,0.0,hub,0.0,52,60.112900736877634,60.0,1.2108430733166832e-22,0.12499675670780629,WANDER,0.55,0,0,0,0,y_maze
53,1.06,60.11533393114265,60.0,1.2291202982852303e-22,0.12165971325088959,0.0,0.0,hub,0.0,53,60.11533393114265,60.0,1.2291202982852303e-22,0.12165971325088959,WANDER,0.55,0,0,0,0,y_maze
54,1.08,60.11775824705804,60.0,1.2465373137893438e-22,0.1212157957695753,0.0,0.0,hub,0.0,54,60.11775824705804,60.0,1.2465373137893438e-22,0.1212157957695753,WANDER,0.55,0,0,0,0,y_maze
55,1.1,60.12021990869775,60.0,1.2631349797785843e-22,0.12308308198546487,0.0,0.0,hub,0.0,55,60.12021990869775,60.0,1.2631349797785843e-22,0.12308308198546487,WANDER,0.55,0,0,0,0,y_maze
56,1.12,60.12274991066272,60.0,1.2763481616363736e-22,0.12650009824854488,0.0,0.0,hub,0.0,56,60.12274991066272,60.0,1.2763481616363736e-22,0.12650009824854488,WANDER,0.55,0,0,0,0,y_maze
57,1.1400000000000001,60.12536176938255,60.0,1.2889414016388156e-22,0.1305929359915646,0.0,0.0,hub,0.0,57,60.12536176938255,60.0,1.2889414016388156e-22,0.1305929359915646,WANDER,0.55,0,0,0,0,y_maze
58,1.16,60.12805081979847,60.0,1.2983400933055044e-22,0.13445252079593317,0.0,0.0,hub,0.0,58,60.12805081979847,60.0,1.2983400933055044e-22,0.13445252079593317,WANDER,0.55,0,0,0,0,y_maze
59,1.18,60.13079512166329,60.0,1.3099038106807827e-22,0.13721509324116593,0.0,0.0,hub,0.0,59,60.13079512166329,60.0,1.3099038106807827e-22,0.13721509324116593,WANDER,0.55,0,0,0,0,y_maze
60,1.2,60.13355789511182,60.0,1.3209259357636328e-22,0.1381386724265947,0.0,0.0,hub,0.0,60,60.13355789511182,60.0,1.3209259357636328e-22,0.1381386724265947,WANDER,0.55,0,0,0,0,y_maze
61,1.22,60.13629126778971,60.0,1.3262240867508757e-22,0.136668633894506,0.0,0.0,hub,0.0,61,60.13629126778971,60.0,1.3262240867508757e-22,0.136668633894506,WANDER,0.55,0,0,0,0,y_maze
62,1.24,60.138940998014654,60.0,1.333881764690307e-22,0.13248651124710067,0.0,0.0,hub,0.0,62,60.138940998014654,60.0,1.333881764690307e-22,0.13248651124710067,WANDER,0.55,0,0,0,0,y_maze
63,1.26,60.141491229999154,60.0,1.3411831127718377e-22,0.1275115992251165,0.0,0.0,hub,0.0,63,60.141491229999154,60.0,1.3411831127718377e-22,0.1275115992251165,WANDER,0.55,0,0,0,0,y_maze
64,1.28,60.14400376760703,60.0,1.3455410029451838e-22,0.12562688039405667,0.0,0.0,hub,0.0,64,60.14400376760703,60.0,1.3455410029451838e-22,0.12562688039405667,WANDER,0.55,0,0,0,0,y_maze
65,1.3,60.146530713478384,60.0,1.3496990287408436e-22,0.1263472935676991,0.0,0.0,hub,0.0,65,60.146530713478384,60.0,1.3496990287408436e-22,0.1263472935676991,WANDER,0.55,0,0,0,0,y_maze
66,1.32,60.14911037940618,60.0,1.3536666837167572e-22,0.12898329638984127,0.0,0.0,hub,0.0,66,60.14911037940618,60.0,1.3536666837167572e-22,0.12898329638984127,WANDER,0.55,0,0,0,0,y_maze
67,1.34,60.151764408545546,60.0,1.3574530104868624e-22,0.13270145696837662,0.0,0.0,hub,0.0,67,60.151764408545546,60.0,1.3574530104868624e-22,0.13270145696837662,WANDER,0.55,0,0,0,0,y_maze
68,1.36,60.15449636905578,60.0,1.3610666221409354e-22,0.13659802551150688,0.0,0.0,hub,0.0,68,60.15449636905578,60.0,1.3610666221409354e-22,0.13659802551150688,WANDER,0.55,0,0,0,0,y_maze
69,1.3800000000000001,60.157291946596,60.0,1.3645157226469877e-22,0.13977887701082578,0.0,0.0,hub,0.0,69,60.157291946596,60.0,1.3645157226469877e-22,0.13977887701082578,WANDER,0.55,0,0,0,0,y_maze
70,1.4000000000000001,60.16012071947713,60.0,1.36780812628455e-22,0.1414386440566314,0.0,0.0,hub,0.0,70,60.16012071947713,60.0,1.36780812628455e-22,0.1414386440566314,WANDER,0.55,0,0,0,0,y_maze
71,1.42,60.162939358111274,60.0,1.370951276154876e-22,0.140931931707182,0.0,0.0,hub,0.0,71,60.162939358111274,60.0,1.370951276154876e-22,0.140931931707182,WANDER,0.55,0,0,0,0,y_maze
72,1.44,60.165695962459786,60.0,1.3817644229675128e-22,0.1378302174257002,0.0,0.0,hub,0.0,72,60.165695962459786,60.0,1.3817644229675128e-22,0.1378302174257002,WANDER,0.55,0,0,0,0,y_maze
73,1.46,60.16833514895169,60.0,1.3920719040281219e-22,0.13195932459536633,0.0,0.0,hub,0.0,73,60.16833514895169,60.0,1.3920719040281219e-22,0.13195932459536633,WANDER,0.55,0,0,0,0,y_maze
74,1.48,60.17090771309935,60.0,1.4018977384599245e-22,0.12862820738312764,0.0,0.0,hub,0.0,74,60.17090771309935,60.0,1.4018977384599245e-22,0.12862820738312764,WANDER,0.55,0,0,0,0,y_maze
75,1.5,60.17347074135563,60.0,1.4086607507592543e-22,0.12815141281375725,0.0,0.0,hub,0.0,75,60.17347074135563,60.0,1.4086607507592543e-22,0.12815141281375725,WANDER,0.55,0,0,0,0,y_maze
76,1.52,60.17606921253952,60.0,1.4151102042572633e-22,0.12992355919428242,0.0,0.0,hub,0.0,76,60.17606921253952,60.0,1.4151102042572633e-22,0.12992355919428242,WANDER,0.55,0,0,0,0,y_maze
77,1.54,60.17873254239523,60.0,1.4186569392784799e-22,0.13316649278564827,0.0,0.0,hub,0.0,77,60.17873254239523,60.0,1.4186569392784799e-22,0.13316649278564827,WANDER,0.55,0,0,0,0,y_maze
78,1.56,60.18147249936605,60.0,1.422042614230411e-22,0.13699784854121136,0.0,0.0,hub,0.0,78,60.18147249936605,60.0,1.422042614230411e-22,0.13699784854121136,WANDER,0.55,0,0,0,0,y_maze
79,1.58,60.18428267991475,60.0,1.4304829869034175e-22,0.1405090274348558,0.0,0.0,hub,0.0,79,60.18428267991475,60.0,1.4304829869034175e-22,0.1405090274348558,WANDER,0.55,0,0,0,0,y_maze
80,1.6,60.18713959163165,60.0,1.4385304005960284e-22,0.14284558584494525,0.0,0.0,hub,0.0,80,60.18713959163165,60.0,1.4385304005960284e-22,0.14284558584494525,WANDER,0.55,0,0,0,0,y_maze
81,1.62,60.1900052479515,60.0,1.451411628296882e-22,0.14328281599242446,0.0,0.0,hub,0.0,81,60.1900052479515,60.0,1.451411628296882e-22,0.14328281599242446,WANDER,0.55,0,0,0,0,y_maze
82,1.6400000000000001,60.19283104251868,60.0,1.4636895052808672e-22,0.14128972835883588,0.0,0.0,hub,0.0,82,60.19283104251868,60.0,1.4636895052808672e-22,0.14128972835883588,WANDER,0.55,0,0,0,0,y_maze
83,1.6600000000000001,60.19556255628965,60.0,1.4753926907070354e-22,0.1365756885486835,0.0,0.0,hub,0.0,83,60.19556255628965,60.0,1.4753926907070354e-22,0.1365756885486835,WANDER,0.55,0,0,0,0,y_maze
84,1.68,60.19819743721847,60.0,1.4865484824243828e-22,0.13174404644094934,0.0,0.0,hub,0.0,84,60.19819743721847,60.0,1.4865484824243828e-22,0.13174404644094934,WANDER,0.55,0,0,0,0,y_maze
85,1.7,60.20079683876656,60.0,1.499786935352613e-22,0.12997007740458857,0.0,0.0,hub,0.0,85,60.20079683876656,60.0,1.499786935352613e-22,0.12997007740458857,WANDER,0.55,0,0,0,0,y_maze
86,1.72,60.20341170150444,60.0,1.5124053438043496e-22,0.1307431368941273,0.0,0.0,hub,0.0,86,60.20341170150444,60.0,1.5124053438043496e-22,0.1307431368941273,WANDER,0.55,0,0,0,0,y_maze
87,1.74,60.206078781909746,60.0,1.5244331598922257e-22,0.1333540202651258,0.0,0.0,hub,0.0,87,60.206078781909746,60.0,1.5244331598922257e-22,0.1333540202651258,WANDER,0.55,0,0,0,0,y_maze
88,1.76,60.20881792767555,60.0,1.5385024904720594e-22,0.1369572882902058,0.0,0.0,hub,0.0,88,60.20881792767555,60.0,1.5385024904720594e-22,0.1369572882902058,WANDER,0.55,0,0,0,0,y_maze
89,1.78,60.211630845410255,60.0,1.5467044768885538e-22,0.14064588673545023,0.0,0.0,hub,0.0,89,60.211630845410255,60.0,1.5467044768885538e-22,0.14064588673545023,WANDER,0.55,0,0,0,0,y_maze
90,1.8,60.214501472547845,60.0,1.5597334839862563e-22,0.14353135687931523,0.0,0.0,hub,0.0,90,60.214501472547845,60.0,1.5597334839862563e-22,0.14353135687931523,WANDER,0.55,0,0,0,0,y_maze
91,1.82,60.21739792118681,60.0,1.5773607771601591e-22,0.14482243194818886,0.0,0.0,hub,0.0,91,60.21739792118681,60.0,1.5773607771601591e-22,0.14482243194818886,WANDER,0.55,0,0,0,0,y_maze
92,1.84,60.22027582037671,60.0,1.588952271824854e-22,0.14389495949536793,0.0,0.0,hub,0.0,92,60.22027582037671,60.0,1.588952271824854e-22,0.14389495949536793,WANDER,0.55,0,0,0,0,y_maze
93,1.86,60.22308275775149,60.0,1.6000022269692483e-22,0.14034686873893562,0.0,0.0,hub,0.0,93,60.22308275775149,60.0,1.6000022269692483e-22,0.14034686873893562,WANDER,0.55,0,0,0,0,y_maze
94,1.8800000000000001,60.225763422648505,60.0,1.6105363657205557e-22,0.13403324485074064,0.0,0.0,hub,0.0,94,60.225763422648505,60.0,1.6105363657205557e-22,0.13403324485074064,WANDER,0.55,0,0,0,0,y_maze
95,1.9000000000000001,60.22838192543055,60.0,1.620579189357448e-22,0.13092513910218537,0.0,0.0,hub,0.0,95,60.22838192543055,60.0,1.620579189357448e-22,0.13092513910218537,WANDER,0.55,0,0,0,0,y_maze
96,1.92,60.23099432085948,60.0,1.6301540353478602e-22,0.13061977144671214,0.0,0.0,hub,0.0,96,60.23099432085948,60.0,1.6301540353478602e-22,0.13061977144671214,WANDER,0.55,0,0,0,0,y_maze
97,1.94,60.23364410900306,60.0,1.6392831326299996e-22,0.1324894071788307,0.0,0.0,hub,0.0,97,60.23364410900306,60.0,1.6392831326299996e-22,0.1324894071788307,WANDER,0.55,0,0,0,0,y_maze
98,1.96,60.23635891884055,60.0,1.6505917079860442e-22,0.13574049187478696,0.0,0.0,hub,0.0,98,60.23635891884055,60.0,1.6505917079860442e-22,0.13574049187478696,WANDER,0.55,0,0,0,0,y_maze
99,1.98,60.239148590458996,60.0,1.658768403209089e-22,0.1394835809222088,0.0,0.0,hub,0.0,99,60.239148590458996,60.0,1.658768403209089e-22,0.1394835809222088,WANDER,0.55,0,0,0,0,y_maze
100,2.0,60.24200482924078,60.0,1.6665657618853111e-22,0.14281193908922218,0.0,0.0,hub,0.0,100,60.24200482924078,60.0,1.6665657618853111e-22,0.14281193908922218,WANDER,0.55,0,0,0,0,y_maze
101,2.02,60.24490246423473,60.0,1.6740018025006848e-22,0.1448817496973644,0.0,0.0,hub,0.0,101,60.24490246423473,60.0,1.6740018025006848e-22,0.1448817496973644,WANDER,0.55,0,0,0,0,y_maze
102,2.04,60.24780219880575,60.0,1.6784896339445657e-22,0.14498672855117603,0.0,0.0,hub,0.0,102,60.24780219880575,60.0,1.6784896339445657e-22,0.14498672855117603,WANDER,0.55,0,0,0,0,y_maze
103,2.06,60.25065460761196,60.0,1.6775649679953902e-22,0.14262044031061966,0.0,0.0,hub,0.0,103,60.25065460761196,60.0,1.6775649679953902e-22,0.14262044031061966,WANDER,0.55,0,0,0,0,y_maze
104,2.08,60.25340502199889,60.0,1.6792965105575824e-22,0.13752071934636106,0.0,0.0,hub,0.0,104,60.25340502199889,60.0,1.6792965105575824e-22,0.13752071934636106,WANDER,0.55,0,0,0,0,y_maze
105,2.1,60.25606446939535,60.0,1.6783502587284582e-22,0.13297236982292313,0.0,0.0,hub,0.0,105,60.25606446939535,60.0,1.6783502587284582e-22,0.13297236982292313,WANDER,0.55,0,0,0,0,y_maze
106,2.12,60.25869326356645,60.0,1.6748531333029299e-22,0.13143970855518755,0.0,0.0,hub,0.0,106,60.25869326356645,60.0,1.6748531333029299e-22,0.13143970855518755,WANDER,0.55,0,0,0,0,y_maze
107,2.14,60.26134101054803,60.0,1.6715300800566865e-22,0.1323873490791308,0.0,0.0,hub,0.0,107,60.26134101054803,60.0,1.6715300800566865e-22,0.1323873490791308,WANDER,0.55,0,0,0,0,y_maze
108,2.16,60.26404276004411,60.0,1.6683728305612122e-22,0.1350874748043018,0.0,0.0,hub,0.0,108,60.26404276004411,60.0,1.6683728305612122e-22,0.1350874748043018,WANDER,0.55,0,0,0,0,y_maze
109,2.18,60.26681643663494,60.0,1.66797756285688e-22,0.13868382954122227,0.0,0.0,hub,0.0,109,60.26681643663494,60.0,1.66797756285688e-22,0.13868382954122227,WANDER,0.55,0,0,0,0,y_maze
110,2.2,60.269661782683514,60.0,1.6676093035287509e-22,0.14226730242853255,0.0,0.0,hub,0.0,110,60.269661782683514,60.0,1.6676093035287509e-22,0.14226730242853255,WANDER,0.55,0,0,0,0,y_maze
111,2.22,60.27256090903245,60.0,1.6594546085233512e-22,0.14495631744696566,0.0,0.0,hub,0.0,111,60.27256090903245,60.0,1.6594546085233512e-22,0.14495631744696566,WANDER,0.55,0,0,0,0,y_maze
112,2.24,60.27548040516064,60.0,1.6464865639378614e-22,0.1459748064096103,0.0,0.0,hub,0.0,112,60.27548040516064,60.0,1.6464865639378614e-22,0.1459748064096103,WANDER,0.55,0,0,0,0,y_maze
113,2.2600000000000002,60.278374820389146,60.0,1.634141362437055e-22,0.1447207614252211,0.0,0.0,hub,0.0,113,60.278374820389146,60.0,1.634141362437055e-22,0.1447207614252211,WANDER,0.55,0,0,0,0,y_maze
114,2.2800000000000002,60.28119120456613,60.0,1.6223894189744097e-22,0.14081920884892923,0.0,0.0,hub,0.0,114,60.28119120456613,60.0,1.6223894189744097e-22,0.14081920884892923,WANDER,0.55,0,0,0,0,y_maze
115,2.3000000000000003,60.28388740143024,60.0,1.6112025537931129e-22,0.13480984320570147,0.0,0.0,hub,0.0,115,60.28388740143024,60.0,1.6112025537931129e-22,0.13480984320570147,WANDER,0.55,0,0,0,0,y_maze
116,2.32,60.28652699887268,60.0,1.603157979393335e-22,0.13197987212178772,0.0,0.0,hub,0.0,116,60.28652699887268,60.0,1.603157979393335e-22,0.13197987212178772,WANDER,0.55,0,0,0,0,y_maze
117,2.34,60.289164911031385,60.0,1.5955026576830944e-22,0.13189560793526373,0.0,0.0,hub,0.0,117,60.289164911031385,60.0,1.5955026576830944e-22,0.13189560793526373,WANDER,0.55,0,0,0,0,y_maze
118,2.36,60.29184306636655,60.0,1.5830099917225685e-22,0.1339077667585246,0.0,0.0,hub,0.0,118,60.29184306636655,60.0,1.5830099917225685e-22,0.1339077667585246,WANDER,0.55,0,0,0,0,y_maze
119,2.38,60.294587233912715,60.0,1.5685132602048309e-22,0.13720837730795038,0.0,0.0,hub,0.0,119,60.294587233912715,60.0,1.5685132602048309e-22,0.13720837730795038,WANDER,0.55,0,0,0,0,y_maze
120,2.4,60.297405273943596,60.0,1.5547114355237087e-22,0.14090200154395474,0.0,0.0,hub,0.0,120,60.297405273943596,60.0,1.5547114355237087e-22,0.14090200154395474,WANDER,0.55,0,0,0,0,y_maze
121,2.42,60.300286971326265,60.0,1.5415715096044627e-22,0.1440848691334977,0.0,0.0,hub,0.0,121,60.300286971326265,60.0,1.5415715096044627e-22,0.1440848691334977,WANDER,0.55,0,0,0,0,y_maze
122,2.44,60.30320546767151,60.0,1.529062042255904e-22,0.1459248172623602,0.0,0.0,hub,0.0,122,60.30320546767151,60.0,1.529062042255904e-22,0.1459248172623602,WANDER,0.55,0,0,0,0,y_maze
123,2.46,60.306120164774114,60.0,1.5171530866959245e-22,0.1457348551303206,0.0,0.0,hub,0.0,123,60.306120164774114,60.0,1.5171530866959245e-22,0.1457348551303206,WANDER,0.55,0,0,0,0,y_maze
124,2.48,60.308980839674945,60.0,1.513628279770171e-22,0.143033745041679,0.0,0.0,hub,0.0,124,60.308980839674945,60.0,1.513628279770171e-22,0.143033745041679,WANDER,0.55,0,0,0,0,y_maze
125,2.5,60.31173260283379,60.0,1.5050699291418692e-22,0.13758815794255863,0.0,0.0,hub,0.0,125,60.31173260283379,60.0,1.5050699291418692e-22,0.13758815794255863,WANDER,0.55,0,0,0,0,y_maze
126,2.52,60.31439981814997,60.0,1.4969246866966096e-22,0.13336076580900372,0.0,0.0,hub,0.0,126,60.31439981814997,60.0,1.4969246866966096e-22,0.13336076580900372,WANDER,0.55,0,0,0,0,y_maze
127,2.54,60.31704186317175,60.0,1.4891729297956978e-22,0.13210225108916582,0.0,0.0,hub,0.0,127,60.31704186317175,60.0,1.4891729297956978e-22,0.13210225108916582,WANDER,0.55,0,0,0,0,y_maze
128,2.56,60.31970692612705,60.0,1.481795967875777e-22,0.13325314776483807,0.0,0.0,hub,0.0,128,60.31970692612705,60.0,1.481795967875777e-22,0.13325314776483807,WANDER,0.55,0,0,0,0,y_maze
129,2.58,60.32242828414777,60.0,1.4747759981752504e-22,0.13606790103604496,0.0,0.0,hub,0.0,129,60.32242828414777,60.0,1.4747759981752504e-22,0.13606790103604496,WANDER,0.55,0,0,0,0,y_maze
130,2.6,60.32522189318209,60.0,1.4680960635636966e-22,0.13968045171618965,0.0,0.0,hub,0.0,130,60.32522189318209,60.0,1.4680960635636966e-22,0.13968045171618965,WANDER,0.55,0,0,0,0,y_maze
131,2.62,60.328085507231,60.0,1.4617400123743894e-22,0.14318070244561926,0.0,0.0,hub,0.0,131,60.328085507231,60.0,1.4617400123743894e-22,0.14318070244561926,WANDER,0.55,0,0,0,0,y_maze
132,2.64,60.33099940716658,60.0,1.4661086750189108e-22,0.14569499677889192,0.0,0.0,hub,0.0,132,60.33099940716658,60.0,1.4661086750189108e-22,0.14569499677889192,WANDER,0.55,0,0,0,0,y_maze
133,2.66,60.333928674806465,60.0,1.4702775104707147e-22,0.14646338199418826,0.0,0.0,hub,0.0,133,60.333928674806465,60.0,1.4702775104707147e-22,0.14646338199418826,WANDER,0.55,0,0,0,0,y_maze
134,2.68,60.336826809114335,60.0,1.4742560105214556e-22,0.14490671539342817,0.0,0.0,hub,0.0,134,60.336826809114335,60.0,1.4742560105214556e-22,0.14490671539342817,WANDER,0.55,0,0,0,0,y_maze
135,2.7,60.33964036083365,60.0,1.483261323539753e-22,0.1406775859657626,0.0,0.0,hub,0.0,135,60.33964036083365,60.0,1.483261323539753e-22,0.1406775859657626,WANDER,0.55,0,0,0,0,y_maze
136,2.72,60.342340435084054,60.0,1.4918471173499285e-22,0.13500371252039195,0.0,0.0,hub,0.0,136,60.342340435084054,60.0,1.4918471173499285e-22,0.13500371252039195,WANDER,0.55,0,0,0,0,y_maze
137,2.74,60.34498992496186,60.0,1.500033319114368e-22,0.13247449389034036,0.0,0.0,hub,0.0,137,60.34498992496186,60.0,1.500033319114368e-22,0.13247449389034036,WANDER,0.55,0,0,0,0,y_maze
138,2.7600000000000002,60.34764252529473,60.0,1.507838909455244e-22,0.13263001664380206,0.0,0.0,hub,0.0,138,60.34764252529473,60.0,1.507838909455244e-22,0.13263001664380206,WANDER,0.55,0,0,0,0,y_maze
139,2.7800000000000002,60.3503385295017,60.0,1.5152819674151756e-22,0.13480021034840525,0.0,0.0,hub,0.0,139,60.3503385295017,60.0,1.5152819674151756e-22,0.13480021034840525,WANDER,0.55,0,0,0,0,y_maze
140,2.8000000000000003,60.353101801991336,60.0,1.5275878207193273e-22,0.1381636244817682,0.0,0.0,hub,0.0,140,60.353101801991336,60.0,1.5275878207193273e-22,0.1381636244817682,WANDER,0.55,0,0,0,0,y_maze
141,2.82,60.35593819920996,60.0,1.5393179280291287e-22,0.1418198609310458,0.0,0.0,hub,0.0,141,60.35593819920996,60.0,1.5393179280291287e-22,0.1418198609310458,WANDER,0.55,0,0,0,0,y_maze
142,2.84,60.35883558231554,60.0,1.5452915298422423e-22,0.1448691552793526,0.0,0.0,hub,0.0,142,60.35883558231554,60.0,1.5452915298422423e-22,0.1448691552793526,WANDER,0.55,0,0,0,0,y_maze
143,2.86,60.361765421481294,60.0,1.5509896187294805e-22,0.14649195828742403,0.0,0.0,hub,0.0,143,60.361765421481294,60.0,1.5509896187294805e-22,0.14649195828742403,WANDER,0.55,0,0,0,0,y_maze
144,2.88,60.36468584886294,60.0,1.5564252815548222e-22,0.14602136908241836,0.0,0.0,hub,0.0,144,60.36468584886294,60.0,1.5564252815548222e-22,0.14602136908241836,WANDER,0.55,0,0,0,0,y_maze
145,2.9,60.36754588713401,60.0,1.5590069298376727e-22,0.14300191355331968,0.0,0.0,hub,0.0,145,60.36754588713401,60.0,1.5590069298376727e-22,0.14300191355331968,WANDER,0.55,0,0,0,0,y_maze
146,2.92,60.37029047488756,60.0,1.5666820159857295e-22,0.13722938767776416,0.0,0.0,hub,0.0,146,60.37029047488756,60.0,1.5666820159857295e-22,0.13722938767776416,WANDER,0.55,0,0,0,0,y_maze
147,2.94,60.372957273779626,60.0,1.5792091505777452e-22,0.13333994460337803,0.0,0.0,hub,0.0,147,60.372957273779626,60.0,1.5792091505777452e-22,0.13333994460337803,WANDER,0.55,0,0,0,0,y_maze
148,2.96,60.37560464794801,60.0,1.5885462490343776e-22,0.1323687084191058,0.0,0.0,hub,0.0,148,60.37560464794801,60.0,1.5885462490343776e-22,0.1323687084191058,WANDER,0.55,0,0,0,0,y_maze
149,2.98,60.378279303579994,60.0,1.597448617351917e-22,0.13373278159932908,0.0,0.0,hub,0.0,149,60.378279303579994,60.0,1.597448617351917e-22,0.13373278159932908,WANDER,0.55,0,0,0,0,y_maze
150,3.0,60.38101269808682,60.0,1.6059369052119706e-22,0.13666972534125182,0.0,0.0,hub,0.0,150,60.38101269808682,60.0,1.6059369052119706e-22,0.13666972534125182,WANDER,0.55,0,0,0,0,y_maze
151,3.02,60.383818791383334,60.0,1.611426727717734e-22,0.1403046648254955,0.0,0.0,hub,0.0,151,60.383818791383334,60.0,1.611426727717734e-22,0.1403046648254955,WANDER,0.55,0,0,0,0,y_maze
152,3.04,60.38669334241514,60.0,1.616664291253396e-22,0.14372755159055903,0.0,0.0,hub,0.0,152,60.38669334241514,60.0,1.616664291253396e-22,0.14372755159055903,WANDER,0.55,0,0,0,0,y_maze
153,3.06,60.38961481526706,60.0,1.621661578120036e-22,0.14607364259585798,0.0,0.0,hub,0.0,153,60.38961481526706,60.0,1.621661578120036e-22,0.14607364259585798,WANDER,0.55,0,0,0,0,y_maze
154,3.08,60.392546814603726,60.0,1.6212218940223638e-22,0.14659996683322152,0.0,0.0,hub,0.0,154,60.392546814603726,60.0,1.6212218940223638e-22,0.14659996683322152,WANDER,0.55,0,0,0,0,y_maze
155,3.1,60.39544183281888,60.0,1.6129988924852993e-22,0.14475091075783603,0.0,0.0,hub,0.0,155,60.39544183281888,60.0,1.6129988924852993e-22,0.14475091075783603,WANDER,0.55,0,0,0,0,y_maze
156,3.12,60.39824597343857,60.0,1.6051736189267931e-22,0.14020703098427853,0.0,0.0,hub,0.0,156,60.39824597343857,60.0,1.6051736189267931e-22,0.14020703098427853,WANDER,0.55,0,0,0,0,y_maze
157,3.14,60.40094362784442,60.0,1.5977271812678638e-22,0.13488272029242218,0.0,0.0,hub,0.0,157,60.40094362784442,60.0,1.5977271812678638e-22,0.13488272029242218,WANDER,0.55,0,0,0,0,y_maze
158,3.16,60.40359691730743,60.0,1.5932456385218159e-22,0.1326644731505606,0.0,0.0,hub,0.0,158,60.40359691730743,60.0,1.5932456385218159e-22,0.1326644731505606,WANDER,0.55,0,0,0,0,y_maze
159,3.18,60.406258250874174,60.0,1.5889843789004278e-22,0.13306667833694472,0.0,0.0,hub,0.0,159,60.406258250874174,60.0,1.5889843789004278e-22,0.13306667833694472,WANDER,0.55,0,0,0,0,y_maze
160,3.2,60.408966235678896,60.0,1.587536992673813e-22,0.13539924023624447,0.0,0.0,hub,0.0,160,60.408966235678896,60.0,1.587536992673813e-22,0.13539924023624447,WANDER,0.55,0,0,0,0,y_maze
161,3.22,60.41174279884675,60.0,1.5861660415758596e-22,0.13882815839278181,0.0,0.0,hub,0.0,161,60.41174279884675,60.0,1.5861660415758596e-22,0.13882815839278181,WANDER,0.55,0,0,0,0,y_maze
162,3.24,60.41459178067114,60.0,1.5848678949379567e-22,0.14244909121934543,0.0,0.0,hub,0.0,162,60.41459178067114,60.0,1.5848678949379567e-22,0.14244909121934543,WANDER,0.55,0,0,0,0,y_maze
163,3.2600000000000002,60.417499126581,60.0,1.5836390945482515e-22,0.14536729549308866,0.0,0.0,hub,0.0,163,60.417499126581,60.0,1.5836390945482515e-22,0.14536729549308866,WANDER,0.55,0,0,0,0,y_maze
164,3.2800000000000002,60.420434661798815,60.0,1.587684453897024e-22,0.146776760890621,0.0,0.0,hub,0.0,164,60.420434661798815,60.0,1.587684453897024e-22,0.146776760890621,WANDER,0.55,0,0,0,0,y_maze
165,3.3000000000000003,60.423355290423125,60.0,1.5915458918369773e-22,0.1460314312155217,0.0,0.0,hub,0.0,165,60.423355290423125,60.0,1.5915458918369773e-22,0.1460314312155217,WANDER,0.55,0,0,0,0,y_maze
166,3.3200000000000003,60.42620933271617,60.0,1.59523214463503e-22,0.14270211465221846,0.0,0.0,hub,0.0,166,60.42620933271617,60.0,1.59523214463503e-22,0.14270211465221846,WANDER,0.55,0,0,0,0,y_maze
167,3.34,60.42894161212669,60.0,1.5987515335854226e-22,0.13661397052605592,0.0,0.0,hub,0.0,167,60.42894161212669,60.0,1.5987515335854226e-22,0.13661397052605592,WANDER,0.55,0,0,0,0,y_maze
168,3.36,60.43160304171553,60.0,1.6021119847209188e-22,0.13307147944216366,0.0,0.0,hub,0.0,168,60.43160304171553,60.0,1.6021119847209188e-22,0.13307147944216366,WANDER,0.55,0,0,0,0,y_maze
169,3.38,60.43425090299628,60.0,1.6053210475877263e-22,0.13239306403743462,0.0,0.0,hub,0.0,169,60.43425090299628,60.0,1.6053210475877263e-22,0.13239306403743462,WANDER,0.55,0,0,0,0,y_maze
170,3.4,60.43693036407649,60.0,1.6109899668471423e-22,0.13397305401040763,0.0,0.0,hub,0.0,170,60.43693036407649,60.0,1.6109899668471423e-22,0.13397305401040763,WANDER,0.55,0,0,0,0,y_maze
171,3.42,60.43967102377344,60.0,1.6163981200406582e-22,0.13703298484755147,0.0,0.0,hub,0.0,171,60.43967102377344,60.0,1.6163981200406582e-22,0.13703298484755147,WANDER,0.55,0,0,0,0,y_maze
172,3.44,60.44248482675788,60.0,1.6215578935564044e-22,0.14069014922174403,0.0,0.0,hub,0.0,172,60.44248482675788,60.0,1.6215578935564044e-22,0.14069014922174403,WANDER,0.55,0,0,0,0,y_maze
173,3.46,60.445365538147584,60.0,1.6316891928661442e-22,0.14403556948546845,0.0,0.0,hub,0.0,173,60.445365538147584,60.0,1.6316891928661442e-22,0.14403556948546845,WANDER,0.55,0,0,0,0,y_maze
174,3.48,60.448289825889255,60.0,1.6413483119349434e-22,0.14621438708366266,0.0,0.0,hub,0.0,174,60.448289825889255,60.0,1.6413483119349434e-22,0.14621438708366266,WANDER,0.55,0,0,0,0,y_maze
175,3.5,60.451219854845455,60.0,1.6505576793242467e-22,0.1465014478099132,0.0,0.0,hub,0.0,175,60.451219854845455,60.0,1.6505576793242467e-22,0.1465014478099132,WANDER,0.55,0,0,0,0,y_maze
176,3.52,60.45410716071206,60.0,1.6645467656758993e-22,0.1443652933303365,0.0,0.0,hub,0.0,176,60.45410716071206,60.0,1.6645467656758993e-22,0.1443652933303365,WANDER,0.55,0,0,0,0,y_maze
177,3.54,60.45689745692319,60.0,1.6778809757794704e-22,0.13951481055623946,0.0,0.0,hub,0.0,177,60.45689745692319,60.0,1.6778809757794704e-22,0.13951481055623946,WANDER,0.55,0,0,0,0,y_maze
178,3.56,60.45958843573103,60.0,1.6905914162567436e-22,0.13454894039204876,0.0,0.0,hub,0.0,178,60.45958843573103,60.0,1.6905914162567436e-22,0.13454894039204876,WANDER,0.55,0,0,0,0,y_maze
179,3.58,60.46224137473364,60.0,1.7027077161649683e-22,0.13264695013054495,0.0,0.0,hub,0.0,179,60.46224137473364,60.0,1.7027077161649683e-22,0.13264695013054495,WANDER,0.55,0,0,0,0,y_maze
180,3.6,60.46490733628638,60.0,1.7142580971811741e-22,0.13329807763712895,0.0,0.0,hub,0.0,180,60.46490733628638,60.0,1.7142580971811741e-22,0.13329807763712895,WANDER,0.55,0,0,0,0,y_maze
181,3.62,60.467623195816216,60.0,1.7278734941712666e-22,0.13579297649162436,0.0,0.0,hub,0.0,181,60.467623195816216,60.0,1.7278734941712666e-22,0.13579297649162436,WANDER,0.55,0,0,0,0,y_maze
182,3.64,60.470408916430586,60.0,1.7408520395966265e-22,0.13928603071836398,0.0,0.0,hub,0.0,182,60.470408916430586,60.0,1.7408520395966265e-22,0.13928603071836398,WANDER,0.55,0,0,0,0,y_maze
183,3.66,60.47326631578609,60.0,1.7532239839065787e-22,0.14286996777520786,0.0,0.0,hub,0.0,183,60.47326631578609,60.0,1.7532239839065787e-22,0.14286996777520786,WANDER,0.55,0,0,0,0,y_maze
184,3.68,60.47617943713064,60.0,1.7650181406541047e-22,0.14565606722751773,0.0,0.0,hub,0.0,184,60.47617943713064,60.0,1.7650181406541047e-22,0.14565606722751773,WANDER,0.55,0,0,0,0,y_maze
185,3.7,60.47911649233467,60.0,1.77626195474842e-22,0.146852760201408,0.0,0.0,hub,0.0,185,60.47911649233467,60.0,1.77626195474842e-22,0.146852760201408,WANDER,0.55,0,0,0,0,y_maze
186,3.72,60.48203320352124,60.0,1.7843775137470176e-22,0.14583555932864342,0.0,0.0,hub,0.0,186,60.48203320352124,60.0,1.7843775137470176e-22,0.14583555932864342,WANDER,0.55,0,0,0,0,y_maze
187,3.74,60.4848772442708,60.0,1.7921171890468036e-22,0.14220203747781665,0.0,0.0,hub,0.0,187,60.4848772442708,60.0,1.7921171890468036e-22,0.14220203747781665,WANDER,0.55,0,0,0,0,y_maze
188,3.7600000000000002,60.487593382594824,60.0,1.7994988351234717e-22,0.13580691620134897,0.0,0.0,hub,0.0,188,60.487593382594824,60.0,1.7994988351234717e-22,0.13580691620134897,WANDER,0.55,0,0,0,0,y_maze
189,3.7800000000000002,60.490245724574606,60.0,1.8091435120836546e-22,0.13261709898914129,0.0,0.0,hub,0.0,189,60.490245724574606,60.0,1.8091435120836546e-22,0.13261709898914129,WANDER,0.55,0,0,0,0,y_maze
190,3.8000000000000003,60.4928904036968,60.0,1.8209440003990603e-22,0.13223395610961614,0.0,0.0,hub,0.0,190,60.4928904036968,60.0,1.8209440003990603e-22,0.13223395610961614,WANDER,0.55,0,0,0,0,y_maze
191,3.8200000000000003,60.49557099815123,60.0,1.8269860123133866e-22,0.13402972272146702,0.0,0.0,hub,0.0,191,60.49557099815123,60.0,1.8269860123133866e-22,0.13402972272146702,WANDER,0.55,0,0,0,0,y_maze
192,3.84,60.49831521373414,60.0,1.8327506340154043e-22,0.13721077914533958,0.0,0.0,hub,0.0,192,60.49831521373414,60.0,1.8327506340154043e-22,0.13721077914533958,WANDER,0.55,0,0,0,0,y_maze
193,3.86,60.50113296517514,60.0,1.843459148977267e-22,0.14088757204994745,0.0,0.0,hub,0.0,193,60.50113296517514,60.0,1.843459148977267e-22,0.14088757204994745,WANDER,0.55,0,0,0,0,y_maze
194,3.88,60.50401602937953,60.0,1.8588772711464825e-22,0.14415321021952957,0.0,0.0,hub,0.0,194,60.50401602937953,60.0,1.8588772711464825e-22,0.14415321021952957,WANDER,0.55,0,0,0,0,y_maze
195,3.9,60.50693930287512,60.0,1.863157520746843e-22,0.14616367477958112,0.0,0.0,hub,0.0,195,60.50693930287512,60.0,1.863157520746843e-22,0.14616367477958112,WANDER,0.55,0,0,0,0,y_maze
196,3.92,60.50986355165335,60.0,1.8672440638448085e-22,0.14621243891173508,0.0,0.0,hub,0.0,196,60.50986355165335,60.0,1.8672440638448085e-22,0.14621243891173508,WANDER,0.55,0,0,0,0,y_maze
197,3.94,60.51273940753732,60.0,1.8633339403436383e-22,0.14379279419822896,0.0,0.0,hub,0.0,197,60.51273940753732,60.0,1.8633339403436383e-22,0.14379279419822896,WANDER,0.55,0,0,0,0,y_maze
198,3.96,60.51551225323163,60.0,1.859618329746371e-22,0.13864228471551499,0.0,0.0,hub,0.0,198,60.51551225323163,60.0,1.859618329746371e-22,0.13864228471551499,WANDER,0.55,0,0,0,0,y_maze
199,3.98,60.51819308337346,60.0,1.8508798852530017e-22,0.13404150709154936,0.0,0.0,hub,0.0,199,60.51819308337346,60.0,1.8508798852530017e-22,0.13404150709154936,WANDER,0.55,0,0,0,0,y_maze
200,4.0,60.52084226262388,60.0,1.8425647500333148e-22,0.13245896252089323,0.0,0.0,hub,0.0,200,60.52084226262388,60.0,1.8425647500333148e-22,0.13245896252089323,WANDER,0.55,0,0,0,0,y_maze
